value,interval_ms,id,delta,repeat_count,label
24.773616783399497,106.45966931587407,2,0.19467858999551169,0,0
23.92158189047178,107.24881862355667,3,0.14785244768160766,0,0
25.31398306996322,96.85877493852016,1,0.0,20,3
28.727808800407857,94.34216935134634,3,0.2967087975018572,0,0
24.493360594354343,111.81669288166574,99,0.8849221969131449,0,4
22.959996386025107,93.12050812905193,2,0.504045796930864,0,0
29.658798514463545,108.00305069015008,2,0.39749496610793145,0,0
30.459679201711804,93.21527557297777,3,0.11013381289412294,0,0
24.90373310023248,89.07658450382783,1,0.29955090257882944,0,0
29.156773420840935,109.2902277426422,2,0.19474707033092997,0,0
18.38894277218856,111.85620513061598,1,0.2560195030614629,0,0
21.397247150590616,95.438242347465,2,0.42963361228680697,0,0
28.53403275583408,107.95319774899393,2,0.19726890691091725,0,0
28.584186241888805,90.48768777886254,2,0.41418878205572796,0,0
20.82731807321005,100.70116442412913,77,5.46256579903347,0,4
20.999369065686196,8.871297750495936,3,0.8132138506126196,0,2
-78.69242257746382,103.77700698771977,2,257.6992140593221,0,1
24.39963746598761,104.46241341685055,1,0.38430398273386857,0,0
31.660203283367068,114.93353163460193,3,0.44886787576677634,0,0
22.01126914910422,101.86434261482755,3,0.3295831437516199,0,0
31.731554819574267,87.57921205837634,1,0.017015329367520593,1,0
22.5,87.17045151508172,1,0.2969706074341474,0,0
21.22112621365994,98.70506290938673,9,4.071429195847561,0,4
20.329185867639538,109.37353395161782,77,5.570590179356461,0,4
21.691607337641305,91.33377827674113,1,0.4997701023839767,0,0
27.893829606886293,100.99236466973896,99,0.13636421610737415,0,4
22.92211301779165,85.04695315574419,3,0.3854379390602709,0,0
25.757389324926805,91.43019638028927,77,3.6084249891844884,0,4
26.850623811686436,94.27972673074669,2,0.09060860078815836,0,0
27.120917074670324,113.157347187581,1,0.037618035604339184,1,0
26.33973408440442,88.43943409066529,42,2.6785042921843853,0,4
29.75659025309958,89.16879715746748,2,0.29764168720990725,0,0
29.965264977474842,90.568121918663,3,0.1343408759299045,0,0
28.07050269121126,112.54855106139874,2,0.26440004299919195,0,0
30.95853399512366,113.41262640926666,1,0.17258575880589433,0,0
29.109029285356016,109.37421463132515,2,0.09925733921361868,0,0
21.041577714344104,99.9343752410287,2,0.04644215754325742,2,0
17.262855086221094,93.91365146869525,1,0.2628550862210943,0,0
27.92736250381796,96.39879856779258,1,0.011667805924279406,1,0
29.307373363252058,100.04324421093732,3,0.34736581387126364,0,0
21.46247035616979,112.49467453346543,2,0.40052476553800886,0,0
32.03635588429398,111.1485053898655,1,0.14032118869706522,0,0
31.90471518570666,99.86377578708833,2,0.5952848142933398,0,0
21.144454073238734,110.51044003359686,3,0.3866158641797064,0,0
25.165483964196824,112.39689058837811,2,0.04603572252122845,1,0
21.67982360438991,94.75312046295097,2,0.2114130744905225,0,0
17.69379471322038,96.31852489313869,2,0.2769081228607426,0,0
26.464701500702517,109.85590778744526,3,0.5659950595399401,0,0
23.549693465659278,114.2761258835061,2,0.48631330226478653,0,0
212.04671322680974,93.26524059795986,3,18.138047550843964,0,1
23.805661329472162,91.52842073346477,1,0.0,27,3
23.336873914838634,107.78194787253891,1,0.2736603286456436,0,0
23.934627611750507,112.5026800935624,2,0.07902214489280723,0,0
29.860281003212457,91.80611548994483,2,0.2460414267159976,0,0
30.0,102.39211344819316,1,0.3120613155316434,0,0
25.31398306996322,88.38135048246727,3,0.0,6,3
32.02045452015878,110.88022210995668,1,0.3872264957728291,0,0
23.74653091653261,85.50499959581684,42,4.50438369144582,0,4
25.605087340779733,8.728794695023018,3,4.329113755045945,0,2
21.389871818177113,86.1825275536109,3,0.3487819207390821,0,0
28.675245675134093,98.96460917319098,2,0.2139763575584297,0,0
20.0,94.73314685905198,3,0.004666556149526713,2,0
23.0223513234249,96.25989723758806,3,0.1064778265575832,0,0
17.0,85.32987485975441,2,0.18170446602223578,0,0
27.06844357429098,113.12401563441233,42,0.7687800000479399,0,4
27.444883899492662,88.16928546610725,42,0.11816419948597812,0,4
26.864635605955865,106.62448949424747,2,0.10694248317628308,0,0
27.732611520799885,112.17963718776745,77,0.23422493993037818,0,4
30.569813014605927,100.93328267632467,2,0.23972746615033458,0,0
-51.55703322661058,102.89338746696534,3,13.349845432178633,0,1
26.088050281862355,90.43549837150249,1,0.5262357401677562,0,0
20.439993290381384,87.5406502562592,2,0.3491287515517847,0,0
24.443381499713716,102.90555630663277,3,0.3253494450197998,0,0
21.452023822565472,86.48843120016512,3,0.3150257318972898,0,0
22.143279850867817,85.87509290935793,2,0.08555757481628135,0,0
27.31904199013032,5.828808837420483,1,0.4508298302073577,0,2
20.577813624554693,96.8539272283451,1,0.1737991248267754,0,0
30.059954054110463,92.65261667264194,1,0.1968889454398024,0,0
22.71650098464655,107.70367668707192,1,0.4722119656719812,0,0
-89.46772011822317,93.25773593332949,3,33.482283268894676,0,1
20.639764468098186,94.377940747249,3,0.3120066539545192,0,0
23.82434146598105,94.3111266732436,1,0.07468193401424728,0,0
26.310657781676962,5.382681868965133,2,2.0701359295320394,0,2
22.43884302775664,93.30442923373917,3,0.4319710829360197,0,0
29.702732277728884,99.61048121548718,3,0.2827711920136373,0,0
-90.2366532404473,103.25152650449577,1,35.192758273470844,0,1
23.450332314013636,91.36243712432133,3,0.2216701966572039,0,0
22.9831315265724,90.88293138215178,2,0.02155073026549914,1,0
21.084812575664156,113.83837727102159,77,4.137480372039128,0,4
22.062281374301556,99.2619211559165,77,4.60773395250709,0,4
27.28206970444576,103.68223829132432,1,0.5871958475926036,0,0
21.562123378462886,100.83436324886863,1,0.45940378881369526,0,0
28.227134683549213,93.53624157030801,3,0.5691724261567117,0,0
22.2494493074072,109.84747757311655,1,0.006945063299639287,3,0
24.740581966428795,101.50679626468785,3,0.36719105973018884,0,0
179.00679148185827,92.65693650755696,1,276.32193208488957,0,1
22.04446367065663,2.7676576446402956,1,6.883842591975764,0,2
24.84440478694652,111.59141085880425,2,0.11066635871260644,0,0
29.86306510867066,96.31755957147087,3,0.5243391046904335,0,0
23.0589873471883,98.79401271307961,2,0.33691390328212734,0,0
23.4953102004256,104.31723871203295,1,0.46324093545690914,0,0
25.961460320398686,87.66788568265072,2,0.11891919012330376,0,0
25.276094548190255,94.70114686346562,3,0.36975921033750936,0,0
20.423497474764144,5.808763731724054,1,8.460016295711274,0,2
22.902477690333093,111.21095780399035,1,0.13508816201378337,0,0
25.62993597824258,105.86401620069586,3,0.1245927700688938,0,0
31.41261759232644,103.86715434770845,1,0.25201512882702914,0,0
22.89250607997953,111.90985868093233,3,0.30153470924852144,0,0
32.218404646299334,114.18569814131028,1,0.4235807628361634,0,0
31.123211072338833,93.22162622288643,2,0.062135140470832795,0,0
27.946131941682093,90.38953653866025,3,0.12859310822231862,0,0
31.370074220777344,90.47989146571041,1,0.24355879625357346,0,0
27.36139318972109,95.91176563407052,3,0.0821666425881844,0,0
23.616450730499395,102.52674366495154,2,0.0036819871584334862,1,0
27.993998663831107,94.98018959590972,3,0.32770816994053575,0,0
-57.902077279082576,91.49471701798352,1,293.6790672470305,0,1
23.16718751578992,111.9591678490331,1,0.0277897797811697,1,0
28.46898546543156,109.37240972871702,2,0.40451681462712585,0,0
26.345530742776006,102.17821698646067,1,0.41557074858695486,0,0
29.631853895298903,3.8154060261344966,3,7.215611177675058,0,2
20.17458633648567,86.88722428054072,3,0.5396124804784037,0,0
25.983322354067504,95.40876851132758,2,0.13858102355247937,0,0
20.43520185355763,100.02609860146497,2,0.0,20,3
17.0,93.55285506081542,2,0.0,2,0
20.148631086292383,110.70189839517693,2,0.05803320537739509,0,0
22.222340384283847,96.68304040233019,3,0.4286572359985392,0,0
24.319875924251573,86.70145414846677,9,0.5416930858025246,0,4
22.259783846551834,6.574950175174986,2,2.2124190054718085,0,2
31.281599116750797,102.55584356178562,3,0.13143421170487812,0,0
31.546826046566217,95.40280215760205,2,0.03686126625570907,1,0
22.657269627329622,95.48519116260456,1,0.13023272723576085,0,0
20.597977136441116,99.71363225559354,2,0.24726973756563808,0,0
28.593883592455093,93.7144481682683,2,0.3814975512559968,0,0
31.989900655709334,97.20637187874013,3,0.5878705946878497,0,0
24.05225782929334,0.879355798023288,1,3.5702354088349715,0,2
24.85999219981831,109.75925207268948,1,0.5219990532613323,0,0
250.04542943223095,111.03485506494798,1,16.79912920434873,0,1
29.701644645240858,7.431259727296707,2,7.829858555355955,0,2
23.722021461182706,91.14040327171853,2,0.0029521774246781263,1,0
24.735459476230492,95.02149897006308,2,0.1455509388595324,0,0
24.8897200013476,91.35394449644508,1,0.3292025003375336,0,0
-59.50641904793361,101.96330498696028,3,25.186148406137654,0,1
23.805661329472162,101.26125953661847,3,0.0,20,3
-58.98274924762348,99.84827625705907,3,29.290045714973864,0,1
22.122378937738794,88.76458890397453,2,0.3009235790532685,0,0
17.757409928758985,110.04790710397897,1,0.4327727111126123,0,0
24.54351092114324,105.40422315280901,1,0.23696575400314046,0,0
22.075868357517052,87.45815317114439,1,0.008363849809438051,1,0
26.59702939560257,97.86284523110513,1,0.0,4,3
22.097278046156628,88.90953964273872,3,0.4176237810311392,0,0
23.55796830630351,94.44799682376798,1,0.45465737509542237,0,0
25.667275672630634,104.23258310746479,3,0.5142666394729645,0,0
20.160137196015146,106.11571274902994,2,0.15925425449832176,0,0
21.12935614929428,88.31422339394184,3,0.3134674250780378,0,0
25.26986218326428,85.85555481733877,2,0.0,47,3
27.622467650167145,6.0358764858638665,2,5.573307325007146,0,2
18.638727585650628,100.60204063533432,3,0.22594670869270672,0,0
30.568354866951438,114.95851957493154,3,0.5389349482658972,0,0
27.893796334619246,2.09697422314921,3,1.0662705612196532,0,2
31.576344881623093,109.71405249761614,1,0.041064491917495616,1,0
23.91631955953817,8.135726601364556,3,3.2786969909394905,0,2
30.907783648814448,110.76441744024571,3,0.17943575721848504,0,0
208.79342102132284,88.17336720682201,1,33.42018728977445,0,1
27.71313633225014,4.409360227542499,2,4.235486123103861,0,2
22.49483586530782,112.28706830033762,2,0.0,1,3
28.848728405463085,9.819866953471513,3,2.158618158167698,0,2
18.4878546861791,91.66323431412191,3,0.09910679622146645,0,0
23.994548743448913,86.71260568267945,2,0.2763004661796131,0,0
24.53173411893882,99.98636269971146,2,0.0,5,3
26.928774427655206,88.4287385751057,3,0.3071238587484899,0,0
213.16070972904507,95.05147512815446,2,13.871885274836842,0,1
30.98765451154835,97.08918400370183,3,0.1770827693367103,0,0
24.093846484917997,88.0349685883931,1,0.2639961631529353,0,0
24.834142908972176,104.99565930079105,3,0.32787284961642627,0,0
17.412029631662786,98.0837958740595,2,0.06245661702237726,0,0
21.07505789045603,91.61953178865245,2,0.29257018267277246,0,0
22.580438940367156,94.73800321838951,2,0.0,29,3
25.833898703695723,5.0415941738325465,3,1.8563336841307532,0,2
26.82043853376914,92.43797349417422,1,0.5963749543726067,0,0
27.467941305332772,99.1097214381162,2,0.04374259288929494,1,0
28.35292374124899,114.52965936442124,2,0.5519170963820805,0,0
24.067017844403498,109.98491130364813,3,0.08609517977249936,0,0
25.236943322446884,9.83324989194721,2,0.5809882740676429,0,2
22.49483586530782,101.19116545979892,3,0.0,10,3
24.415186965108653,5.527305938092386,1,0.10412209165328079,0,2
26.18667366820191,94.98188429531137,3,0.4005780004683004,0,0
21.830125733161218,114.3192372397451,2,0.025751566465764597,1,0
23.961219650516526,6.069096759508829,2,4.996214800726598,0,2
25.378282791267488,102.73071964585965,9,1.6565683136981804,0,4
17.07780935991514,86.97125918285057,1,0.07780935991513971,0,0
20.38399037899694,103.74386196156176,1,0.37451569344190005,0,0
20.66795180343906,103.74102008219825,2,0.1913078962199002,0,0
28.631075806597195,85.55075151997671,1,0.1777225527132842,0,0
21.45406237104678,97.53282937825298,3,0.5605519383110042,0,0
22.959727602209668,101.10577439507856,2,0.4451218502051226,0,0
28.29132029648398,7.309376320925149,2,0.14259616680672593,0,2
21.773233213694454,91.9501510415033,2,0.5894023513643702,0,0
22.56817457176889,104.84572972438525,3,0.06817457176888908,0,0
200.07630965150787,90.7090933081369,2,5.02182611584081,0,1
21.930067085945943,98.14535839745034,3,0.06139195429964772,0,0
20.01822296709436,105.6435297761905,1,0.4100603391607507,0,0
28.41636597224474,108.35186843059634,2,0.10642676920321748,0,0
20.856373329844835,93.20221215792118,3,0.10221659719480058,0,0
28.66325055488157,104.1221383678355,3,0.08877021003808849,0,0
22.32863989790841,91.15841069859103,1,0.0,25,3
19.489665316377646,111.95662565581237,3,0.40604554308646357,0,0
23.463847170371896,102.00457370156894,77,3.356127302435439,0,4
28.815868872301493,103.55755447216346,2,0.184793065704298,0,0
23.062312214382967,93.99826209331067,2,0.008616498560609642,2,0
17.563163042742918,100.69293532510446,3,0.563163042742918,0,0
26.998252251493,106.75288056692952,1,0.2147345091368038,0,0
22.478224764642018,100.17090231344122,1,0.42560796909539533,0,0
30.16046081064295,93.1353335713361,3,0.0030355520419860227,1,0
28.349182504117657,106.01834489183355,2,0.23210655366757038,0,0
24.151145692445272,88.9470305538178,2,0.2797356268983364,0,0
21.668335148346877,113.72743045251451,1,0.05969490462853244,0,0
23.359023263981385,109.26398333503452,3,0.031135892281749733,1,0
24.266138107411493,106.49191335874298,2,0.03129453586067754,1,0
24.720504898937513,103.01749590961408,1,0.0772999053356962,0,0
21.22920373840515,108.26038451209406,2,0.4285488463927045,0,0
23.364855818778075,103.86164161076746,1,0.16560388225949652,0,0
20.9154901233867,111.81969130023612,1,0.3789301929143676,0,0
23.73120228642009,114.58530391851085,3,0.40015378380327604,0,0
24.583537209469704,113.7287585351614,2,0.07475617905349097,0,0
22.483966087339383,7.709876859157007,1,2.1959523816460482,0,2
31.16628761371487,114.6478634542956,3,0.3794734222353604,0,0
-64.72836521512986,85.55045985020898,2,4.1857755246780215,0,1
29.051338748441857,91.01931048871587,42,7.147816464838723,0,4
175.96881587477336,107.37766358476821,1,94.73192680356041,0,1
22.93578457369954,114.42962134488056,1,0.044789273921526984,1,0
20.775375827768205,103.20195174152309,3,0.279280169743398,0,0
23.219252084606055,101.99815776716389,2,0.385177220758969,0,0
24.301040828983375,113.84249858926148,3,0.5433639579631446,0,0
28.03981846409699,113.73938059746672,1,0.09368652241489528,0,0
31.767067240492732,106.67383931016862,3,0.578210441271505,0,0
23.002841153360436,98.0108299396114,3,0.1897811496992894,0,0
24.793217453493593,96.82571483799724,1,0.042826764547235996,2,0
28.07179770202491,6.746193562934385,3,1.5068878967508503,0,2
32.11434012833009,96.95924005589151,1,0.007179994988476324,1,0
20.92001888927041,107.22305853262614,1,0.45284768631354666,0,0
27.680772018803925,113.86175496824055,3,0.5122890745750368,0,0
25.31398306996322,91.04331893889045,1,0.0,19,3
20.106074233703193,8.685742977221958,2,5.613379390366827,0,2
31.53035079163802,95.44823846089574,2,0.4319225287692774,0,0
17.25545233173839,92.86792132899475,2,0.5625802379264577,0,0
17.970702836081124,92.27411510904189,1,0.03914071974602962,1,0
22.288509204084658,87.19255273078451,3,0.09874971963242984,0,0
27.861684214493714,93.09151012247617,42,1.5856836883455472,0,4
17.90176201672675,106.87021504122961,2,0.24822881261713903,0,0
24.876885327856833,100.14218426141055,1,0.019855812467113765,1,0
23.03969451392462,94.1657293197407,1,0.06456268885485272,0,0
17.281465042483266,102.70692000607261,2,0.2734258353240442,0,0
27.269135295037984,85.98476496457721,3,0.3733951246549587,0,0
29.024996007606575,96.03541543428403,3,0.2499888588935626,0,0
19.459832282321532,113.41745732151577,1,0.3753594807090046,0,0
24.817047485915584,97.58882148420432,2,0.5117565575474217,0,0
21.869095348270772,5.649336162308122,1,0.7640818359938706,0,2
24.538159137243703,6.487698375215259,1,0.08410485146535507,0,2
29.1475102379957,92.68764771667217,2,0.4313214994002621,0,0
23.395845581900055,104.1070695236423,3,0.1749868635437828,0,0
28.83175970614323,101.8314620610011,77,2.6790681027073546,0,4
29.147816350951565,110.87004749319195,2,0.26756946135645165,0,0
20.87840543426521,85.39030640277618,2,0.45504520510245783,0,0
21.964967265461233,104.91369058526767,2,0.5738119238694139,0,0
18.702284942462104,111.91647273859981,3,0.48827667863292135,0,0
-74.83647759497077,111.04445311762566,1,260.4086885804461,0,1
22.095609001449898,105.35980281480691,3,0.11562396660782781,0,0
24.53173411893882,113.26783520975684,2,0.0,6,3
21.384589151746702,91.61338012736257,1,0.5497416107033217,0,0
24.314057036697854,96.36254345322021,9,0.4474114686778137,0,4
24.986217324976508,112.2947092249618,2,0.2255984326698588,0,0
26.670015326808645,87.39391139678372,42,5.168676868508388,0,4
22.896461869530192,113.30071896129644,3,0.509887625033624,0,0
22.47438977637096,87.61051654908366,2,0.1591311255635155,0,0
23.146652916184884,106.8548180154232,3,0.4777832818291401,0,0
21.55580218538016,103.30022251238458,3,0.24795584385445224,0,0
27.803282883084925,88.44358835981838,1,0.5937756351645262,0,0
18.075069206471827,109.41385059120846,3,0.22856686045640728,0,0
22.640042954296934,106.88524685957191,2,0.07577915686178471,0,0
28.866455352525385,101.31633763483353,3,0.5447169963894396,0,0
31.392892285751728,90.589503295556,3,0.5932424247023356,0,0
31.31530681673897,97.96813863364505,2,0.44827152272713633,0,0
21.68658170197818,92.71188076567626,1,0.5404729099806218,0,0
22.359008666982884,86.5492539166827,42,1.5399389751471126,0,4
26.613304247014025,107.69353263966735,3,0.3791462735397424,0,0
26.359867949651598,106.52793296974528,3,0.08616046208926065,0,0
23.580981530108026,91.17940107630885,3,0.4518601610275752,0,0
-80.51720426484087,114.51537768542637,3,335.1381290612109,0,1
32.5,112.16406076412247,1,0.0,4,0
27.163303836647895,87.73108944836325,3,0.4975013222660962,0,0
26.346259682980936,92.14869011659275,3,0.37197449242016845,0,0
22.226940117294188,88.38731016576628,77,1.1698442599980687,0,4
286.80966793145836,88.10811608708656,3,347.3059615832946,0,1
17.380932274086128,95.25452055093628,1,0.3809322740861276,0,0
22.118190962861604,94.11827536765082,3,0.23496153643646167,0,0
24.613130129774465,92.7941074319248,2,0.15817623242000067,0,0
22.292572749405924,105.87922618281094,2,0.40317614461464757,0,0
28.331139310069265,91.10606567445414,2,0.04460318592483503,1,0
32.23183483819983,101.77905616230481,1,0.09808310291690958,0,0
23.326194754874244,92.98304105611926,2,0.15448081807199188,0,0
278.10012352445534,114.13523215419875,3,96.11799417543367,0,1
29.37889054352964,89.72983080390723,3,0.2335038017487001,0,0
22.59097137073101,96.1069655705373,2,0.49110323332439165,0,0
24.53173411893882,109.11877348272837,3,0.0,18,3
-83.51439122928983,111.54173509943695,3,29.71611585080256,0,1
29.066531999477302,105.31902059006978,3,0.04891875756065289,1,0
21.606774686696383,113.95046108363415,1,0.5818671789426304,0,0
24.036632475048517,98.26198639354226,3,0.4266762190139062,0,0
32.17732139158015,86.43902675738428,2,0.03539390520920449,1,0
22.38641439649888,112.71194187630329,1,0.39978170615330555,0,0
30.987157475284423,87.0377861266848,2,0.25017390376420323,0,0
30.0,92.40896237401188,2,0.011461083916859849,2,0
22.745540880214552,106.68442909625452,3,0.43216763201932196,0,0
30.732358493691052,90.37539023875968,3,0.18182642904521273,0,0
20.803231056895335,105.83866862321429,77,2.971241801404407,0,4
25.624489412714187,88.71281998252033,42,0.9630680571110339,0,4
24.340025877452938,105.49526689719454,1,0.42541852309290107,0,0
29.27102032153441,88.22083355352004,2,0.1990363057485922,0,0
25.31398306996322,105.33994045727754,2,0.0,7,3
25.656649068882764,86.85839555736963,1,0.3224965576350165,0,0
23.49379395494773,108.76009378390589,2,0.09168666174436169,0,0
32.09939979127454,111.40755319845061,1,0.5746272182138839,0,0
30.176986134509015,87.69634840301914,2,0.4816642281727894,0,0
27.995948531546446,100.27735751508625,2,0.49166197428933245,0,0
20.765585103872702,111.40470213764455,2,0.0332618350044207,1,0
25.296959939050467,101.96247819257614,1,0.08939320887378699,0,0
17.140437694095795,99.43420305564453,2,0.41476474167095745,0,0
23.150495858671672,112.54717260026311,2,0.3700884651182079,0,0
25.192634144878443,100.17601895586066,99,2.764651499601719,0,4
21.643990227203094,93.52488417114623,42,1.0117468346967584,0,4
24.058008570987667,111.09717801670962,1,0.2666005205224131,0,0
26.206159032892664,88.78345967126232,1,0.09079830359690533,0,0
29.918111030602883,90.66610560288564,2,0.38746568195220377,0,0
23.218075623888943,100.74016920056867,3,0.19891828831844194,0,0
28.299579189553185,2.4048404737334312,1,4.324355898481027,0,2
21.277548810618033,109.31811544780483,1,0.034301041724930315,1,0
23.951491084976368,6.711001682948868,2,1.9070274143197388,0,2
21.59804499704526,85.41236662034036,2,0.28646778087188096,0,0
26.155217508924927,102.63109685024429,3,0.36110122460645044,0,0
30.935183074196463,110.15013461780156,3,0.4673049755176102,0,0
24.53173411893882,91.30158760537915,2,0.0,21,3
24.946399583663975,88.09125080292948,3,0.38787163109579836,0,0
29.59008443608726,100.4576609233773,99,2.9334360866606417,0,4
20.61296183758563,87.68233006936778,1,0.3436140172986626,0,0
22.230662761038836,111.19968747582423,2,0.2266623624601074,0,0
20.596488159985686,92.02610112779003,1,0.13076055704712175,0,0
22.871999199740603,112.91195260507976,1,0.3807663746558845,0,0
22.091088696014406,97.96348710405788,1,0.4412677833661114,0,0
-98.4271402376987,99.21055781210114,3,380.6471549696321,0,1
21.296096509489022,91.43219448979494,3,0.3019484875562384,0,0
25.12150893680116,98.90482131401717,2,0.1433884152115361,0,0
29.31788543051174,5.468379427821242,2,8.544738561685197,0,2
22.80637417582659,100.93882055052796,2,0.3028774587645451,0,0
24.846394827300717,109.90531728998762,2,0.017586123438697143,1,0
-93.88735300632761,93.46127064369013,3,43.758099637198875,0,1
23.953996809378935,100.55478924826721,2,0.5306225453875655,0,0
32.5,100.2966984461683,3,0.2308676730202066,0,0
23.896499955324877,102.32060203659003,2,0.4011897548992778,0,0
21.363234931527742,113.60897823489069,1,0.5467793607197855,0,0
26.697870031774187,3.0543895666536764,1,1.339679443917717,0,2
22.19418456919514,89.53740486204804,2,0.46308505813448164,0,0
27.26278767726204,113.97311331652861,2,0.570293442340752,0,0
28.829261188948628,5.936312261700287,2,5.404261258867255,0,2
31.358261749977707,112.1596548512827,3,0.03876523661779885,1,0
24.7221709274341,86.03293925719943,2,0.5747890116163674,0,0
21.760670360376576,99.46636845268628,2,0.0,7,3
23.3702055786388,113.65345621875105,3,0.5132202296904751,0,0
21.01855059855916,113.22070563169694,2,0.014506292038397817,1,0
22.40997167425215,101.32761898341093,1,0.5192526097593131,0,0
20.11385851214027,111.27799066558615,1,0.4699195527400519,0,0
28.27310635829761,110.93977341669675,1,0.45470244211024635,0,0
27.04123813835277,86.92284133108527,3,0.21224673099309044,0,0
26.512582387442862,108.62046545229121,3,0.06845710343068134,0,0
25.400108377186534,101.14660305605426,2,0.2549865607394892,0,0
30.07318154187547,90.09275494621407,2,0.5383848970835885,0,0
25.734702717155034,105.88664308363818,2,0.4428824974478687,0,0
20.474887137041925,95.80151397702934,3,0.5421767851280457,0,0
24.350632950035745,94.68429380343551,1,0.004959410302124212,1,0
22.70933240166486,109.0963636973228,3,0.2124453778584119,0,0
24.38726959447636,106.44088267019866,3,0.09075356873563933,0,0
22.43159998971239,103.85041352648334,2,0.555279100633367,0,0
20.30649581073706,111.58513882167979,1,0.41545955338413876,0,0
31.47413201207106,90.1836895564739,2,0.4385694092529775,0,0
21.760670360376576,104.36471617499059,2,0.0,8,3
17.100070153719344,97.02554250290919,1,0.10007015371934358,0,0
23.241645910730504,107.45826125745498,2,0.24970659180263155,0,0
26.05854625068598,93.68318564858464,3,0.4393218544534001,0,0
21.88076988076983,109.94120543157129,2,0.5236309088560276,0,0
21.374154998264682,86.96444145490658,99,3.9761371294231544,0,4
286.3561411971354,85.96193564452514,2,350.72724403477235,0,1
30.604101060984384,95.80426342416814,3,0.014603947120665595,1,0
30.298641348006225,102.9204790293356,2,0.0210582355426574,1,0
23.665641074522252,105.63888520356127,3,0.28155632025558575,0,0
18.091844551194384,104.4763090634819,3,0.45896850386747445,0,0
-73.04003323363492,113.32996707244875,1,3.333435000820046,0,1
248.95972983911355,113.36099117888162,3,70.70769884569603,0,1
26.80554847644482,2.8509434302627055,1,3.070862756614332,0,2
268.61322550112243,87.88751749713177,3,99.86117198375098,0,1
23.10899822556982,97.66102780382917,2,0.5859520671229141,0,0
24.80344626650823,105.02780156690754,3,0.2075602061241142,0,0
18.430752167989574,109.06590942262119,1,0.43089093003028367,0,0
29.91647159225438,93.89044230641743,1,0.2430087960087981,0,0
20.6078184248467,88.24367821888184,42,6.831063016339492,0,4
-52.05163269213769,100.9719606168074,1,30.0904878290509,0,1
24.327482431336893,104.3186973834284,2,0.07217323234339901,0,0
29.61239434527834,86.7560980024015,2,0.4475597088321237,0,0
20.60744315484889,105.3894184807921,2,0.13880802340838372,0,0
20.43520185355763,95.67062169683123,2,0.0,1,3
24.18393754682497,103.42272213927106,2,0.12592897583730434,0,0
20.689632263939963,109.6172931800155,3,0.13136131603994627,0,0
19.123479011605816,88.3015577358303,2,0.21839583003376362,0,0
26.130223311331864,91.04585134018939,1,0.42068943361813993,0,0
31.04431134675619,94.16144445905391,1,0.10090016048074091,0,0
28.774075807740676,103.12778547960775,2,0.12781467038786332,0,0
25.381991253079644,98.2368900727515,3,0.3527114640753908,0,0
20.250251015638668,5.921119734177926,1,8.019695083411335,0,2
17.0,89.58577417552996,3,0.12934654390360123,0,0
188.55084652114158,103.44802533751442,1,23.50787564930573,0,1
-63.281326066161306,109.85615727781148,2,28.096217255185273,0,1
29.347295435086732,96.99158652923282,2,0.03760794388393052,1,0
30.462061756985282,98.59044251140566,3,0.05774407797818171,0,0
27.438917789672,90.02864691521754,2,0.216458249390314,0,0
197.71987970002363,91.18875445217091,2,288.3106712416263,0,1
23.619852804184298,89.20134436402687,1,0.5883595740923475,0,0
18.823994606464147,110.47586954695959,3,0.2307318774214231,0,0
23.018637353974245,85.90060677152009,1,0.05264734926403847,0,0
20.90271961601961,105.84859358029144,3,0.28660508098696624,0,0
27.0,99.4456705453765,2,0.0,1,0
20.43520185355763,98.14367041242589,2,0.0,17,3
20.43520185355763,91.84367209960985,1,0.0,23,3
28.755763666677144,100.45413020383302,77,5.068523613919215,0,4
25.003423005158915,95.06220440489041,1,0.4978105798219872,0,0
23.262636874062824,113.2571676178126,1,0.4580507635663018,0,0
31.143113780436817,96.95798988155367,3,0.535991804393781,0,0
21.862995121707797,90.863740011052,1,0.04147106298757208,1,0
22.566268039152277,6.875356657711229,1,0.7104656713167223,0,2
27.021095015221455,109.15280130398578,2,0.5264631623734353,0,0
24.20888661571078,110.6088978558387,1,0.0881995019222579,0,0
24.35661918162513,100.18419558083933,1,0.4730441756726407,0,0
26.020536729270454,6.532060273236747,2,2.583769951614972,0,2
26.72224015586725,86.21001556415357,2,0.13994637379833108,0,0
26.713823958516496,106.29355150671918,3,0.4314035707498789,0,0
24.812569771975397,102.63308082586595,2,0.08624672547262335,0,0
182.51458020156002,92.1478724001979,3,257.39465380938327,0,1
22.521040586517493,101.80504550385525,3,0.5560733210562603,0,0
25.002356316490406,94.70830657448624,2,0.573451738165204,0,0
29.399889198433684,92.0345202034951,2,0.1964247269940529,0,0
20.83484754104338,106.94459079109347,3,0.0029127445996515178,1,0
21.279519347980177,90.06500819957711,3,0.32702711011505414,0,0
20.92781639637943,94.90645194614493,3,0.4023523758812466,0,0
18.84708546143207,106.84649045835579,2,0.3148349472091212,0,0
22.18600190771712,93.57122702982672,1,0.3908531418727996,0,0
20.44721929151968,91.14738941579617,42,5.966448900733344,0,4
24.41013565006378,112.27097561996924,3,0.25898995761850685,0,0
24.40096514271491,105.35499904877913,3,0.1337563334707923,0,0
31.313855702363295,97.80021941847414,1,0.3637489994148453,0,0
22.04516733887597,105.5159935550603,3,0.5204993076017637,0,0
26.17903565566434,105.83156357534624,77,4.180432682922351,0,4
21.80798648846701,104.21845550646663,2,0.30319162101709907,0,0
22.460914536253696,113.12164199491357,3,0.5816036874294106,0,0
20.79915109346607,0.5052647535599122,3,1.026820217404925,0,2
28.452881080201294,7.115286582905168,2,6.949422332883628,0,2
23.672939476151683,102.58005182052135,9,5.680883131176181,0,4
27.333788309019518,112.96401746194849,2,0.5133497752503793,0,0
24.53173411893882,98.65550042002785,3,0.0,28,3
-96.35414940364973,102.88414185089604,1,33.190270728719554,0,1
31.361784037836284,89.81181625018435,2,0.4600419576370953,0,0
23.146182497190942,91.5367766276497,1,0.16248752616295192,0,0
19.001170189223714,106.74300314586284,3,0.1921500434783212,0,0
25.84228165384253,106.55593954366738,3,0.46880001107028946,0,0
30.16813903242578,106.877992175099,2,0.5294447801464344,0,0
29.899231424207287,93.36612546973669,77,4.853451395234998,0,4
21.639183185560714,92.12449915508152,2,0.3639741632246114,0,0
20.75538002569768,95.52926871778274,2,0.3468487250424559,0,0
20.004666556149527,106.26296897036964,2,0.004666556149526713,1,0
22.376336344360436,87.56042394981304,3,0.14746857098279875,0,0
21.57429322732486,94.23457450078358,2,0.5992824733982438,0,0
21.128843581935676,105.65894887923626,3,0.15411174793750604,0,0
23.256745989484763,107.87340876024605,3,0.05521210656036146,0,0
23.617622811902134,108.33728220245611,3,0.017679909188853316,1,0
22.77047150001377,95.81280481424459,3,0.5730889330055327,0,0
32.08223917777764,91.84992509779931,2,0.33196808924714816,0,0
24.17259176797941,90.77479451907482,3,0.06068476144963597,0,0
26.502124183343742,96.5679277754,1,0.4978758166562578,0,0
23.903375110443278,107.5503930109427,2,0.46390751540273456,0,0
24.047178542830366,113.85287435036406,2,0.1284590820103766,0,0
20.712000984744982,111.61612942773675,9,1.2845958817447993,0,4
-55.04389496697645,107.96055981758961,2,12.284434070633537,0,1
21.361228919273863,90.40475943197858,1,0.36112646584971486,0,0
25.795320944480977,96.12921137776507,3,0.13360998749727315,0,0
23.05264301607436,91.66954627642679,77,1.082292151394725,0,4
26.58229378206892,91.77368656451887,1,0.031010464945104843,1,0
23.755771291711973,101.3525023857967,1,0.5159061157747971,0,0
26.554083735509494,90.04423257684242,3,0.3105518704463712,0,0
26.456469890899616,103.40913708968151,3,0.23067491364822246,0,0
18.684559968020572,111.0579738456838,3,0.2571454964617672,0,0
17.0,109.29623337563905,3,0.0,2,0
25.267250164737888,110.44882797925655,77,0.1941945398958822,0,4
31.623876072845697,108.60870431437124,1,0.10115570605808699,0,0
195.41330559269298,110.94411426220512,3,249.65071139115506,0,1
30.61972556257722,102.9471327955569,1,0.5495462447088677,0,0
21.632136725221155,87.93502481953004,2,0.030991405095210922,1,0
23.540667353342737,87.30915008142622,1,0.37449554302161303,0,0
23.712905424558823,89.31603899029989,2,0.4883791088847893,0,0
21.100641186176656,89.56312849666818,2,0.18515106278995574,0,0
22.926162209800395,111.23194095124992,3,0.362164336293997,0,0
22.7452429150925,89.61687719019565,3,0.235224741664549,0,0
25.3937149294286,104.64721369443578,3,0.5528496658191706,0,0
25.587401995515965,89.63562489971557,1,0.5009134103576685,0,0
24.02430725647792,2.2858467847223216,3,0.5317181185387021,0,2
20.0,109.36951998142357,3,0.0,1,0
-51.1480623191779,107.91991147958629,1,6.71719046968402,0,1
-71.91638964502212,90.02102592179953,2,24.073224964291583,0,1
25.118388017169256,108.7492021654919,1,0.007215383827809063,1,0
19.083885333179904,86.01837935757396,3,0.4985859571056501,0,0
23.090928612459436,89.06062246833056,1,0.13227017937316887,0,0
24.42144942946088,114.8689332849665,3,0.3460369217161663,0,0
23.244831115044494,112.41365331619778,3,0.2306450019831061,0,0
240.19625457220562,112.96917048234639,2,331.80161998195496,0,1
27.571666254125198,1.4826340831632416,2,2.3292062022025135,0,2
20.37894362883996,6.373743801314549,1,7.414847154193247,0,2
22.32863989790841,106.79676361672786,3,0.0,22,3
20.335438018188718,92.57758020054173,1,0.335438018188718,0,0
26.77375346729679,7.413679314621554,2,3.1107220146733994,0,2
23.938594630363706,106.68120873094685,3,0.2252664509166742,0,0
24.539870222419896,87.52639033531295,1,0.020726603705170987,1,0
25.431261630863794,96.16735885558214,3,0.5301986895348918,0,0
32.358837517500056,113.03674217629845,2,0.14116248249994356,0,0
20.0,94.03526760992077,1,0.0,1,0
21.236039957297294,108.00546693453319,2,0.537078151588851,0,0
20.0,104.34270179770279,3,0.1671154598176372,0,0
23.565754992828726,91.97873338028124,42,0.5891099335355854,0,4
20.48366175814032,102.3135124716372,3,0.43399786163892173,0,0
27.37765513109239,89.50072538339542,77,3.059979749106809,0,4
21.9063251924227,104.76152916181067,2,0.5610678647433751,0,0
27.55461713098246,101.20004689346156,3,0.0,9,3
26.383232725486543,90.2375195402908,2,0.4929574932586398,0,0
-96.23225518855541,100.80889197476475,1,29.49246036260878,0,1
21.980797305601012,5.695235544472219,1,3.8531013980947115,0,2
23.34000718826594,86.07427883253192,9,1.4075434294204356,0,4
26.309104308617446,91.33764192431745,99,3.3248294750810423,0,4
19.225799696397814,93.24111445143676,3,0.5085129384317213,0,0
24.271811624083718,92.17076910411008,99,0.4377568998265815,0,4
30.901742080199188,110.21607639847582,1,0.05224125404894764,0,0
23.7566595274145,110.00949885812757,1,0.3142821751258431,0,0
30.848150967625887,91.93108413841179,1,0.490785831740979,0,0
29.620578248983065,101.6973528550646,1,0.19806718680795754,0,0
31.196652395016667,99.47615222400017,2,0.31333270618230813,0,0
27.908889431859524,105.71845600452481,2,0.0,27,3
23.958303194830886,94.2186989477886,2,0.25815251764569425,0,0
23.61643648984978,106.96713742276863,1,0.005016632821753575,1,0
19.150770603546686,96.97008111610391,1,0.10953052289391607,0,0
30.867035294011835,105.3670906257912,1,0.041027870170342595,1,0
23.887951189614025,1.6314505472888783,2,5.69948177947035,0,2
22.580438940367156,114.21520794925644,2,0.0,23,3
22.503290892984765,101.75927189351276,2,0.45239604585150417,0,0
20.709775222328982,96.97997740597668,3,0.3304111228298794,0,0
20.666305016328245,109.25217216681072,2,0.14281047159791882,0,0
25.41459616880111,104.83795918795275,3,0.3253632578049874,0,0
25.31398306996322,99.69682426392475,2,0.0,23,3
168.1707860773352,109.78807717523878,1,106.75657016138115,0,1
21.64956446823783,90.2193219856541,1,0.04342821039074707,1,0
24.39901315079631,113.65525481434398,2,0.30591904774206213,0,0
22.3160204758892,107.62794920041068,2,0.12905017652462547,0,0
26.802334860093953,87.0104961325363,1,0.1976651399060465,0,0
31.454208452094523,90.43750766654657,3,0.3540874574173962,0,0
23.95855113588251,108.03293853143013,3,0.3695487937308215,0,0
30.459636999270536,101.96934647154366,1,0.4481466495439115,0,0
20.55002905528113,100.3338741771169,1,0.599838368394618,0,0
28.614748123426942,88.35183482068187,2,0.0,9,3
27.02329061238912,106.84313477103227,2,0.2578271690404925,0,0
21.760670360376576,92.48353800857296,1,0.0,25,3
26.275964998901486,86.132419509023,2,0.29021019880982735,0,0
20.798649584242515,104.27257834618948,1,0.5153175031194834,0,0
23.1525625737483,5.373127108462772,1,4.639468793902779,0,2
23.202810432081904,97.08356602139484,3,0.03277307477087277,1,0
23.235034164175673,113.95356089308137,2,0.5839561475506159,0,0
20.276898867587754,1.8249219048192247,2,7.7024148075254,0,2
28.53712172561905,90.77744897375584,3,0.44553238574538767,0,0
20.43520185355763,86.04996523791957,1,0.0,11,3
21.114367720781402,105.70226062566394,1,0.36451886197457384,0,0
17.0,95.89246889195906,2,0.02220079710066969,1,0
25.21106120775707,99.78948131374267,2,0.4178437542634761,0,0
-94.38942303763636,106.45005906693065,2,376.405423118597,0,1
29.69194585802287,110.68855384140286,3,0.18143725451441384,0,0
24.739610104528115,102.85689198158205,2,0.06283936538068247,0,0
23.963733922412928,86.33764278202432,2,0.5524401295465573,0,0
22.3317832936702,97.78250151671115,3,0.03244975669398187,1,0
25.634632801086347,96.19367855267151,2,0.21303793666042026,0,0
27.252880430622167,91.46827189246571,2,0.28410026509587283,0,0
21.294420316301068,91.06047005207469,3,0.43114616634148817,0,0
-61.89144472581611,103.39819807979603,1,3.4372631733702192,0,1
30.22409364780008,110.36878900345056,1,0.5454161502332688,0,0
31.02250441161772,101.31287367755968,2,0.06032950728947384,0,0
26.55392160521315,106.73267020807945,3,0.4388726845281532,0,0
24.33005462101644,97.8131513608103,2,0.5485617990477536,0,0
-70.54805296958298,109.52396033532884,2,15.800005386104644,0,1
23.854429853001644,94.75633588828634,2,0.08765064074281881,0,0
30.990232472757384,113.45968473119694,3,0.537181479828476,0,0
25.993003890163724,90.61325268751759,42,0.34026743348710653,0,4
20.57444682664006,101.36850367947805,2,0.05009653141017978,0,0
31.636231327830714,98.93208718961938,1,0.5753038477654222,0,0
22.228949545140118,99.54088861390142,3,0.050039230165612736,0,0
23.805661329472162,86.70858601887043,2,0.0,3,3
25.005345722561163,100.59321845668053,1,0.3962905138949502,0,0
23.857636423630584,91.0045073273443,3,0.36070403893089775,0,0
23.201190585764586,100.21704426065178,3,0.22061267402790108,0,0
23.655656517302507,107.7845970756492,3,0.3155386542138743,0,0
22.094283861389336,9.514375436544906,3,3.3138389634350176,0,2
21.98114956260747,99.58391455644772,3,0.48746816849158137,0,0
20.657902420164252,8.192120902075583,1,8.888271294876287,0,2
21.096604359858837,111.82298608318477,1,0.0003661876254170693,1,0
-67.32832903760999,107.86697686132578,1,16.065176242690775,0,1
29.04310717414159,99.85167836963754,3,0.28185208626511127,0,0
18.290247047876903,86.90675050858071,3,0.2029223701768217,0,0
27.874138794638103,101.53952171988442,2,0.18012544362312255,0,0
26.658677931948027,101.70856274992525,3,0.10612026769970839,0,0
24.403786474368292,99.63700585837906,1,0.062297415260307076,0,0
20.517029998406702,108.02785354759529,42,0.3815491815937655,0,4
19.998736309578124,106.0290739437736,2,0.49907183266200406,0,0
20.81351623716066,85.54665476954649,3,0.4790663983470864,0,0
27.29735311143042,109.32191395691238,2,0.2973322389232571,0,0
27.098009320691403,5.371097847584589,3,0.4001392889172166,0,2
29.326299657393598,8.99795181372438,2,3.0780682364592202,0,2
22.772179899830306,95.62193687065282,2,0.38576550333142734,0,0
23.927061266525737,107.92286759736638,1,0.44344940263106025,0,0
27.22658650711271,108.71222427648964,1,0.2481486052761781,0,0
21.27193225531119,112.23696381338858,3,0.3511141395460591,0,0
27.2120025113428,88.31629498925741,3,0.5314811058657867,0,0
17.99267109816655,90.23099287014975,1,0.1742073484913398,0,0
29.67066220913649,89.97633773987606,1,0.4697460774676472,0,0
25.728538353895196,85.27261104853649,2,0.28698090484549255,0,0
26.59702939560257,95.25506376283008,2,0.0,15,3
21.993281097789186,112.184297642973,1,0.42861510839850325,0,0
22.195337435076482,86.87959610366063,1,0.559663679780062,0,0
26.088315405873633,102.35625454610594,3,0.5340404317922136,0,0
22.404346846377205,96.0715906528275,2,0.052516189253349665,0,0
19.43925395015459,85.79100923491757,3,0.5457375958725734,0,0
-50.491739387229735,99.67816677692825,1,287.412987991286,0,1
-69.93161865049669,98.56548056085083,2,8.07439254531527,0,1
27.208306139628416,105.0823619276093,3,0.20045970364515142,0,0
160.8465862159187,87.50132688695885,1,233.32506681856268,0,1
21.765541922428405,104.04985210662771,99,0.9382238492183532,0,4
21.21821081169736,92.56723060520085,1,0.5027118403674642,0,0
31.47575278473777,110.68897980148351,2,0.16189708237447675,0,0
23.303510661504585,88.79110425841016,1,0.5372793648075671,0,0
27.441160673004937,93.22408501575815,3,0.5795339059442668,0,0
32.5,96.24893647223588,1,0.0,1,0
27.879778395552,114.33561080505345,1,0.10071519550957575,0,0
21.183830862330083,90.01101838276226,1,0.13609366705284742,0,0
23.805661329472162,97.94662869859322,3,0.0,5,3
22.427982645276725,114.17768610254672,77,2.3055591480512874,0,4
20.0,85.25354488187382,3,0.0,5,0
24.742174361041137,113.79237164385907,2,0.40498672164305205,0,0
26.830953379554025,90.69808409372683,1,0.0405820906469323,1,0
22.46649543762284,105.25692512686112,1,0.29002095479018664,0,0
24.3302697809037,98.25501114405864,1,0.5038731280684772,0,0
25.915408508990556,100.17794962958675,1,0.1928336792285208,0,0
20.756446806573496,4.896891243388674,3,7.144648316097449,0,2
17.0,107.3183887771803,1,0.19876826245466717,0,0
17.977384857163283,109.24361138693251,3,0.5156371828110871,0,0
18.42208904062174,114.15346248162882,1,0.16364447714484598,0,0
22.169987828234923,102.15317056144967,3,0.45477468033871915,0,0
24.447077441952434,111.78387818769657,3,0.49467554639952027,0,0
26.66276794299093,104.18159264362293,3,0.16305473179019359,0,0
27.493282557078487,90.33507807481662,77,1.5580561913633701,0,4
30.945819859640633,109.86789673579037,2,0.5106351859762732,0,0
27.55461713098246,103.95946278949918,2,0.0,24,3
29.291814722105954,105.40329095299832,3,0.21783123586397934,0,0
31.402030061021485,109.52597247874363,2,0.5467256820368078,0,0
26.165094520534655,105.72651929652469,1,0.0004313354586713558,1,0
23.36794363303849,95.5070984298123,3,0.1788967224226603,0,0
17.329244621408087,110.67089404318857,2,0.2667203182267919,0,0
21.107770498603927,103.46262339462507,2,0.08820030330976536,0,0
23.03197582732551,106.7577298124541,2,0.07366149697249114,0,0
20.0,95.37485710928782,2,0.0,4,0
22.131804215002663,101.43878466921079,1,0.4683165615869953,0,0
23.431763870323312,6.919955159876699,2,3.052820241483353,0,2
24.49672217731078,108.51279527452321,1,0.5179761596280485,0,0
24.102628378467983,112.28693282140904,2,0.5797046400940715,0,0
24.46216482668831,94.97368471446136,3,0.2225326598662818,0,0
21.998120574990512,105.85105686575659,1,0.5306633268043583,0,0
20.932875475999342,110.63705992097923,2,0.2633519612039663,0,0
236.5383207899465,93.89528500426394,2,327.81102661477166,0,1
20.166426209271318,98.20457481218804,2,0.22107963181458956,0,0
24.521398218182902,97.3343300943996,1,0.3437485746115918,0,0
23.46083073913252,113.57160257196173,3,0.4352399607413169,0,0
26.254835131746454,114.07965436852537,2,0.10145173591135048,0,0
25.956934958135683,87.80767396217267,77,2.428090295100688,0,4
23.778149125886127,95.48422358597877,3,0.40055935582950397,0,0
27.77642569677689,5.181114513228708,1,7.570711049899934,0,2
25.011006472632346,97.124209649531,2,0.45421867356161627,0,0
24.307971458449504,97.5500159230684,1,0.3612094332486748,0,0
23.83794550743504,98.06188970199254,1,0.20031293695041796,0,0
17.179733859943543,112.4323583777488,3,0.3895544656518588,0,0
23.130188241033604,87.1307370294798,3,0.08043234019235257,0,0
23.456678369120926,91.03518901341702,2,0.3358682039770038,0,0
31.441263248982107,106.81877431718705,1,0.07802376253434673,0,0
17.36677650047817,112.42896419681497,1,0.5779311881430402,0,0
228.2133063522486,106.89733941377091,1,28.076350228678905,0,1
18.75852275813326,93.30632944441611,3,0.5267064481741635,0,0
21.760670360376576,99.16022446351988,2,0.0,19,3
22.868483564381552,113.87014172443621,1,0.4113553397316565,0,0
21.005625808825826,87.071377189438,1,0.3513097362873765,0,0
27.00624358162301,91.72572096518196,99,0.38802760173194173,0,4
22.678471857071774,107.08839696350265,1,0.11029728530288452,0,0
32.5,100.1869310827264,3,0.1837301932608213,0,0
26.09119446175244,114.5396343277252,1,0.4224499990687143,0,0
25.754528748311476,95.99384604614194,2,0.2104970041196772,0,0
23.231412062598263,108.63314440265705,42,2.0520348717672796,0,4
23.171713936802252,105.48013457388278,1,0.21254911617907624,0,0
-78.73327020297737,99.81396687147239,3,6.816880557955244,0,1
21.855802367835555,2.5836177482937317,3,5.611665357290388,0,2
18.688425220695173,103.96917491780738,3,0.15866024073689644,0,0
31.99577566537237,104.60808857605679,2,0.5547498500071057,0,0
24.80253833592767,85.29312542257551,3,0.07157842018429861,0,0
23.19201632724347,89.49727759741418,2,0.5401678243210029,0,0
21.421861613926247,89.93576117178438,3,0.5242241161092167,0,0
19.190747119185136,108.076694435144,3,0.24546626702709418,0,0
28.69820877414933,99.21319877543269,3,0.30327256539117187,0,0
24.219262069701813,91.1796455256542,3,0.31142417846033155,0,0
23.68576031224374,88.73035952327233,2,0.021795295708489704,1,0
25.463227736686115,87.28299966942323,2,0.5617382457496909,0,0
27.041314297600085,88.39299218271468,2,0.14201556845454988,0,0
25.521734607256118,87.60818682076763,2,0.22121564762121082,0,0
23.59010780002243,110.14691263245402,3,0.020182964023597094,1,0
23.154588873716328,103.03222500400699,3,0.1545930918748475,0,0
26.19362294257968,105.22576349845002,1,0.10302254691980295,0,0
32.34204940910168,106.3908460686729,2,0.15795059089831653,0,0
22.247849439112844,105.07067011987326,2,0.4199704457767943,0,0
20.7219553641212,85.60413546847869,3,0.5193035268723776,0,0
19.285841392307656,85.72947899294361,2,0.2630731650709741,0,0
25.400422909083968,111.48744449556166,1,0.4571676067675874,0,0
26.121903377619983,90.11387534744927,1,0.3265824331390057,0,0
29.23832696887434,87.84895825685129,3,0.31164105185956004,0,0
24.750390688946357,113.50837670834221,3,0.016221440090124162,1,0
21.550890949828506,101.9485782295742,1,0.2642796829355518,0,0
27.634178142206718,108.24170287661804,77,2.1324282298947033,0,4
25.187175884742228,109.33046124796208,2,0.2756395529360667,0,0
30.378813356341,92.1614405180519,3,0.04095442956435846,1,0
24.97768753337827,93.0452310323474,3,0.42090063631023256,0,0
20.290397851823165,88.5781501611923,2,0.4984214956984445,0,0
24.37903876354331,89.93698175288004,1,0.33543542280075656,0,0
25.07578625226915,85.36009081818048,1,0.5046430621230655,0,0
31.037798580640988,111.54047132265063,2,0.25881177614709117,0,0
26.07406344137343,96.74439191002047,2,0.5008186818080986,0,0
20.772934931504658,2.9497650337060817,3,0.6350641905922458,0,2
22.871061279479978,99.2696509277475,3,0.20893182792762843,0,0
23.635507021688284,95.37632382213572,1,0.4681164422205697,0,0
23.809573483357877,95.02714956088182,2,0.5297388849072249,0,0
30.159480388263177,93.71928907919593,3,0.2413693576602931,0,0
31.535280389705598,92.56758501565511,3,0.2148774740166708,0,0
24.0328416911356,98.40179406107922,2,0.29739254700536577,0,0
20.954669947012334,96.41260022522687,1,0.38652379272027204,0,0
21.56017365757033,104.91374871824333,2,0.2826248469522987,0,0
24.51161865715898,91.8527755692526,1,0.18573090154111327,0,0
28.614617412105368,98.04034444949411,1,0.4271102275095586,0,0
28.163701891133403,108.92696657603565,3,0.0,3,3
19.733588349443888,92.25679882338667,1,0.0355916687347424,1,0
26.816984700828346,93.06003353883483,42,3.1295804315082556,0,4
24.355426292959894,101.49936959151593,1,0.018880562268329015,1,0
24.84218996750633,103.17278468076915,3,0.022724837117706898,1,0
25.44237352854207,105.45499096098575,3,0.12088772934047043,0,0
23.522938184227325,109.94721777731357,2,0.20321802091535446,0,0
-87.05556290147477,86.37114473915763,2,28.853018447053188,0,1
25.591194861658824,102.93424040204542,3,0.41790850445633865,0,0
25.4065135106662,101.74402474384645,2,0.3301238331235119,0,0
26.91612076570152,89.31503412970933,1,0.04047049640573164,1,0
20.0,87.4174243685954,1,0.13177531385774088,0,0
27.46028675038874,104.47461894492618,3,0.11635349051144317,0,0
29.091311994736103,87.9979563116323,1,0.0663159871295278,0,0
26.9339922430321,109.29773260908698,1,0.4775223521324854,0,0
17.88072167862007,104.09231233791341,3,0.5622849771759171,0,0
29.250072576561326,102.30728605968254,2,0.42058963257516524,0,0
24.03146414548202,97.20723882168612,2,0.5726090210655812,0,0
17.706885401178756,103.6039779340461,3,0.053211896657145985,0,0
22.329080724588298,109.1144363558034,3,0.14943728584020022,0,0
270.0487289109734,104.61047996971406,2,11.478470826745024,0,1
28.163701891133403,110.44283991403364,3,0.0,1,3
20.179810054448684,109.25192044349383,3,0.5587584396894698,0,0
25.16407204106182,110.9136886889501,3,0.4218976800206846,0,0
25.14143953695397,103.58335221454459,1,0.2932418451647898,0,0
26.171011008966662,107.56464676772998,2,0.2174511093858591,0,0
23.947078860110302,113.72344057114289,1,0.34715404335935673,0,0
32.25580188522873,89.77849112048375,3,0.2441981147712724,0,0
26.28988387224352,108.69543725456043,42,2.826036701871626,0,4
21.185889433452594,110.1112337572882,2,0.3273845315717807,0,0
22.277277375170534,105.05717940168742,3,0.5300708539427106,0,0
30.84950082615024,95.22749227576271,3,0.21148048204857162,0,0
31.441928829163366,91.23247819036571,1,0.11549206742598273,0,0
32.5,99.00902227491393,3,0.0,2,0
23.033182815916412,107.04777542184682,3,0.45613068783274713,0,0
24.33306704742406,101.84453763878571,3,0.09598054491375763,0,0
17.0,94.82492056533744,1,0.11788015055365264,0,0
26.07794577196718,112.63922536638927,2,0.2675849708088265,0,0
21.649820912648295,102.06438209301618,3,0.3509862055381454,0,0
25.672116543746856,100.09657621548887,3,0.29285934147429415,0,0
28.447017179751427,91.42021339521622,2,0.055318569603947765,0,0
30.0,91.5717751917965,2,0.0,1,0
24.105489091208074,103.99806752012466,3,0.20902433859553682,0,0
20.36197110779764,98.2460203113669,3,0.36197110779763975,0,0
21.72454086448461,102.09485440818537,77,7.427396249761056,0,4
28.549612897281964,92.58735416668861,1,0.23883289685051423,0,0
32.037039414990545,88.9220421837355,2,0.017975772778015653,1,0
31.54237019590405,95.16808659811079,1,0.3439830192916169,0,0
23.62488456262484,103.12521814517775,1,0.48060452858323544,0,0
31.156279256961415,98.30936939810437,1,0.268709836716706,0,0
21.21756285885583,89.76210290122928,3,0.44038824131120435,0,0
23.49749578386493,102.44766513549266,1,0.5049077412656793,0,0
24.39783067295036,105.28425365804371,1,0.4632656766665484,0,0
22.962495802184694,111.43774203289036,3,0.5057881578556689,0,0
29.009771946142397,114.86706701472063,1,0.4483422344846595,0,0
21.95420369496016,110.44126268804452,3,0.21399601240854338,0,0
29.96452814297615,91.13400160592727,2,0.20903924993143264,0,0
20.67707772775016,100.47585708136984,2,0.46618534521446975,0,0
21.776198194552023,94.73514341860029,2,0.0,19,3
22.613775493530564,102.9134986004651,1,0.3891417049958079,0,0
-69.39250891933048,107.36357240521062,2,251.0482584506228,0,1
29.129574198184823,89.1595758733991,1,0.4442360285906908,0,0
28.494588180759447,110.40661673286859,2,0.20860667792400633,0,0
22.612313504843513,106.75018228897356,1,0.04988229104227315,1,0
24.511820903219704,93.96778450295,1,0.1245513087433423,0,0
24.767486351177045,100.83032398665085,2,0.18971366627341268,0,0
21.297545409235894,110.75025030397363,3,0.263955204539414,0,0
20.929923919075954,100.69988893584224,3,0.35548024904677433,0,0
23.906378647866745,107.9395285115462,2,0.4286771248437482,0,0
-73.07455634929433,93.54725869125295,1,17.913141785148525,0,1
20.0,111.90239649723233,2,0.03866349915123024,1,0
21.845835671722966,95.26397800335685,1,0.09147585608289077,0,0
25.722796408505797,97.32827657050329,1,0.46391452980287795,0,0
17.282113924751926,93.12234019430662,1,0.15202882046429522,0,0
22.472314695187503,98.40218575934179,3,0.4458622277498989,0,0
25.981938785178933,2.2438476271391328,3,2.633376639416813,0,2
21.12121192995625,95.02429067151587,1,0.13700262038267041,0,0
30.0,97.70074082052358,1,0.0,2,0
22.5,114.331384384765,1,0.0,2,0
25.3976345603085,102.6841240927974,1,0.5554445928021714,0,0
29.459486828671455,106.95328285113017,3,0.2971034244281263,0,0
-89.42648399751268,110.0802099916705,3,25.86819135362785,0,1
31.748710464012962,111.29815835111795,1,0.08341424321330493,0,0
23.34856214576212,9.235809196726208,3,2.5319855127060364,0,2
23.85540539043184,96.30029321288387,2,0.5475502578160345,0,0
222.98500254119074,86.19417049666262,2,303.5022068060316,0,1
26.090816550210135,8.169485857305997,1,0.6829369170866535,0,2
30.80084738749247,89.99636765781403,3,0.13459946486777596,0,0
25.904037256539063,1.0708089936159486,3,1.2115877978336655,0,2
23.751763983131024,5.117032758263154,2,5.790606333415294,0,2
20.259952867861447,113.79588408140366,2,0.33653529212423905,0,0
17.818032569664847,91.4482113577227,1,0.2790865166522991,0,0
26.149666587854608,85.65540135958605,2,0.5527657442163232,0,0
21.596413076608407,107.63628622254046,2,0.301045281349797,0,0
20.825499446110204,93.56877965686729,1,0.004512933719023948,1,0
24.75535086024238,92.07047603727655,1,0.16704219526795328,0,0
26.191924709749657,111.39513243824403,3,0.1123001561111785,0,0
23.19451957952486,99.12880757304201,2,0.30400966103351124,0,0
216.62163033301795,101.41738126300862,3,21.70971329602304,0,1
29.287167323991707,111.5402495486005,1,0.34840689346595966,0,0
28.26281293575324,102.67802016270001,2,0.4883635503109254,0,0
23.65410968404472,98.1334443189886,3,0.4927921172497598,0,0
23.926309890981802,90.5337715317965,2,0.4039598899218966,0,0
26.5185506272753,88.93863916014473,2,0.1482063734968051,0,0
-86.29130712442667,111.3625041650348,2,19.80449146580625,0,1
30.339738514480477,105.31572171017966,1,0.22008438190482238,0,0
26.03457540101692,91.97006637772054,1,0.592201872474849,0,0
24.345575052108295,101.96369098222324,2,0.009851240851599385,2,0
-55.484289583967445,114.31435998401217,2,312.26985095016323,0,1
24.53173411893882,103.45682496897012,3,0.0,14,3
26.11536072929576,112.97700126117883,3,0.21973714286765755,0,0
22.651078016625057,89.45029602886267,1,0.5501125691395288,0,0
17.0,105.44508166671788,1,0.0,3,0
21.010140097486467,98.73786983302084,1,0.23041350713598518,0,0
28.396873626351585,103.09450360368841,1,0.11309019277031496,0,0
19.01250370370307,97.82623055075649,1,0.02727939525839318,1,0
24.594291905820462,100.53134930154134,1,0.20824643010720933,0,0
20.0,88.69955473225876,2,0.0,1,0
29.392631411357044,89.83300069769267,1,0.5820017995474345,0,0
21.313967087362,89.88803281244289,3,0.19043235794273272,0,0
25.076838246350846,7.078183348922234,1,3.1605058840346842,0,2
20.111077681903918,104.07864121491185,1,0.37334852392016415,0,0
26.61783729839223,110.88391232629685,1,0.284248493933017,0,0
29.496941809192126,99.98141636962374,99,2.2112896928594203,0,4
29.744976161544983,88.18276149843857,1,0.5917964867201739,0,0
20.292023474684015,106.6999091198189,2,0.2920234746840151,0,0
27.469746046867705,95.350619998314,9,7.354766322894726,0,4
30.58933043754546,88.95509853410543,2,0.05031967311252927,0,0
25.73816434262356,86.84338870392362,2,0.17788016256941575,0,0
29.51807601789166,114.47081125970125,77,9.0846198186184,0,4
19.064784333568173,111.32018060142943,2,0.5096323419342745,0,0
26.053287203563208,96.31605347372916,3,0.5719411647780106,0,0
-95.58436393907111,96.63959440285967,2,347.8115442554218,0,1
-74.99538321088833,98.00238531775351,1,9.71664243193645,0,1
29.69826662290445,102.1223122519996,1,0.26448675537212196,0,0
22.192585193701824,85.25091045630572,1,0.25051878627498425,0,0
28.324780000319087,93.12496421019878,77,6.600239135834478,0,4
21.215267075002412,114.52250407597886,3,0.44841253702360717,0,0
25.441776848599694,97.70005432459592,2,0.5619074815524137,0,0
28.163701891133403,92.27266285018221,2,0.0,17,3
-58.18153534949568,106.44030612776263,2,352.14056105533984,0,1
31.908539216353002,113.35352522027638,2,0.02976273665166218,1,0
30.697583812572216,98.91595664286542,1,0.5371230019292668,0,0
21.97286314641238,104.21428126527532,1,0.3287652026208008,0,0
21.781748687212676,95.11606105506858,2,0.11606758812746065,0,0
18.78605399866688,91.7280792838168,2,0.18235351140312162,0,0
29.828050034378556,99.53028706816374,2,0.4878817597890013,0,0
234.72737564993616,110.43274894392329,2,1.9531420163984308,0,1
23.61276874334096,86.25641181516326,1,0.5322782605883738,0,0
31.12651542452377,97.99228307760379,3,0.5982722981820814,0,0
24.795207638430014,105.90386541893024,2,0.5485285152000614,0,0
20.467171202956862,100.5498895709121,3,0.43189918171617236,0,0
22.76680991281455,111.22215319915556,3,0.3381509585373941,0,0
23.947197394777838,105.52074585076215,2,0.4222655789644598,0,0
22.992800363797265,107.26759561597262,1,0.14456854206236613,0,0
31.948755743058292,99.44306037872816,1,0.26120837912166905,0,0
19.737729157983754,89.4088812876463,3,0.09395807930443212,0,0
21.589650940226306,0.9498247846049745,3,1.713022943002855,0,2
20.327408100111803,109.09511534898193,1,0.32740810011180344,0,0
21.87217682192938,110.70850389608165,3,0.07127626312898983,0,0
22.49483586530782,105.58119096244084,1,0.0,3,3
23.759188307485267,102.19447743943738,1,0.01683698337104289,1,0
20.876815589894697,101.33892613321407,1,0.38550018547164555,0,0
28.103325075758356,89.68720438315307,77,0.42708154540674315,0,4
24.716232498332577,107.07806175812337,1,0.2569044272220218,0,0
23.21869802792788,114.68353392895169,2,0.4081296941270409,0,0
24.56635045445013,109.56213971363957,1,0.03466757400269671,1,0
31.66463272115347,100.89501666886211,3,0.3939480132315758,0,0
24.320011295357155,96.39212214464946,2,0.4004936035803581,0,0
22.24924740389506,114.91547061708852,1,0.07983332069323978,0,0
25.718375680440356,98.61368624150919,2,0.5637852540942525,0,0
23.342886483416052,86.9347204136754,3,0.34287382882768824,0,0
23.421007282647953,95.89766055027431,1,0.41816612928751695,0,0
30.627010454954693,105.40475640276637,3,0.1926073019280672,0,0
237.03284455358107,100.74074024257808,2,325.491955294192,0,1
21.23657542950316,86.22186406956911,3,0.5447968295738974,0,0
19.154980927067818,101.65602434798387,1,0.3806666402414578,0,0
17.028833245783645,111.31601622439325,2,0.1694034190517968,0,0
25.842541130275382,91.29594031837364,1,0.2839636572023032,0,0
22.895901598433998,106.66212814608211,1,0.06166724285455061,0,0
22.08600943826626,108.14880732935823,1,0.07810237494330607,0,0
23.952401895552914,89.56443660758549,2,0.283298573204501,0,0
23.177245766955046,111.33922961335209,2,0.14325204782810275,0,0
22.363260176094578,4.6646185228388495,1,2.0452048637561653,0,2
20.820373321507656,89.91795162859609,2,0.12450617260513397,0,0
23.659362445335027,110.16518010295812,1,0.09443894203996095,0,0
25.117490421190674,107.12294324281366,1,0.44969237958788,0,0
24.42540474955524,91.34293773996734,1,0.5992203605666404,0,0
25.37080720602877,106.30730025781777,1,0.24715234795199947,0,0
21.250363648084345,103.39875054662137,1,0.10734478738163844,0,0
31.08559516506996,89.58661346943994,2,0.1346508759086582,0,0
20.0,110.61828646425559,1,0.06659681381549376,0,0
32.20133645347517,112.34362010364518,2,0.5688374699664784,0,0
21.760670360376576,99.15813785669376,3,0.0,14,3
24.799371802203595,87.36818208839667,2,0.19203376344810152,0,0
21.61663255079672,96.83023439051993,3,0.20613512430583825,0,0
22.22103062512364,93.4743623193108,3,0.44012442540720187,0,0
23.52058432378988,92.21196738680521,1,0.18795728844945003,0,0
27.04365607330432,113.28738134175269,2,0.09843654769616705,0,0
20.066596813815494,110.7893603605782,3,0.30364659960972773,0,0
27.784236175221505,91.26511061355951,3,0.25217404511580455,0,0
23.033917737733873,110.86608920974567,3,0.3324591427821062,0,0
25.29123539020783,95.93710471672756,42,0.7528565776380276,0,4
21.785458703731265,86.63903260002917,1,0.027012217302704755,1,0
24.814682766815547,100.85969811967827,2,0.012256958414109675,1,0
23.39257871569429,104.70865468801418,2,0.30165010323485575,0,0
32.03655532705486,91.98190725610161,3,0.1031186090786207,0,0
24.10089683261153,109.24638491549509,77,2.949547885643817,0,4
19.83006508832795,114.13174735496104,2,0.5092754344518369,0,0
25.834804205063303,101.4009223814221,1,0.12851284330653812,0,0
23.749864681197312,99.52061717528213,3,0.4130547903433701,0,0
27.337061124262004,101.66851464047208,3,0.5931455829132695,0,0
23.693457637941172,102.33673338082265,1,0.30464169925189566,0,0
18.610349041918045,98.92285478360512,3,0.5880914146465983,0,0
23.58623407023249,4.822809881658947,2,1.4919502088431535,0,2
26.964242328116363,106.61370224388268,3,0.4839665282549177,0,0
24.048819444909597,102.5980521221368,3,0.5760324809063668,0,0
23.451585834344403,93.16946191543248,2,0.2987988208859491,0,0
22.397441729382585,1.4501718552310616,2,1.297649371728415,0,2
24.608573017894834,86.58480059094165,1,0.28931487024823355,0,0
22.703969232512524,108.6695547976238,1,0.23242380146614394,0,0
20.615426469098963,8.597070160367394,2,7.084878217916202,0,2
20.47664390721916,106.39965188503817,1,0.13015548047804515,0,0
28.385637885399603,86.89100957499285,3,0.5784481051091781,0,0
22.634655291620973,104.30656368962252,3,0.13133435679273475,0,0
286.33645567105714,89.43864216321911,3,339.3752488624968,0,1
27.55461713098246,111.52257089729385,1,0.0,21,3
27.88942746861137,89.49588396659655,3,0.312845767252675,0,0
24.036006767924064,94.76254842047824,1,0.22492423312904108,0,0
26.364198648200706,110.4103610616725,3,0.15360628825300537,0,0
22.545166165364698,105.9583900377616,99,0.29122722219640096,0,4
23.779881162099617,109.4686531312116,99,0.22337067117826948,0,4
28.163701891133403,104.67546845721623,1,0.0,6,3
21.09979235765417,3.9547615861502634,1,1.2634678184404073,0,2
31.695125180748608,104.6868397122642,3,0.341914234241937,0,0
32.07829715476891,107.76382428112939,3,0.2980756274516949,0,0
27.61720891095188,109.97460323858935,42,0.47757693026980164,0,4
24.723799552833608,93.23997609363717,3,0.08192233952252082,0,0
32.5,106.24442003795671,3,0.09199945377577023,0,0
24.897782928695822,85.75580241877688,3,0.13877395377103952,0,0
18.847009795651974,100.08037069686584,2,0.1314772007758762,0,0
22.526605069803555,101.51990138322554,3,0.17440055401790033,0,0
24.678884246077768,105.00056955677539,3,0.3695719570363849,0,0
21.6055781076317,6.928998637458923,3,7.718699722156451,0,2
25.319462620000056,96.79311722678203,1,0.49904680528874223,0,0
22.688293329597816,90.1503458512965,2,0.3820327696742609,0,0
21.760670360376576,92.02187477716225,1,0.0,26,3
24.933352491972123,102.2068984008013,1,0.5704924412216954,0,0
27.556290198984904,92.81192076235214,2,0.5580379474919042,0,0
25.26986218326428,107.79134981016902,3,0.0,35,3
22.70229743742342,93.58405127374942,2,0.42102330878651273,0,0
28.270098405798674,112.58591886738498,3,0.32600172757289414,0,0
21.88245759871137,113.94071436485383,3,0.29917842617092205,0,0
26.17638050543545,109.60192358630113,42,1.3846870314810324,0,4
22.566985464645654,98.3300550124891,42,3.6120501910186853,0,4
20.758739446602412,102.26422533627637,3,0.5282762897099502,0,0
24.944854962038427,101.64061074365102,3,0.35974003733494087,0,0
30.991866863376952,97.04330647780012,3,0.5212464055971111,0,0
21.776198194552023,89.77502603439443,2,6.838549928874919,0,3
20.042384323461402,111.29681472366153,3,0.3525567409178656,0,0
30.238531143888174,102.41254497340441,2,0.16896791713298143,0,0
25.91319227671122,97.82459362270804,2,0.10657142895660954,0,0
28.89306034567589,112.4302132799945,3,0.42407488024432993,0,0
27.93233060123393,99.25512598067886,1,0.5371483902248002,0,0
19.124521686395003,95.70259980080768,2,0.39448501098231503,0,0
32.146713388800784,88.79967618541582,3,0.5553417695768808,0,0
21.09623817223342,106.61848871991145,3,0.4639354853369113,0,0
23.805661329472162,85.39350027320454,3,0.0,22,3
27.35115824840396,3.258903760351342,2,3.001702944330212,0,2
21.663128130316366,106.10973578140072,1,0.4265527008132075,0,0
20.356744163605324,5.3784597306685935,2,2.832028678456492,0,2
27.649655405036142,91.04197308381663,3,0.5890013397794185,0,0
24.91153633180616,92.34860525097868,1,0.46802268137851755,0,0
257.11822911034585,109.62347347518711,1,329.6188083170482,0,1
227.67620829102987,97.06451428584786,1,39.10900884040811,0,1
26.13200334374706,89.68619706059866,3,0.26965414385776754,0,0
22.051698964252246,90.21284779407232,2,0.19775034315495432,0,0
22.49483586530782,92.34203431704941,3,0.0,19,3
28.40421845813827,95.11713252507526,2,0.14381982965079487,0,0
28.55491867379789,96.84421848634769,3,0.3407662206067066,0,0
31.355358996217053,109.78807449587742,1,0.24022507299654805,0,0
21.594751423908388,109.11875522657562,3,0.3870417532610375,0,0
21.909074331564625,109.1061297838781,3,0.13460869209968251,0,0
29.17100300522227,99.61247632970733,1,0.3537754285142327,0,0
19.78568020405706,111.84482051282947,3,0.527398729877028,0,0
31.225639038656784,88.4391983075712,2,0.06889317201065026,0,0
-54.23740579846208,88.93468671895776,3,39.64994720786554,0,1
29.061678636236632,85.11235284133855,2,0.42980540557478975,0,0
21.678789010828464,102.5347462675668,3,0.0,22,3
31.7763259597005,87.73253244640155,3,0.5599163921070769,0,0
27.710579921560885,94.3010207203735,3,0.002461688901284731,1,0
17.777854348557295,101.25702842135074,3,0.377840485393655,0,0
-90.51182209269946,87.36126751427696,2,366.56225782586193,0,1
17.0,89.68457792098572,3,0.45491337663874276,0,0
27.782207017399468,94.28659508207951,2,0.3079473457079338,0,0
22.007907063322953,89.88099231425697,3,0.19992057485594472,0,0
28.858162892270055,97.24060273855244,3,0.05814357261909109,0,0
24.53173411893882,105.57617365694321,1,0.0,22,3
24.195410729035657,93.77965293002224,3,0.0779824867917327,0,0
25.052200539348227,107.87083641121518,1,0.11187150171359406,0,0
28.970340934575848,102.6781528371126,1,0.1299266836425872,0,0
20.43520185355763,86.22987731824342,2,0.0,7,3
31.611991222381512,98.57693510306748,3,0.42327142980200705,0,0
21.42554089237747,100.02629817668797,2,0.411045875278365,0,0
24.875275704049997,0.8849354916768647,1,0.13973736857761665,0,2
25.027184549831368,95.65959245421664,2,0.29224432677987977,0,0
21.355197260037237,109.71992955639935,2,0.16499761856218242,0,0
21.267007249521537,85.93170628105467,2,0.5410070050139417,0,0
28.345942059128184,86.97489530089462,2,0.3652492969652421,0,0
23.68740426932009,109.6814864144765,99,2.8231069004593756,0,4
27.511683898222067,91.645814557071,1,0.46201838945670914,0,0
29.167473346091274,98.08140922355737,3,0.05593792759640692,0,0
26.221802555856485,109.08432804473502,1,0.40578596998637195,0,0
20.954902738463215,93.61716974962245,1,0.1744534108310667,0,0
30.470971268106933,97.44540550904784,3,0.07729301038475,0,0
24.454953897354464,114.43558534082271,1,0.14031230205089074,0,0
25.549019457512294,114.1077132917817,2,0.24443973555485954,0,0
23.654815864466155,107.22339601482017,1,0.15600133684802842,0,0
22.703221855319956,87.1870550610371,1,0.5397287862432307,0,0
24.470417422270735,85.63449470048249,1,0.2511553525689223,0,0
30.558384514560178,88.16540939203603,3,0.34343854720471967,0,0
26.73947918328592,2.7972850820455273,3,2.1509419936156924,0,2
17.0,87.25413345207426,3,0.16627801420053245,0,0
32.026174235377404,111.17396569775617,1,0.010381091677459153,1,0
29.20932826772205,91.24695425824643,2,0.31050679675436754,0,0
25.848916984312474,108.9487959162756,2,0.2659578220048111,0,0
27.625699062793327,103.57364200140088,3,0.1600347598842511,0,0
31.309687108487918,87.13020340667765,1,0.099064604450394,0,0
28.635874701540438,97.18246397679313,1,0.3238986097710317,0,0
22.82714649664615,88.16994052785232,1,0.072585973640507,0,0
25.172754026732665,110.17040809479406,77,3.677182107217593,0,4
30.12301608565612,87.39681063374083,2,0.383076692208121,0,0
29.36275832182249,87.55169156467723,3,0.017353593287872116,1,0
23.23071028665133,85.9291181026753,3,0.11796729083522095,0,0
23.71266924115071,89.41904037135679,42,0.793633334587561,0,4
17.0,111.16371726832455,2,0.007066414661359488,2,0
23.72932132470092,102.54734500815454,9,1.449374867110393,0,4
21.776198194552023,95.58768679279305,3,0.0,1,3
18.094755321008854,103.20145139148568,3,0.09154603220017421,0,0
-80.03023259782246,85.24914523369989,3,22.890249314049164,0,1
32.5,106.37182085418765,1,0.0,3,0
27.0100775582087,109.60202506166948,3,0.16532897021470916,0,0
28.43631078682048,88.02258531878729,2,0.058816196821986466,0,0
173.09819854161853,95.84935983265059,2,244.22772612692768,0,1
21.681907844282545,1.8665054025046572,1,7.2586382827389,0,2
22.580438940367156,99.86414689196,1,0.0,5,3
218.8977757647948,100.29677727192615,1,61.311440852943235,0,1
23.635811520168968,104.75355503975277,1,0.3569112259283145,0,0
29.70917901594441,86.97676495095918,1,0.09263969570707431,0,0
20.00830609296851,105.61057799509729,3,0.49285257056931187,0,0
21.263691484494174,92.00702083205833,3,0.3106017428306842,0,0
23.981890574960374,100.05608593073511,2,0.5747368270255926,0,0
20.710472483010403,92.0082325314973,2,0.24443025545281216,0,0
24.64383024025316,110.16561585712206,1,0.47351834712424434,0,0
21.665025775804665,106.86611528465787,3,0.14993252448939742,0,0
29.95048723407716,90.92024254573867,99,1.619990923387249,0,4
24.419677418688412,114.04980880297765,1,0.3975006739221243,0,0
28.23221843623741,112.21729501831236,3,0.11653196273994126,0,0
21.678789010828464,100.35483281987663,1,0.0,7,3
17.0,112.00055925544315,3,0.0,1,0
27.946621542939617,90.48920150244608,42,3.5688584323561834,0,4
26.59702939560257,114.62757224615723,2,0.0,19,3
21.59475611341571,99.64723411065334,3,0.48230090305890627,0,0
22.643681237919367,106.9900032166787,3,0.187250776130778,0,0
20.7299661852671,94.9807053907801,3,0.059970912566637224,0,0
28.614748123426942,89.0883191460795,2,0.0,11,3
24.839757296467507,85.49777441897794,2,0.47970532353254924,0,0
17.0,102.2954942654276,2,0.3667765004781707,0,0
26.6377810367211,100.92251807164428,2,0.33887497037335024,0,0
20.43520185355763,95.98590492380046,1,0.0,28,3
17.396180906684094,95.60056684078158,2,0.043561914072022034,1,0
27.5087806834151,93.25570635320427,1,0.1535504824114895,0,0
27.700304687015166,9.705623153278498,2,1.679767957744712,0,2
22.299333536976217,103.71687508874916,2,0.2324956550560664,0,0
24.23340960145299,88.0426248534765,3,0.17805277531243746,0,0
25.71945362407002,9.876453235816543,3,3.15196636287142,0,2
25.001480831643992,4.5123427906569775,1,1.4152467614115025,0,2
32.48718255505512,89.03293248507202,1,0.2504742958858799,0,0
216.5517299483189,112.24396169681893,2,22.561817086894365,0,1
25.36659770794582,86.19767597691254,1,0.09394485896890004,0,0
17.0,107.49881411197534,3,0.0026340123974897267,2,0
21.647231926656605,104.69228810501971,3,0.4065374256298533,0,0
23.17421069383485,111.85101576560311,1,0.40500190143066916,0,0
23.081209399540302,95.61367476209308,1,0.17173682979466776,0,0
19.083249124243654,99.05981925982378,1,0.5863756262790965,0,0
29.77320305112977,102.6330538781827,42,7.378654910274751,0,4
21.586933757861836,112.85117655942375,2,0.1799917578321839,0,0
25.154590426346104,88.9262098215505,1,0.32816775082391914,0,0
20.995135556800847,112.27660617584681,1,0.04328234782520113,1,0
27.390839373462494,99.41679822508804,1,0.4355515479756207,0,0
24.159326370324212,7.955382529642374,1,0.22726047374682423,0,2
24.494902426963332,102.87039472484588,3,0.08067421878981662,0,0
24.316861486145736,94.83651982054775,1,0.0028461839665148148,1,0
27.279226547132904,112.677172147174,2,0.4850949616039699,0,0
28.03705424016617,114.37699249891733,77,3.3991796826126404,0,4
-72.50057920670235,98.12149727478969,3,281.2940002280252,0,1
28.36112804927688,6.941688867058208,3,7.207225759177639,0,2
22.19092345034097,97.9128223096297,1,0.020935622106048157,1,0
31.87802003075664,89.60370496324487,3,0.12914829106072645,0,0
31.30330067157775,93.72231597672021,3,0.17083134049330795,0,0
28.775007148713012,95.49585082667436,2,0.2821604906237134,0,0
18.50187585725473,90.59710176658108,2,0.3644064922789383,0,0
20.218452947134683,108.97473913314346,2,0.3829297183453235,0,0
21.234628166926196,93.61663627615452,2,0.2641889531171273,0,0
32.26335617904169,101.25060472101185,2,0.46365166154927095,0,0
22.580438940367156,108.2055757072631,1,0.0,11,3
23.012593371455022,106.30629544948795,3,0.1821232323511559,0,0
19.1827866110581,103.99304371819804,1,0.48050166859599486,0,0
28.845774807764954,86.00313956683293,3,0.4252455137694575,0,0
23.46390914860165,85.09654790812836,1,0.2347417757961665,0,0
20.727248717032808,86.73196477675351,3,0.30557722300054735,0,0
29.708944703799123,92.94448965334956,3,0.329607524618158,0,0
22.04862880340442,109.04611335648968,2,0.5710485058920654,0,0
26.175202842085117,108.4795468846863,1,0.24747899823813668,0,0
21.889396604791276,113.87945244033776,1,0.5695791079014505,0,0
20.732131547757866,96.04886402967128,1,0.49657742714993347,0,0
27.249836358714283,93.23237894907045,3,0.062206951957197276,0,0
24.82132816332075,113.30847760502797,3,0.08119823874887899,0,0
21.760670360376576,92.9472158049346,2,4.836359035225993,0,3
28.614748123426942,94.8063636929596,2,0.0,2,3
31.798704338545452,111.08020323722066,2,0.486105748065917,0,0
17.927210622773252,91.14952886247463,1,0.20170216388477513,0,0
32.20214614401626,96.10960526351566,2,0.2978538559837389,0,0
21.02304691562307,100.01203437130604,1,0.5481597785811445,0,0
21.964178608152896,107.97575931654225,1,0.3382690955962673,0,0
25.660733280658153,113.11685461709354,2,0.4769883264111847,0,0
23.489154653853944,94.58956186765901,1,0.5589892931506952,0,0
32.5,102.51499817876268,2,0.0,5,0
25.26986218326428,106.2261546884402,3,0.0,43,3
28.51040957579525,105.86465377532951,3,0.19831760810486543,0,0
24.395225019510132,113.9751000642275,1,0.4686211607172055,0,0
26.295131735939112,102.97906348418313,1,0.16312839219205344,0,0
22.579854094954086,87.04516928156481,2,0.1589586932501632,0,0
29.328120149702567,106.45494203615313,9,2.689855535477438,0,4
27.0,103.49950943562214,1,0.44250614678113465,0,0
23.02632489299132,87.49772974151897,3,0.1797761708016452,0,0
23.63802108432335,106.10755176996314,42,0.5287827199910318,0,4
24.826939725229657,103.074075113718,1,0.1480554791518891,0,0
31.74146067966991,91.92821077662201,2,0.38763397055491566,0,0
20.589959626568774,97.1411762298751,1,0.12931532249210775,0,0
25.435059512720617,85.54697748029085,1,0.546628435145923,0,0
22.996293613683235,100.76081445458495,3,0.49629361368323544,0,0
22.734001785486328,104.83042762741961,2,0.10876540079356545,0,0
27.829846495760293,3.3187097471140463,1,0.47868824735633453,0,2
26.907161511471532,110.9309879936792,3,0.3573656176092861,0,0
28.544926133956693,99.41734758066035,42,1.1772875757133647,0,4
21.40743363391153,1.988024721309928,3,4.496603622627532,0,2
24.544455088415102,109.84820694447964,3,0.464273092197935,0,0
21.334932765186306,101.49630763468632,3,0.11960415790709078,0,0
248.23579531767467,91.74515724153923,3,27.77577863548396,0,1
32.360669616731066,97.43860187189433,2,0.47523403838998846,0,0
26.126504787477685,100.50510303203498,3,0.25672793800885785,0,0
24.32193427223008,101.17483830025763,3,0.3636310773991944,0,0
22.701458594951767,105.01637011582542,2,0.08914509010825356,0,0
25.246325093057663,90.97280259807778,3,0.5128012949026122,0,0
24.825717529137783,89.91186873637513,3,0.5572238808431855,0,0
21.583279172540447,102.33631244322727,2,0.021155794077561296,1,0
25.7967638252763,107.99581948664881,2,0.5317423226668225,0,0
24.138563054078105,102.36420263535821,3,0.466953508728011,0,0
21.97211260261804,85.72015134534666,2,0.10146839928949092,0,0
22.27898877530573,87.45176037240334,2,0.052245860811176215,0,0
29.579869285685216,111.29794356505056,3,0.041847306910504756,1,0
24.28715523669045,96.96468342690702,3,0.14376525745697322,0,0
17.0,89.03244030816923,1,0.17954501315769633,0,0
20.81356950743401,90.05797145302111,3,0.5899743549934335,0,0
226.62073307663212,93.91351474383526,2,316.0906084450067,0,1
25.329843653353354,109.63378313455539,1,0.5124380004891762,0,0
25.736637343789713,89.2231137331364,1,0.5063467561592994,0,0
23.928908254254253,95.7614657625104,2,0.24072529395398234,0,0
27.034848740215374,109.84638273659783,1,0.3264381431668255,0,0
30.186032204432447,91.06819545226091,1,0.07956368027164729,0,0
23.0339068172235,109.28548224174634,1,0.4345531407185419,0,0
23.760334829117557,114.9288489220647,3,0.4296279252086741,0,0
-92.68892557697363,100.42979436729577,3,17.28594470744146,0,1
29.338726003980227,97.22215814834047,2,0.3704530119641838,0,0
20.0,109.3559837203114,3,0.0,1,0
32.043251926699945,114.44131312978584,1,0.09639324941127825,0,0
28.519640546947073,111.160892045286,2,0.03570121720802888,1,0
20.674489468777445,108.78563257101519,1,0.25543445029850886,0,0
20.399134127991356,109.12496694951652,2,0.3991341279913563,0,0
25.018537136166515,95.78729203747748,9,4.369470174019817,0,4
18.925599128976472,98.56653822669422,1,0.2850014977316988,0,0
23.645902568766303,88.27040846922786,1,0.016591615074140975,1,0
20.38153605935377,4.583268132343129,1,9.453669150899245,0,2
20.17495547486169,114.21138704925205,42,1.4345993997056006,0,4
28.224843416131783,114.7588824171593,3,0.46789605163543513,0,0
20.23691794068463,104.28419773258521,1,0.23691794068463068,0,0
23.671609545350094,104.62398211083621,2,0.11658636718836135,0,0
31.950175184950414,108.66059287694273,3,0.14694549240533306,0,0
31.60928384506387,113.63037854869903,3,0.028887963162045338,1,0
248.5211282285834,104.7046691954263,1,70.62664461986361,0,1
20.838841948238997,86.78851976033977,3,0.43970782024764077,0,0
21.186623527997394,102.46434408444226,1,0.0534413135923657,0,0
22.615798648247733,110.86043446817868,3,0.440970392709783,0,0
22.764458705989433,100.49717885337937,1,0.3516089058738885,0,0
31.79038320438415,96.59246685491743,3,0.5516662047175345,0,0
26.152691603435876,92.18523232120914,42,1.0342622680395124,0,4
-55.985436849328494,90.45480988723455,3,36.70348872764514,0,1
24.309183248984798,98.17449449901245,3,0.42475436034650826,0,0
251.10392686891993,97.92115995095216,1,39.057213642110185,0,1
31.470444633918923,107.08052105096007,1,0.019997111812649848,1,0
29.196240438399634,101.02083191154153,2,0.22884124739900003,0,0
29.062964019071607,88.36838817517223,99,1.048660196985157,0,4
31.638171808225916,93.55833990822639,2,0.37416002198416365,0,0
25.583027384742156,85.1855146792269,1,0.4915144693331328,0,0
17.144087307114216,101.00383275928965,1,0.1440873071142157,0,0
21.780906199716437,90.25665316317482,2,0.556777418050288,0,0
30.265595884704094,105.9493997182168,3,0.03304546330213043,2,0
31.008124548137136,106.20295845584893,3,0.5003744988222039,0,0
27.510675836683568,88.16001682734893,3,0.5637695815953734,0,0
150.1805420863527,94.92600691137184,1,249.3720650886267,0,1
26.424785973546733,98.15966144051123,3,0.5606558481699224,0,0
21.98521935324086,86.13092171268012,3,0.3847698724253732,0,0
20.731010584612232,106.11810001103547,2,0.3955725664235139,0,0
19.198440456564644,102.85395024717045,2,0.037125214094512415,2,0
25.43537007503923,92.72895996290588,2,0.5829640386339321,0,0
29.445199923356146,105.83067666985812,3,0.5408496011714341,0,0
25.520636373145738,93.68493595359159,2,0.3671641544051454,0,0
27.946795684312157,111.68771924100594,42,1.6297690595748193,0,4
31.081868995014105,106.31162942314894,1,0.4301413788146107,0,0
21.528888456447962,8.525508422750836,2,3.34964656721516,0,2
25.514877525643442,100.31380394039324,2,0.0725244698725227,0,0
22.5,101.62967794250966,2,0.0,2,0
26.821044515573806,92.02583276850439,2,0.35824620504820714,0,0
29.021173086422777,104.52905715722409,99,8.959343576785482,0,4
32.03165383785887,99.07498145702196,2,0.4207385438745277,0,0
27.871594800702603,113.16249664839498,2,0.22547837457489095,0,0
20.67887528615605,88.16094766752569,1,0.24233734963266684,0,0
30.39338397527453,90.75320374881014,2,0.3369425800385706,0,0
31.86740597645926,90.3469929673475,1,0.2248124227737378,0,0
22.76738952831931,112.3986084272871,3,0.163315255691451,0,0
30.85790825934993,90.73155606126049,1,0.5003534906277771,0,0
23.385325384540273,95.1399634308547,1,0.16724976065133035,0,0
176.34371719932574,87.05055144551699,3,261.70193607631273,0,1
25.974285190560767,95.26208303972666,2,0.0917866837678396,0,0
31.6799774861204,95.86536272674438,1,0.319947198209384,0,0
186.6761246016638,107.21556818853603,1,256.06863352099424,0,1
25.06239266597158,5.614128627968318,3,3.1503591068901144,0,2
22.110599270572543,90.29584096016525,2,0.32319622593869113,0,0
31.286779340850387,99.8050109221785,3,0.5970164947942749,0,0
25.307937305159356,93.96016472162648,2,0.12510620418317586,0,0
23.216935717974405,106.51544341140273,2,0.5549205245472244,0,0
21.72803005297541,92.59304617538827,3,0.09951126816511646,0,0
21.10812370053022,103.47550294156649,2,0.1217943187231505,0,0
20.177404446329874,106.36215976743792,2,0.17740444632987362,0,0
31.14521150723693,87.96307154196253,3,0.5126851485124462,0,0
252.22718031635068,97.92452172361378,2,3.598218783119904,0,1
24.601018028452827,94.75398785200794,3,0.059540144353189106,0,0
23.012381554612777,92.45150826229623,1,0.15629666334739056,0,0
23.715865097039647,99.75627878382471,2,0.3481285892340047,0,0
20.702537442797077,101.4078662795643,3,0.21305496622053255,0,0
20.98871155053651,94.55488939791636,42,0.9237000822523562,0,4
25.387128956992186,104.02757960354612,3,0.5407341296914687,0,0
26.91534225076977,1.2365484102871391,2,6.419492545529746,0,2
30.426775944668947,98.22565338107547,3,0.097939994744074,0,0
27.616762854462486,1.5126757733788254,1,0.47146814536546344,0,2
28.507306845860374,93.8385489905471,99,6.539978181578569,0,4
27.13394719865477,94.8992468587083,2,0.5481776047090534,0,0
21.023829411786327,98.53718032542965,1,0.31344454634215424,0,0
17.11231094426486,105.37306957433469,3,0.1123109442648591,0,0
31.322881033119025,94.15643590386577,2,0.0004579056014861749,1,0
24.905344208748243,90.31460569667877,2,0.5651282995255436,0,0
24.29743264327217,89.69430148010802,1,0.15886958919406524,0,0
21.763310053721764,103.41800754280186,3,0.16400361860064905,0,0
20.929116613297033,96.32493127412567,99,7.843685700216636,0,4
22.57511976799603,91.96674072704029,2,0.2942576912290029,0,0
17.459316430593667,99.95326596787172,1,0.3470054863288077,0,0
22.331441777015964,109.80122079224462,1,0.12353145177535296,0,0
24.78829753315637,111.67001832443998,2,0.09517608334615346,0,0
21.65740267943152,89.91760786140834,1,0.48151104935587696,0,0
-51.263152794919215,108.07693610624312,1,30.589908243813873,0,1
22.580438940367156,101.91153038642852,2,0.0,22,3
-53.038793191439666,102.1036145534517,1,41.69557885406989,0,1
21.971259355690314,98.03787882576135,2,0.21966409465065695,0,0
25.258784355137784,87.52811677542297,1,0.26045752644852627,0,0
23.62030323154245,112.83237199226221,3,0.44005889030139045,0,0
28.037549475691904,4.794078735877271,2,2.960711229341058,0,2
22.386080986079108,99.94587149359417,2,0.19044933060105151,0,0
25.222292947703284,101.5953011841027,42,0.22961534319967924,0,4
26.992450520553767,94.02898958894865,2,0.2116780426920073,0,0
21.497986995644805,94.85993636109748,2,0.24814707396232194,0,0
25.400340631188442,103.19229330231401,3,0.4836574516812142,0,0
24.978120521589624,105.04638395665049,1,0.12413831205765291,0,0
29.53064534865068,109.86001430600783,1,0.08112436777789256,0,0
26.14306385901205,87.3825810696696,1,0.2710072001282313,0,0
18.221796383889508,96.60206038901612,2,0.22912528572295798,0,0
24.47636828588673,108.4715645217482,3,0.4449041404047094,0,0
20.4986567258247,110.26581192619344,1,0.3078688598815056,0,0
24.705598624574716,108.85330847580174,1,0.0034506240787024467,1,0
26.098617439014696,102.11161976102592,3,0.4576131561644985,0,0
22.60407427262786,85.3039355208323,2,0.11239294945024625,0,0
20.448856854967232,89.85388524670722,99,1.4629735360059293,0,4
30.030110930602213,106.1438750839656,2,0.42952606866832355,0,0
21.764499010978774,103.51199548353404,2,0.4954886798450744,0,0
21.29536779525861,97.86982082125056,1,0.4300953022116154,0,0
25.305491924907674,102.32839241911401,2,0.06110578303814762,0,0
29.166665585853824,97.75007242369593,3,0.3925897781131482,0,0
20.78598937100021,98.41166631419276,3,0.46681263694382125,0,0
21.775182721456755,90.59314786432763,3,0.3354165491157879,0,0
26.542885668583985,114.28060472573483,3,0.19733135796401058,0,0
22.580438940367156,86.42142199168151,3,0.0,25,3
23.805661329472162,92.58123579127374,1,0.0,19,3
21.821455358685526,96.76280730713718,1,0.3617349314675451,0,0
21.01706392216997,104.32447664427748,2,0.33818863601392124,0,0
28.069258625093088,113.22590643684092,1,0.5585827884095202,0,0
23.177610560668935,98.01531768565732,3,0.11529834628596802,0,0
258.4143049259545,111.86749569973544,2,63.85222244425478,0,1
28.95977331131147,97.3151446404507,3,0.36162246992429914,0,0
31.15048030127904,94.96929732219878,2,0.5519842433578503,0,0
28.548038287789065,86.54003113971032,1,0.5261931162496332,0,0
26.50574791109346,3.883322039142198,2,2.7539839279624374,0,2
31.164772622658848,85.4609875220417,1,0.0587087138101694,0,0
30.471057666747598,92.07061342992128,2,0.48964185160286533,0,0
21.678789010828464,93.3061155089547,2,0.0,11,3
22.732035060502326,4.385371785471427,3,0.4205275132459718,0,2
24.893194035791172,113.24003178360705,2,0.3017079810375627,0,0
21.64772801911886,106.18866442117022,99,1.154924982625424,0,4
22.138525028445613,101.26711616475545,2,0.2793618537195002,0,0
26.86928896069259,87.79862154165906,1,0.4046629715504366,0,0
25.448158874519706,112.73483075590876,9,1.1763472504359882,0,4
-66.36133426354462,92.88442823658825,1,6.678698970090295,0,1
21.00404430652076,94.437629002422,1,0.20511146464712482,0,0
194.28705817693788,96.34515443358794,2,18.87365155210719,0,1
26.534052508987923,108.25572307881717,3,0.06285135280137055,0,0
30.69773864833075,100.96930790139731,3,0.053437551485409074,0,0
32.28065034106841,102.39885941605333,2,0.25447610569100476,0,0
24.920525542002807,114.1770470694921,2,0.5207336306134067,0,0
20.0,106.23843480103568,1,0.0,1,0
24.14760234864918,102.91937134992136,2,0.3788944567513468,0,0
28.154294940115683,9.224498990126168,2,6.4499629213157235,0,2
25.794056310866544,8.08262262486953,2,3.552333543397527,0,2
26.934942093287333,108.29790558375225,3,0.4423478015467346,0,0
27.34614899436124,85.66478606633565,1,0.5877193723094898,0,0
23.396784377292256,104.03440219520441,77,3.6184133938258896,0,4
29.616539320237337,93.68748114012182,3,0.2127647511577706,0,0
21.032825940033355,103.23258049286957,2,0.023069484936247164,1,0
17.104959736153436,86.40897900325164,2,0.0227012463394054,1,0
19.608793874725873,109.21466612094648,3,0.3241898541085142,0,0
-95.24674383714698,112.81794610620959,1,21.726153969061457,0,1
26.235354365750165,91.68028237369255,2,0.14730408388781058,0,0
22.32863989790841,106.38876446678579,1,0.0,23,3
22.953507978249476,102.30107196573269,2,0.30118951666909055,0,0
25.009968366121957,95.50605775938905,9,2.332865401369208,0,4
-53.43208163967704,109.16421204039474,1,36.03563847854613,0,1
21.330168772260677,92.75862504664116,2,0.35836346143683073,0,0
25.128424005654022,101.46728894920216,2,0.40373063096384243,0,0
22.183129198544034,103.66260100683621,2,0.12414866121447687,0,0
21.580095301612932,114.07307890422433,2,0.5305887881239251,0,0
21.871786089884903,8.105924735921747,3,0.6644025627950398,0,2
21.40695423860746,2.5869094409497206,1,0.026547301929753075,1,2
32.43903826304065,101.36088556400925,3,0.17568208399895724,0,0
31.417922465685123,89.13696465191002,1,0.03963667378590685,1,0
26.383543048854776,110.77545670332029,9,0.5838669532417313,0,4
22.81813219446369,113.52785783507645,3,0.5021117185744899,0,0
28.524570603292144,107.10450495489101,3,0.1392613268844336,0,0
27.00928969649432,85.29649863326384,99,6.554247318591358,0,4
22.367506717095086,87.05376158000735,1,0.02573882900025737,1,0
24.55804845074956,102.58706496342285,1,0.26243911916735385,0,0
25.288151339164912,103.76952368281829,2,0.3354148327023019,0,0
23.7422610460156,96.48500184305306,2,0.49223534897363663,0,0
23.980922664631,103.74622298820996,2,0.2994385214490016,0,0
28.201314908472533,107.15617118427723,2,0.01626913542975217,1,0
-85.80769258269318,104.79184421214653,1,0.04259102707095508,1,1
28.096807952301077,112.69671240955685,1,0.4908774601043504,0,0
21.937311527805857,112.57624093161175,3,0.29268622476258344,0,0
23.796934719819706,95.36025856734663,2,0.3657112764522097,0,0
23.14006790390994,105.81848771530471,2,0.38489609311286443,0,0
29.906281082658566,3.020603339755505,3,7.874680699016476,0,2
21.31157721617338,111.32410139963446,1,0.3608755962398398,0,0
27.93188781776991,100.60542209700279,3,0.07586739681201493,0,0
22.413927084986252,85.0597640565721,1,0.4016586118284522,0,0
23.9118445483991,107.09206045196922,3,0.5559942876797486,0,0
28.708727183900116,105.69893071379087,2,0.004536624612089923,1,0
30.315931794167557,97.4821070665984,1,0.3506668166927156,0,0
21.72585794049272,97.39163043860194,42,0.35811005927938666,0,4
27.413030172417717,109.10625330479283,1,0.2755401176272123,0,0
30.979170006764594,107.60511703321924,3,0.553578050091371,0,0
24.162645996271916,109.21212711600108,1,0.2711140927893716,0,0
27.0337485059516,106.90665153271748,2,0.0997562629194988,0,0
22.5,106.5221066621563,3,0.0,1,0
31.562334325025176,95.33284138651565,2,0.05286457707760661,0,0
23.78085813732058,112.91785643931749,3,0.34978738277119703,0,0
24.912385742766407,112.85891686346181,3,0.15298928213584162,0,0
28.33531129910568,112.32384791529847,3,0.04424186156472132,1,0
22.110684089736857,95.5037577750019,1,0.33550136828010224,0,0
22.28530415454599,101.83668364847574,1,0.420739269409367,0,0
17.49656824090514,87.33203910894954,3,0.10038733422104684,0,0
26.49463185284802,111.24241220466925,1,0.2750882989170833,0,0
-69.51379762388538,99.11296742989724,2,301.82173846134276,0,1
20.51671873224583,95.3700184997159,3,0.38174389872102665,0,0
23.76862293876194,86.34643049418155,2,0.07316490722346103,0,0
25.25888187870292,102.86244404860325,3,0.355668867143649,0,0
31.813560644354034,102.69338802334235,3,0.30137804138709967,0,0
20.162469240756938,93.32280204402937,3,0.17098400588731621,0,0
22.580438940367156,107.56808382836019,3,0.0,6,3
19.89571085946411,87.52419894985147,2,0.17043797538514482,0,0
20.43520185355763,99.78475227698458,2,0.0,19,3
20.3996363962968,91.6344283033208,1,0.09242448202866882,0,0
21.07113306397934,98.21303711968139,2,0.46762489508599714,0,0
23.45327501908444,99.83112433137273,1,0.31754008572196923,0,0
26.401657487604826,104.45916870306446,2,0.23656296707017077,0,0
21.44282357437232,107.12746904766675,2,0.09437159726751432,0,0
28.296160407373566,92.5907902276076,2,0.3184360366296488,0,0
21.776198194552023,88.18113268085774,2,0.0,27,3
23.43390287195478,107.36193217424619,1,0.08545550130181923,0,0
19.861875007839,91.76143804020298,3,0.16118310208635478,0,0
27.669239489915455,92.72096375204902,1,0.30784630019436676,0,0
18.2710415821914,92.27229197245241,2,0.00913245442134425,1,0
28.422243321919925,97.97311500149509,3,0.16194291996887955,0,0
30.898446734707612,103.26997333155785,1,0.49377322174232674,0,0
31.55469183235434,91.29795495020453,3,0.16295733282058222,0,0
27.869265552038364,114.3551790079807,3,0.5057492834598349,0,0
23.871410065546936,103.94680660277561,1,0.14755990027617827,0,0
30.34855026999558,111.22755630053008,1,0.32284038214076105,0,0
31.99631847220312,113.11434900445366,2,0.11925506671332187,0,0
24.044014195833388,105.21268689352269,3,0.11774847451591341,0,0
23.309382756269372,87.67666504171716,1,0.10657232418746787,0,0
21.468718758332074,91.89203962355586,42,5.2729616472344745,0,4
27.91449005616871,87.00973283187543,2,0.2859943600349908,0,0
24.2999800473795,101.86218383207714,2,0.27246811393846926,0,0
22.201699336772336,104.0693596585784,1,0.2235562502914128,0,0
28.89503425069753,102.49055942332409,2,0.35028784610668495,0,0
26.77162876472473,9.504951761888714,3,6.052634578149771,0,2
20.974288671524715,112.12104959363677,2,0.09627423863896922,0,0
22.863047074754807,99.58001481392809,3,0.24595115081501362,0,0
19.976876529256312,105.22390886608189,2,0.13420115264760568,0,0
31.513113268974063,98.2386340839983,2,0.08469745577729526,0,0
23.840473827575245,103.29612754769067,99,5.226214318576659,0,4
23.0191573355705,89.15192757904374,2,0.10557871325801216,0,0
256.7855613661958,102.43878926516945,3,14.59163326012498,0,1
25.86413012537681,110.06712129893681,2,0.14027827969129802,0,0
-91.60536540974934,114.08115033189621,3,385.4100266145591,0,1
24.282163131545946,113.9853407450361,2,0.43406936678663044,0,0
24.53173411893882,111.217217163555,3,3.6319677721945816,0,3
29.45079197807832,9.87470147708818,2,6.20500538642553,0,2
17.590874845505333,102.72678829564725,1,0.5510698301342849,0,0
30.56033597793318,91.54808448560158,1,0.04092202810304002,1,0
20.496095658024807,98.7682154979046,2,0.5249684451085841,0,0
22.32863989790841,90.343977909901,3,0.0,15,3
23.477397822959258,4.298657603803547,1,0.2696458767126373,0,2
22.580438940367156,112.12491051868224,2,0.0,15,3
27.073039308206734,101.69393912046466,2,0.24208592865270973,0,0
18.6600097495293,95.871816973499,2,0.49781508128171836,0,0
29.533365253551814,97.08260856242326,1,0.35262460766380244,0,0
22.919299710730733,5.679148318709889,2,2.150193323377387,0,2
27.696001512947323,9.63971609135362,3,6.939554706373826,0,2
24.53173411893882,86.32732807053425,2,0.0,20,3
22.32863989790841,93.29231623281024,2,0.0,14,3
31.679105584830598,101.41084439273342,2,0.055229511984901336,0,0
21.77821501703824,88.86639165731948,3,0.5089640062696041,0,0
31.167089184880552,108.85422167534567,2,0.15556948107894897,0,0
32.109297086648176,92.80347949046198,1,0.24490280237080242,0,0
29.979706777654176,114.16160423870465,2,0.47410220731957864,0,0
20.955356093616448,1.5569818494399499,3,8.542637441003581,0,2
32.38735109036196,97.96074398901224,3,0.44372228161671146,0,0
22.943898859392373,101.73976944680358,99,4.124544714898608,0,4
23.565486393227076,92.8063410380726,2,0.4790313634330978,0,0
21.363579140860995,95.16581948016255,1,0.47036909504317137,0,0
23.68724005275793,90.83589924700159,42,3.285762352470524,0,4
25.162015758588602,100.70204112766025,2,0.31643072322038535,0,0
25.38962119356421,6.799011705493146,3,1.6737627844388605,0,2
254.62092479637005,100.3685422915064,1,11.273930177988404,0,1
-61.85722610518142,109.13597787229372,2,24.434081019245248,0,1
22.427498996833194,93.04141562135914,2,0.538548597230303,0,0
31.657896655749376,97.5012599154169,2,0.45644347258071605,0,0
21.292667557000637,113.7016130166805,1,0.4818909730783574,0,0
20.384330974324698,5.898164248833283,2,0.13407995868602995,0,2
23.94599795389209,91.42900216968636,2,0.15172045675310386,0,0
27.47563277760412,96.27879728921991,3,0.1345217652579258,0,0
25.878791811366842,95.14253228098784,1,0.11824586509314727,0,0
188.5112402012324,94.1914311080887,1,267.2036627786962,0,1
29.847715197994365,96.93859168604,3,0.03470057915458469,1,0
-61.7468284317218,105.00954584408638,1,3.844751152639226,0,1
31.668463757781815,109.07682244454884,2,0.3792402027624817,0,0
20.0,104.48136460709867,1,0.0,2,0
20.754378207059638,87.85169610497694,1,0.07283337765081654,0,0
17.0,101.30658583341966,2,0.0,1,0
30.452780212187974,99.56698606850287,2,0.31266973862390657,0,0
32.04894489417477,88.78308087962228,3,0.4814688275733481,0,0
28.55469698705155,86.30982786139026,1,0.40268604610878,0,0
245.76846730755443,102.96970271893079,2,298.2263839989677,0,1
24.387399881451827,110.63852389455506,3,0.549402365338203,0,0
-63.78796065932937,101.58840680733677,1,35.322139504623166,0,1
26.587386507538255,114.16689127649073,3,0.2632373041481806,0,0
28.84976912190449,86.33710122137893,3,0.028912407032159138,1,0
26.304224865860835,107.99041639313957,2,0.09806583296817095,0,0
28.868777261923004,87.73412017269122,3,0.07185507481807818,0,0
-53.84570903802853,114.96534481553894,2,4.433148669754239,0,1
24.58789865290358,3.1012958832190978,3,0.34355976432778945,0,2
21.6244771301921,112.39124400669567,3,0.299831917545923,0,0
26.106187301963537,9.68509620632399,2,0.9360400630963781,0,2
20.05208089960923,90.90777113360285,2,0.5527523706158384,0,0
24.193900740298893,105.70014672461997,3,0.3896364691708101,0,0
29.763796257199825,114.99019615726277,2,0.33297474698706253,0,0
25.57191664776416,102.8854800820713,2,0.5995076526729903,0,0
31.386513808445006,105.27240281041531,3,0.015225686794572368,1,0
218.4158099275819,109.71955175355137,1,289.7077099471028,0,1
24.53173411893882,93.73236644126939,1,0.0,15,3
22.261364018279835,98.32550220635099,1,0.19050666029073682,0,0
24.1786893679338,109.52223541918329,2,0.485231729992627,0,0
22.916239913553277,107.5524097718752,1,0.33835197258954963,0,0
27.309470209116427,87.64379708501673,3,0.2658141358121071,0,0
23.032886209450268,94.79917748277732,1,0.5986711344399502,0,0
-59.30080127133457,88.55204752424508,3,311.71433998136257,0,1
25.509716116949214,104.74306654169476,2,0.4056923920413418,0,0
25.831199948890085,86.15985442965216,99,1.9624327015870975,0,4
19.996964291500905,103.38818747483576,1,0.07271401236665653,0,0
17.0,111.71581842219685,2,0.0,1,0
22.18174976277972,108.93929738014558,77,2.8282186033422363,0,4
23.361394381756185,114.64041886196264,1,0.3020550244429856,0,0
-83.58638532209244,94.49584450593909,3,27.4377488851743,0,1
22.5,110.38357556665335,3,0.2943975284819338,0,0
26.479049311598356,89.0330028210865,3,0.32938272374374833,0,0
24.31329311172922,100.23273514565706,1,0.006624950068189861,1,0
32.5,109.28419628846304,1,0.14441985602997676,0,0
21.557260119233455,7.8042437436737435,1,1.451588891489024,0,2
18.38709840631289,102.5010629529148,1,0.29525385511850644,0,0
21.054653349227014,96.53833227936305,3,0.3883483328987687,0,0
23.229747509817816,107.07761219121846,2,0.46499624336804146,0,0
291.29407313443096,91.40384548416907,2,104.70418856289854,0,1
21.33766832527711,107.4647901088992,3,0.05957882531350478,0,0
29.869036664352556,8.925857765013134,1,0.28295116390835773,0,2
20.874337733981747,86.4442850793506,3,0.2918318384779255,0,0
23.986704432227786,99.03547549876129,3,0.4669566428458296,0,0
22.026188191252785,9.223876049092842,3,2.874213873152833,0,2
22.47933375923401,90.01963912003181,1,0.2511849941671329,0,0
25.943995434199266,85.46929885922303,2,0.48477803590714075,0,0
26.85227302717429,91.81003898015261,1,0.3087546864854325,0,0
23.713525914493367,86.92019039825863,1,0.523536745762712,0,0
21.903522283603134,95.45267943367278,9,5.958161930890579,0,4
27.711031638232612,94.50739041455633,2,0.12182548546894267,0,0
26.76110149136296,97.0566159967219,3,0.013805240808114405,1,0
20.0,100.35341369708442,2,0.0,1,0
22.358432524722122,107.96640251547582,2,0.4465598385330978,0,0
31.39090341204318,109.3306506787668,2,0.2158041117092644,0,0
21.685596720562216,88.54290270900036,99,5.926518431092525,0,4
25.623566171867214,103.15268555621616,1,0.0493365898546152,1,0
28.158544259886245,93.40402356326139,1,0.2442711302647247,0,0
23.634516807970165,108.46005476781824,1,0.0735939638363412,0,0
288.98998211573524,108.33374741259071,2,352.4942006401064,0,1
21.538872122893746,103.0966640697389,1,0.013674088946419971,1,0
21.293940688145508,90.8482830691048,3,0.4124166355979746,0,0
25.304579721957435,85.3425395036222,1,0.4067967932616128,0,0
26.912774657517605,90.15081979385474,2,0.4869083203145692,0,0
-54.72119705017157,85.28674558444206,3,6.582550109551001,0,1
32.5,113.59532614789418,2,0.048197987574944534,2,0
23.153490222196822,98.91945094500662,1,0.0922288573592418,0,0
22.113553823436824,95.57443140830054,2,0.35294161418601533,0,0
28.30232364734171,6.533455106103004,1,0.3711313996794168,0,2
24.66918089169818,103.9684646091292,3,0.2057749784006475,0,0
20.69950513678204,114.99153019858392,2,0.3754812109560923,0,0
21.849448142616836,113.52142919229749,1,0.0,0,0
21.75844648642856,97.49697485446876,3,0.5999860382935616,0,0
25.211815757646367,103.09976696933795,1,0.17531319934581902,0,0
22.5,87.38935387104297,1,0.0,1,0
22.04916032516,8.999783995178323,3,1.1609741141263363,0,2
28.614748123426942,93.21393974205736,1,0.0,8,3
23.464053458313963,97.08940536295485,2,0.5028968603384989,0,0
20.01393588089515,86.39351238159993,3,0.11089748263444932,0,0
21.412105530517465,99.67648746064272,3,0.5337000962522538,0,0
31.55108466810926,107.6528190189444,2,0.0672660476079372,0,0
20.59024019771615,97.35874285102307,1,0.0001353024919517054,1,0
29.2487225543341,9.24357532805417,2,7.181993176443342,0,2
20.51301480433057,100.74269294896713,3,0.23490930844855384,0,0
30.473878519345764,87.30182115784618,3,0.43085559564798714,0,0
24.643204993601817,100.97412723651692,3,0.23666984607363872,0,0
25.708028054521208,98.73700885381214,3,0.4890605795555203,0,0
21.605816999155376,108.16037428929971,2,0.5819875873690492,0,0
25.31398306996322,86.66172190062818,3,0.0,27,3
212.26171935116986,99.30135795570442,3,84.32451539889746,0,1
29.10862618091295,96.39772872886044,1,0.11108181931779271,0,0
21.197275139998936,9.37524619018532,3,6.438768451631017,0,2
26.466878171095175,95.87749637784032,1,0.23606276872146736,0,0
17.563364519930442,110.96521377681941,1,0.5633645199304418,0,0
20.48679571688429,96.10476100766333,2,0.49783726826453645,0,0
27.552363476844903,99.25682401005221,1,0.23187269837660196,0,0
27.37180319435685,96.56411304099205,2,0.5429001689446658,0,0
20.92037423984576,91.37933129113289,2,0.233627187963922,0,0
26.018906103950812,91.20511331849825,2,0.27592984067813475,0,0
19.643771078679322,108.43965567241915,2,0.1468963698791974,0,0
-91.27270582482518,94.86987324063907,3,274.9873275411286,0,1
19.8210283803567,104.9915624073462,1,0.25565526076118417,0,0
27.0,103.78660964894246,2,0.0,1,0
22.445070652413825,96.15172199207029,1,0.3132095081944719,0,0
28.59815084138717,110.25426127086456,2,0.0025569833828171795,1,0
26.381394884910243,86.94429476961588,42,2.5136927988806654,0,4
21.776198194552023,94.16593499034653,3,0.0,4,3
24.311064873455372,9.694932674376977,1,2.4944836029894475,0,2
30.52471593941302,110.34127501227587,2,0.16424089168864597,0,0
20.375728858446102,5.176435860599972,3,9.240060851943056,0,2
24.094627286052965,87.12089824553098,2,0.16476258784562958,0,0
22.00696328072268,91.86030338810826,1,0.5114328821181395,0,0
31.211977038954263,96.5715013828306,2,0.5599281541609713,0,0
31.562580581549362,104.91300208365101,2,0.16746459165277372,0,0
22.008197152169704,110.22614738277768,2,0.2943952535447387,0,0
30.09822025871381,85.2470872477588,1,0.5589498361283596,0,0
28.163701891133403,113.63066035974533,2,0.0,29,3
28.198821312594475,113.96532473703799,77,5.653655147229777,0,4
28.732015715870197,95.22875714306674,1,0.12109440679090255,0,0
21.970350864679634,105.40739472095571,77,5.646858046272246,0,4
241.92830423479782,88.13267338476724,2,7.287821532818384,0,1
21.056308244743374,108.29238882225991,2,0.15357829704866077,0,0
24.29879400854599,98.92995234385458,2,0.005256845158520207,1,0
29.38611993451234,112.16746412719397,1,0.38331342440443805,0,0
18.59512491650445,98.57318548398081,2,0.3304742124720228,0,0
24.53173411893882,114.92098544649112,2,0.0,26,3
27.55461713098246,87.86990759256526,1,0.0,13,3
28.34198508781763,112.06736869288694,3,0.538445901887016,0,0
17.318626496192643,101.78920993924653,1,0.1190843269496078,0,0
21.019211437924444,109.90608653037286,3,0.004463321507948592,1,0
-81.14822516034107,91.81379096775596,3,275.435283337279,0,1
24.188165666532484,98.48750058760787,1,0.5982859883049869,0,0
22.041313484602398,101.98055274663463,3,0.08863901961251486,0,0
30.0,112.32472660991189,3,0.0,3,0
20.43520185355763,113.77987324701601,3,0.0,16,3
25.711908947715123,96.04750322185399,2,0.5539189472083876,0,0
21.441848225141865,93.4456359524479,2,0.39527359783061655,0,0
31.205880899716977,97.70757480637236,2,0.10380343552395388,0,0
22.39454814085502,101.28827217393177,42,6.086814752176764,0,4
21.129810257809865,94.19246348053109,3,0.3037715668851213,0,0
21.368681843473052,97.40549590869878,2,0.14716418784401952,0,0
-91.13953100893802,111.99854211719278,2,277.8156556106018,0,1
25.910358948286202,106.1541743671169,2,0.3847727876529099,0,0
23.250755373313066,90.00580605096259,2,0.15053653557585278,0,0
32.377454304972844,113.59048528121329,1,0.1225456950271564,0,0
30.391983890218594,111.63260528241959,2,0.45615762412036887,0,0
24.93703459644181,114.91373500473134,2,0.271648000462001,0,0
26.415495405706576,98.03592889913486,1,0.3622082021433677,0,0
22.077057016474615,110.33071248218847,2,0.0547471985280481,0,0
23.377923569859043,89.62435129535461,2,0.04968912881710352,1,0
24.60418219765365,88.28884583210319,3,0.2586071455453549,0,0
22.99258804259925,92.55994664932216,3,0.4589977917451513,0,0
20.695867148902522,87.36095730122528,1,0.19832740348429212,0,0
20.968284893508784,101.45765245164066,2,0.10101771837790707,0,0
26.586242492329472,108.52185339485436,1,0.4876250533147761,0,0
24.60625061693647,96.72752280523487,3,0.15998534435642142,0,0
27.55461713098246,88.21032017813263,2,0.0,20,3
25.35200489330641,108.3945602686943,2,0.14990696374614743,0,0
251.78088663215638,113.21744610205894,2,29.292079809851458,0,1
24.50963288225298,91.00026763338244,1,0.34185958006535344,0,0
21.623313343442515,96.8372822679294,1,0.27032216937657694,0,0
29.051233475175568,95.20824946702092,3,0.14500696322406625,0,0
20.470184253687936,90.89323945668357,2,0.47018425368793615,0,0
24.386586844071036,0.6647863051103204,1,5.230866922974915,0,2
29.033146675661857,99.4995466465676,42,1.2366646181821856,0,4
26.846565820162684,90.16299557949587,3,0.025521304588878024,1,0
21.82582290407489,101.26899926863237,1,0.15939644916597118,0,0
25.442479226464997,114.46232135906892,2,0.13696866379666872,0,0
26.667615706742943,86.7537396171063,1,0.32600249715766694,0,0
165.04297087183585,99.56487673497618,1,67.44328719723836,0,1
22.5,94.16729377983478,2,0.0,5,0
31.35771576111198,114.26814905767336,3,0.4434532361383283,0,0
32.5,97.28412225666332,1,0.3170464164782274,0,0
28.587685412405428,87.57382854698469,3,0.2281834598960657,0,0
20.027188407608907,87.95186949140192,2,0.3910687975991003,0,0
23.265890987686657,104.63952060597863,1,0.32534737902226496,0,0
22.003603040034502,101.27710610224203,42,6.56837283221104,0,4
24.404800577900616,91.53099396571697,2,0.10702032531908756,0,0
23.98190508264095,102.85638502380624,2,0.40465081295252503,0,0
20.14328455452302,94.73942170011628,99,2.2157241124598634,0,4
24.53173411893882,90.87616555237412,2,0.0,2,3
27.408765843273567,97.3524300277073,2,0.5706877404712394,0,0
21.89071906449284,109.68951415125302,3,0.36610838219479547,0,0
22.86498754359443,111.85300087198733,2,0.09559753296540308,0,0
23.21983087284124,86.23297946059054,9,0.7832207474227921,0,4
27.032411758737993,87.68895319913854,1,0.12721800297533292,0,0
22.581697605029966,86.16873539045393,2,0.37214960508489625,0,0
26.52025368095476,109.00163223854113,3,0.25876266066931564,0,0
30.3245074878536,94.54029114442895,1,0.28694960056385455,0,0
27.39615922436169,91.56315125232639,3,0.537223412477136,0,0
25.886225762326102,107.30507607337225,3,0.3228700024815083,0,0
27.158535110274663,89.05114410041642,3,0.3723639589480001,0,0
31.529733906903395,89.61922389231488,2,0.1322142914839688,0,0
20.532583627710526,91.29070832290603,1,0.10718084038765952,0,0
31.862634145469666,112.65182261593198,2,0.1806177812302785,0,0
24.53173411893882,102.82478073638954,1,0.0,19,3
27.299156653946415,87.09585762053985,3,0.4332755237756629,0,0
29.155167287166968,8.59885104474745,2,8.198305214107904,0,2
32.17336090685543,90.98050386834059,1,0.3266390931445713,0,0
19.3296191308794,106.7715852516508,3,0.5397598959503078,0,0
31.960352860908127,98.67207442025455,2,0.15303727330546835,0,0
30.482738330461615,91.44260997475249,2,0.3001803375582206,0,0
20.77899282078649,95.27002247382973,2,0.4451611198350527,0,0
19.084472801612527,96.11926441200673,3,0.15087504509265415,0,0
21.618254239487342,113.34297189647285,1,0.3227848982166144,0,0
19.04066906428392,92.117472624904,3,0.25461506561704184,0,0
26.61821597989107,109.81830864615817,99,0.36336046030738345,0,4
22.659115945265746,95.41831117091523,3,0.06925059150005453,0,0
30.037557887289747,85.79041996581753,3,0.5552953432629657,0,0
26.714966700324617,8.503294722937234,1,1.0461992838103882,0,2
21.454536923093396,85.54243276617056,2,0.1950275451444341,0,0
21.608833677420588,112.90920738960665,99,3.652994423628016,0,4
23.930067614064367,96.21763141038441,1,0.5320972126239418,0,0
20.86349580639732,111.63452921007458,1,0.05954676132724046,0,0
20.011459506282563,93.47212986537593,99,0.5055704921241393,0,4
19.23217909715505,95.92809583144226,1,0.35239953791304757,0,0
28.909907803821767,109.17717527600324,3,0.2994204639002831,0,0
31.289223555019333,90.84381407931781,1,0.0765426994559455,0,0
22.72357450196013,86.89788015462024,2,0.5402534470385163,0,0
27.34624794716622,101.76522612864,3,0.06500366593320095,0,0
25.26986218326428,108.66931563556881,3,0.0,36,3
22.837233449039758,85.70056288984557,2,0.4079700762441689,0,0
25.84448904311513,103.19576517389473,77,2.456164678842665,0,4
25.42791684173418,108.81454311724119,1,0.5727359190797365,0,0
25.334073751454923,5.352687549259606,1,2.076996664841886,0,2
23.388535034999126,97.58343981871941,3,0.4710698729837688,0,0
24.41323846638142,88.39730354919459,3,0.3946968397714059,0,0
25.31398306996322,103.26191447754546,1,0.0,3,3
29.03771854366,87.42540404929763,1,0.33190494608444965,0,0
17.181293845693194,95.04716843971258,2,0.1532496636857026,0,0
25.955847669147268,113.45108658366757,2,0.37282028440511183,0,0
20.830012379829228,85.19393073369132,3,0.25417856884856604,0,0
30.349895721893915,107.51571942090247,2,0.3808180575074722,0,0
24.888431077574694,106.54369228679484,3,0.3755828864593127,0,0
22.127097998127773,94.86254830862525,1,0.008858287208557414,3,0
-59.34398636892903,105.08410011755797,1,1.733499887072746,0,1
21.628518784810293,85.46184675073926,2,0.11021797095996178,0,0
-99.50145142216886,106.06107005446427,1,18.706792155958468,0,1
20.226124541383395,85.69815807207478,3,0.4138503731633456,0,0
29.25142175507246,111.32467725194464,2,0.16830109794273085,0,0
23.096125255671883,94.3365248519018,2,0.10844532612572166,0,0
24.24433888857579,1.882893707198761,2,0.32801932903761966,0,2
22.50913725197506,93.58839586335823,3,0.04714539438207055,1,0
21.331291058436538,93.13288761292198,1,0.22451112694362152,0,0
25.230290587630414,87.99192917031647,3,0.07525385201064339,0,0
25.597966652493696,96.05687407083141,3,0.32300384342830313,0,0
18.225389351608985,106.96674659228684,1,0.4475350030516907,0,0
31.370013873294738,93.73669955734829,3,0.46531071361009424,0,0
28.614748123426942,113.00849557691102,1,0.0,26,3
26.77394119594032,111.33248214587874,3,0.09940286522915898,0,0
21.57036780750512,113.34208776349239,1,0.41420566488273636,0,0
20.0,99.76648549862401,2,0.0,2,0
22.016401520391042,94.28105686240039,1,0.43728358463327766,0,0
30.07485135076166,92.97922193962336,1,0.49498206507644227,0,0
216.87744512980765,110.86897650922371,1,286.7128695992068,0,1
26.59702939560257,93.03254996618625,3,0.0,27,3
22.26489806141144,97.76480003344226,1,0.29124782543997796,0,0
31.782679987872296,114.81319308303794,1,0.028821971580935468,1,0
22.695941136807757,114.4170468118217,2,0.4575490853890649,0,0
27.573055953348753,6.068050091032283,3,0.18557566299252315,0,2
32.17624968762532,107.86214960319177,1,0.5282112759612652,0,0
26.315490436071304,90.120323059067,2,0.017913010632806703,1,0
-93.73495517969454,109.02078402750193,1,6.160640640770083,0,1
22.248857108636802,87.10324418923771,3,0.18979178915708772,0,0
23.21242156772477,104.48668020270885,3,0.47194581707717376,0,0
-68.73011850597936,93.11255231206731,3,259.0421602994446,0,1
23.309181965591176,102.46596239782342,2,0.2173598180146321,0,0
23.14475731180791,102.42305750843265,3,0.4555462205933587,0,0
24.7023064321552,106.63163982693615,1,0.1598144098749259,0,0
22.796970607434147,114.78411934558044,3,0.49935151373758657,0,0
27.55461713098246,97.11020972872083,2,0.0,8,3
24.46340591329753,104.25203191895675,2,0.533338299233165,0,0
20.497808142240128,88.03368028368371,1,0.14186167597951282,0,0
24.870157118101417,108.938295677599,1,0.3217684633405824,0,0
31.777853350384234,97.89236143227001,3,0.3579600448427698,0,0
17.786072278012654,113.83210952408365,2,0.3863568397562993,0,0
18.189047547278694,114.63004023989942,2,0.3345486698164777,0,0
31.36385614184511,91.25151037026475,2,0.3675596486571564,0,0
20.43520185355763,102.91452113449442,3,0.0,14,3
32.01233183021008,103.42488107848597,1,0.45004143749431336,0,0
-84.5802704017427,108.73216430434337,2,252.7510564790779,0,1
23.26458773093553,99.73287188149496,2,0.5325887071830735,0,0
18.721918754902628,86.18280434105517,3,0.5328712076239341,0,0
22.783584749154674,107.22649620165956,1,0.07425234748981424,0,0
26.56218484668438,94.71686657741138,1,0.049602459241519625,1,0
27.806102648212068,97.47740962892529,1,0.4577829835066929,0,0
28.246024942836062,90.73316868073435,2,0.36859246926930567,0,0
27.705590568062107,88.77407009038154,3,0.16854822657599655,0,0
32.32791320293413,100.9633340151101,3,0.2511264140037781,0,0
29.55721754238056,103.02871584992492,3,0.44278245761944035,0,0
23.805661329472162,88.34791060020896,3,0.0,4,3
25.987127536545298,89.79739735072383,3,0.13445739761413122,0,0
26.745959555302637,114.57575321232812,1,0.45974548729087417,0,0
29.200916131668844,95.61717478770576,3,0.017553154554541095,1,0
24.48714710557215,86.66816565041381,3,0.30845773763834927,0,0
26.85907322674248,92.85258607111071,2,0.367513280370229,0,0
24.53173411893882,113.79067657342043,3,0.0,3,3
17.808845771878445,103.31860127324897,3,0.46219581031295576,0,0
27.908889431859524,103.62838262127265,1,0.0,16,3
20.890161247338963,3.0815159066025757,3,0.13400592943862577,0,2
17.0,89.82044119778666,1,0.0,1,0
30.713417125475935,112.5881025826431,1,0.3562152753720369,0,0
23.30702788399311,0.6421009486376372,1,3.46460088073162,0,2
22.5,94.68051121233461,1,0.0,2,0
21.776198194552023,114.61946647595886,1,0.0,24,3
26.33327132365083,105.65573206323594,77,6.1307775257499095,0,4
24.73553833547238,8.010758883907709,2,2.592534841625035,0,2
-57.2345815907994,96.83814854983721,1,215.04025724498345,0,1
22.49483586530782,105.9574081435837,2,0.0,23,3
21.760670360376576,114.39409489312463,1,0.0,12,3
24.26663744069983,112.79756149655144,2,0.11240132284347837,0,0
24.85398220953197,87.1958777130533,3,0.3272764472842198,0,0
20.9828218300859,87.43447535608718,1,0.2074460023176954,0,0
-57.610486481856285,93.50403165733019,1,340.7041367484557,0,1
28.163701891133403,100.81674254801187,2,0.0,24,3
24.7219969275615,114.27336455646798,3,0.05310880441830079,0,0
32.02578716912892,110.74874006659319,1,0.4742128308710818,0,0
26.900593864214613,96.67625855870317,3,0.027619928858815257,1,0
25.560284180054143,98.2610026279337,1,0.19162832751656822,0,0
25.437267348301646,93.26906110048583,99,2.927539193503101,0,4
23.25541788055085,104.8694121619216,1,0.20541285858166702,0,0
22.819004096442598,85.21275438323113,2,0.19379174468943106,0,0
23.67249558112455,109.87545339849753,3,0.016896834743128863,1,0
24.138503514563943,108.69020841378267,3,0.07185979869237968,0,0
22.672524729721495,94.98455083275016,1,0.1725247297214949,0,0
20.48229932940546,96.91560658951387,1,0.4822993294054605,0,0
19.87574134558618,89.51250673310585,2,0.584731355177933,0,0
26.86162676706067,94.11162860773567,2,0.16271217840982288,0,0
21.71102468665875,90.42355451687139,1,0.08654755646664825,0,0
32.212715296789355,101.9445494188059,1,0.06466283144977325,0,0
23.90339914011954,9.141817230286604,3,4.465989307980024,0,2
17.198768262454667,94.35166203386645,3,0.41799014432069725,0,0
265.9722901247235,112.44087230563645,1,92.87409158310496,0,1
193.71586249531916,90.8709561790912,2,273.01040838911933,0,1
27.908889431859524,101.90136874676845,2,7.473687578301895,0,3
25.265892219540785,88.90258720391896,3,0.2995821980915103,0,0
22.656948284458892,85.57466456653759,3,0.5206017733986705,0,0
18.347121634158928,106.39734361668985,1,0.456486904874037,0,0
23.141914368925665,110.07477783731548,2,0.373054297209503,0,0
21.984252136916684,95.51561602858486,3,0.33586640891429553,0,0
23.872048531735086,89.81387842813679,3,0.4086092849503693,0,0
31.19838717661243,95.3331486528553,3,0.25935316857208335,0,0
26.59702939560257,95.62014829543728,1,0.0,18,3
32.26257061879008,100.864156544703,2,0.5138601547771167,0,0
26.47070253519845,107.3381103701014,2,0.2334669281418229,0,0
23.54172070056758,104.76566212680527,2,0.22936692091624522,0,0
25.579447890261665,98.6250241050329,1,0.2975161357797944,0,0
24.683054873786343,97.41546233716501,99,2.671213452119826,0,4
26.74680857858281,90.86711941304569,1,0.5339369049858043,0,0
25.18730954554229,110.78996642999425,1,0.3743506888934576,0,0
29.3096874912028,113.67940176478217,1,0.24315549172549922,0,0
24.734169248856233,113.08489124652989,2,0.37755006723110185,0,0
22.137211528220174,105.00685812611027,77,2.9593326341986064,0,4
23.84175138837807,106.27542111383214,1,0.27804632726778067,0,0
23.72999103183961,100.0939741765462,2,0.06404542769972466,0,0
24.620971911691594,85.60035170886324,1,0.002557969103438751,1,0
24.588308664974427,92.01071346476091,3,0.3466967555590408,0,0
21.579117935757765,91.9956266326485,3,0.18652317412879427,0,0
22.813817442085053,110.0337475856829,3,0.24393267327894108,0,0
28.611402452579153,112.11859195569667,1,0.28165789309673883,0,0
24.044517756660174,92.2037986135456,1,0.5916508952360502,0,0
20.954894994941206,99.9008626845384,3,0.2743087434639442,0,0
17.0,111.94162868322141,1,0.0,3,0
22.5,102.26560650898372,1,0.12151274381429644,0,0
24.049075321834877,104.52632107141582,2,0.4560949050737513,0,0
23.177739893522,110.21044532765524,3,0.10535813924602166,0,0
18.97990870845074,85.13896069013809,3,0.36342413831761533,0,0
24.166318501194116,3.8595596998310486,1,1.815620283984817,0,2
22.452517247204266,106.57605334816792,3,0.06643626112515832,0,0
20.0,86.67222560762325,2,0.134998576190565,0,0
17.25916667461688,104.76771825730454,1,0.25916667461687837,0,0
23.537974872601175,110.31186378130772,3,0.541480417424232,0,0
24.201284533443612,94.11205138675298,1,0.37403697009947123,0,0
17.43414274521622,113.38346386400897,3,0.43414274521622076,0,0
25.90649538665376,100.33281464417195,3,0.17795703275856312,0,0
24.430920494147422,95.23743482878469,2,0.5692295210322769,0,0
22.506872344855488,113.15446474642464,1,0.13535500264381284,0,0
29.360287847178185,113.3777393209626,1,0.21555981887417275,0,0
24.115887503699156,110.72967964725481,2,0.45046295075097476,0,0
25.883998082869656,112.24568787089508,2,0.2062233833819178,0,0
20.182053031031984,1.7213970056242394,2,2.1482775024704175,0,2
31.59781072475136,105.03801206367227,1,0.08132750941074818,0,0
30.64190455292795,99.33631916959173,1,0.3359546428665361,0,0
21.125098499373905,96.87911417987365,3,0.35749699153907244,0,0
26.54076982675487,88.75557376607651,3,0.45923017324512827,0,0
24.529236426591183,89.1144546445823,3,0.3645658685801685,0,0
-93.61286182286554,105.47437198710585,1,336.14572931198796,0,1
24.663253960618597,109.43160337806285,3,0.49664143312358533,0,0
23.396391024569922,90.83871510114616,3,0.28879812321948606,0,0
22.054903995408267,108.68854428383662,1,0.34989485247101726,0,0
23.2384979529746,97.68830631224674,3,0.4744074715842217,0,0
27.9180412575079,111.41265708620814,3,0.413098052561363,0,0
28.957434451243124,2.2876301605381766,2,4.278509169922874,0,2
19.199843651692113,102.04925810006415,3,0.18913547076041226,0,0
17.657948855911663,100.25712073494108,1,0.22277282270840715,0,0
24.073117593029323,111.14242102572562,3,0.2519453616450775,0,0
21.889152832621217,88.37741171235811,3,0.44730460747935297,0,0
22.625236384692762,96.79585603083767,1,0.3050979116184962,0,0
20.58377806488032,95.84998249585128,3,0.04035048659454077,1,0
28.084941212429847,111.01456453003365,1,0.3743612908689613,0,0
22.77347335930747,111.12907371238256,2,0.25087262334109894,0,0
29.367060433822253,90.88422396582996,9,8.378348883285742,0,4
28.470271915213967,114.19136048542484,2,0.1842368555055991,0,0
25.261828101048604,89.11188087922538,9,3.44971192733653,0,4
28.163701891133403,91.41138924557737,2,0.0,26,3
25.115083647656387,3.0239454222769537,2,3.9578119668693326,0,2
27.602056245291603,2.1609506969290058,3,0.5040469246001997,0,2
23.349682213717266,90.26474882144072,2,0.5417337907957105,0,0
23.330706903908883,109.19995159080449,2,0.2978206944586148,0,0
25.72342511092178,103.58053917808897,3,0.31691160025557963,0,0
27.008805887804822,111.79913481364369,1,0.3142678732529802,0,0
24.90895518580295,99.91461447648615,3,0.05216384397763463,0,0
30.519413949830138,103.50652215899184,3,0.22851677731412323,0,0
26.73326153442473,94.45169489822798,2,0.14701904209525907,0,0
22.78829560104137,106.76404505350489,2,0.0020389992077092245,1,0
24.3250629546744,94.29363577627298,2,0.4112721501843417,0,0
25.7093336478412,92.09424736716083,2,0.44824111709425907,0,0
28.538792328847354,97.27748721356193,2,0.5582409601579812,0,0
28.54340276360043,87.28254180296521,3,0.5194154656323597,0,0
-60.34145900029792,88.32245523491527,3,254.0573214956171,0,1
279.2722764218861,95.55480691260435,1,102.92855922256035,0,1
21.546066589268385,108.04268135256,1,0.4876110568710317,0,0
23.149576524290506,104.30286848551992,2,0.4436154801931984,0,0
30.138228147992436,111.87157524244004,2,0.5195663051549744,0,0
20.30721191426813,111.547802405349,3,0.29076522217298617,0,0
20.380311648354013,114.67650050261759,2,0.10909931139267215,0,0
23.81161961873018,89.59433500251869,1,0.060792551083878266,0,0
24.277794452638474,86.18175501078458,3,0.5392530332771095,0,0
24.270849209628526,88.35758858193184,1,0.35299054795587637,0,0
23.895400660235726,91.37341831586419,1,0.5917464453364225,0,0
23.768707891897833,94.83528513657456,1,0.45674278639416244,0,0
32.352962870444024,100.72773783711506,2,0.42220417058271664,0,0
29.458948565889674,100.15497134568197,1,0.415841391748085,0,0
18.137469364975793,111.14381770563153,1,0.1600845078125097,0,0
21.524668031274206,88.55931297224741,2,0.5190658541031752,0,0
24.24376767013878,101.27977846409703,42,4.1892590819011275,0,4
23.8204388943492,108.48802518219601,3,0.03641489165805112,1,0
24.377763110583434,85.09373048942115,9,4.712962153029512,0,4
26.745582310048807,91.01849113373959,3,0.10780127332770562,0,0
20.47037784689676,95.5213544635513,3,0.5975209326400055,0,0
24.459328071110555,98.86985492377848,3,0.32410683750489966,0,0
24.36404111175791,101.32325871818406,1,0.21222573926469934,0,0
22.5,86.56829116816617,3,0.4253665632451984,0,0
-79.03050810158054,106.97859464386778,2,336.6860123579811,0,1
22.839911662725097,99.87627205236312,2,0.2681041364263024,0,0
28.304508054519875,105.12924128457355,1,0.41114578215735875,0,0
29.755488893044717,111.84731927693997,1,0.2720818036240118,0,0
24.016441662181645,105.47621436301472,1,0.5340288774966808,0,0
20.333831700951436,105.78403595889726,1,0.17136246019449786,0,0
20.0,95.52129363976253,3,0.0,2,0
29.716123599790677,113.57353789439156,2,0.20578913479456418,0,0
24.730959915743373,106.07394911632312,2,0.1417868811817442,0,0
30.770895456023585,102.38832697684852,2,0.058144366832333816,0,0
20.596375460800903,4.04845998495584,1,6.287838001630757,0,2
23.31972016331197,100.89427171210163,1,0.4725290253143335,0,0
23.33164701712205,104.53698931124477,2,0.12736271321501036,0,0
24.02566996133588,92.74901287382777,2,0.10124666156501405,0,0
29.090725263612946,91.54741164343461,77,0.8597619704642128,0,4
25.5618145416946,88.61162736367267,3,0.22565466848895355,0,0
32.5,109.80847075252332,3,0.0,1,0
27.26435272610068,97.3583964583679,2,0.13841740875428954,0,0
20.43520185355763,101.43903390381784,1,0.0,24,3
20.0,87.38764442116127,3,0.17740444632987362,0,0
22.478148751013556,95.48843196423167,3,0.20791333131764134,0,0
17.0,101.11319625455644,2,0.4593164305936668,0,0
21.921566223610018,112.25303655638126,3,0.314224015601166,0,0
29.931647971962192,103.53439583767859,3,0.0683520280378076,0,0
30.390063265299794,87.95972130198427,1,0.08655658217641005,0,0
22.13595628533633,114.40097725856431,3,0.04903709251408728,2,0
25.591277401242646,91.33695494418794,2,0.1908544921586781,0,0
192.23307940922936,110.48433849139708,3,284.600430409199,0,1
26.49585975371516,86.54972071343923,2,0.28376780954288705,0,0
23.927838830633657,107.60426816339442,3,0.054051744326717,0,0
24.025827533912675,94.62563628249531,1,0.015449690766320856,1,0
28.327966737677947,95.26679335914599,77,0.412556674345943,0,4
29.003744235565915,111.13815552850352,3,0.14376600242978554,0,0
26.440314050763735,103.17690445538449,1,0.03873526083462053,1,0
26.969923315984385,93.83292333848362,42,4.692319285051504,0,4
20.11497972397298,103.63403352015845,99,5.315145376170477,0,4
26.149980909476646,109.61383870474945,1,0.5520142569829503,0,0
22.802653001744282,106.43488458353049,99,6.842499391099949,0,4
25.334152511247748,100.14734353750418,3,0.3660500742016417,0,0
32.247885254926906,105.63952064571009,1,0.3163582986565636,0,0
27.899815493126752,1.5874133767581693,3,5.162860333463264,0,2
22.531829192032284,103.45658314693033,1,0.37676432340722243,0,0
28.413151714814788,93.52864867286378,1,0.2000506264757469,0,0
29.78034188885685,8.38426197334316,2,0.33765317994964406,0,2
23.088438091424592,3.4951648744872643,2,0.6044720040852098,0,2
23.896464752612538,112.02723190800972,2,0.3731068154659809,0,0
32.5,85.92359706582239,3,0.0,3,0
28.917917114831578,3.4977009996266943,3,3.1238608039650337,0,2
29.79777038474169,94.02757219496256,3,0.07187172184313795,0,0
17.2971312562115,100.08161170277438,3,0.29713125621150027,0,0
24.003251833277886,87.4821605425257,42,3.2911880499876105,0,4
26.915328508758506,111.73420275380528,3,0.3850032980518172,0,0
274.92735623871636,89.61022918640862,3,358.3428436550471,0,1
25.178696191811312,109.95736522358519,9,2.054203291616851,0,4
21.131162206388517,94.45650212131858,3,0.5836199075329951,0,0
26.53053645569097,108.17493538288942,3,0.5769925071001225,0,0
-63.558292643884826,114.73256014406078,3,19.63778796900327,0,1
29.98853891608314,88.59240365501596,1,0.011461083916859849,1,0
23.307855132615806,90.48440165617677,1,0.41534905263627664,0,0
30.63965011065799,85.33597915767112,1,0.549198064917011,0,0
20.666969112077908,107.45153049028694,3,0.488849420338358,0,0
22.7004362635065,110.91807422379864,2,0.23585614026047352,0,0
27.14541701450005,7.179816161231068,1,1.2068733674420429,0,2
21.703047049434957,105.59232644869391,77,7.7071511775373835,0,4
30.774068936727453,108.57346451181263,2,0.5699950645792882,0,0
28.27671135569194,4.786545476144765,2,0.20956663151784127,0,2
-93.92216852408654,108.63105648096844,1,328.74727822741175,0,1
31.52741395258586,94.44356871150873,2,0.10949148690073685,0,0
19.19171090502943,108.49595239895878,2,0.4782727256098056,0,0
19.125183678091556,108.23901341913364,3,0.13801556164663964,0,0
23.459833930488394,112.98337374063203,2,0.556755147000974,0,0
26.639485207487905,111.9225715023452,2,0.39536353272746894,0,0
27.66629049389057,102.41859281447061,2,0.35949437292240205,0,0
31.063614026136644,108.25438233185784,3,0.3493333287421869,0,0
24.2370865025103,86.94560783448905,2,0.17079063108627324,0,0
23.255738200740208,92.53004149786901,2,0.34505890303053377,0,0
19.905343656718934,112.84955687763176,3,0.5814520601653577,0,0
17.0,107.14100849279112,3,0.10495973615343601,0,0
22.577090156651618,95.1068737531332,3,0.5710383069829561,0,0
20.098081147139762,2.8518047585354345,2,1.3093524867717683,0,2
23.867702086029578,111.9612048872438,77,4.493646601757828,0,4
31.906884322072102,104.4312722437069,2,0.006398440003057004,1,0
23.812813574132736,104.0423242331209,2,0.17162108463760362,0,0
17.0,91.65916485798849,2,0.25916667461687837,0,0
20.402997058216656,86.86609678494108,3,0.24926562032103305,0,0
22.768860071716162,97.28236215451055,1,0.008304525554201803,1,0
30.649692557484435,105.1523452143245,3,0.5269304379722897,0,0
21.40707830825574,9.47903384319002,3,6.125892897235076,0,2
24.158982815074307,105.83786281759856,2,0.5051934253158912,0,0
21.240029946241425,9.257609900966141,2,5.007927127097201,0,2
22.491681323177612,95.85759972513594,1,0.21440394800707807,0,0
22.78286158413373,91.35150335385897,1,0.2828615841337303,0,0
-54.60186407394747,101.84897599853139,1,18.223663040620835,0,1
24.175637624840743,111.85200168808643,1,0.18893319261295716,0,0
20.384883008978875,103.43623054663946,3,0.38488300897887484,0,0
28.214152453191183,104.90874162301898,2,0.045230554309164006,1,0
22.305560622263453,103.60928654060393,1,0.3061647068083424,0,0
31.306105491245162,106.94937711759664,1,0.3031783538187085,0,0
28.751176486064164,88.82499180015957,1,0.4158651869584844,0,0
21.27361566885499,86.26074025514215,1,0.09294188602566678,0,0
28.731301662744997,107.14886531434922,1,0.06805110786342539,0,0
22.12967098151551,105.00542173916975,3,0.5532248152066437,0,0
22.951560388218386,6.34536116984684,1,3.5541875228750754,0,2
32.37194448943702,99.3712217702384,1,0.07518494360557071,0,0
20.323331095305868,113.0438655247835,3,0.3233310953058677,0,0
-95.43747153588774,99.37828240881664,2,381.7936127330231,0,1
25.368655852537575,96.61823234274524,3,0.10220921337437616,0,0
24.68584457500146,107.58149918672923,2,0.14233365385821983,0,0
18.972946655442705,101.18026725746952,3,0.4710707981879736,0,0
26.27792505850116,87.87143666560485,2,0.33991223989107056,0,0
23.183618256679996,102.34689358508541,3,0.2386091762574658,0,0
29.230789668583803,101.47249667706168,3,0.5092252154325614,0,0
26.59702939560257,96.61785436819567,2,0.0,6,3
-82.09573490533108,91.31448508877976,2,8.656998234082309,0,1
24.268603360202587,92.02084525920624,2,0.2002864640210511,0,0
27.808257128271343,105.58587339056669,77,6.33953836993927,0,4
24.42609595818187,95.69676763530666,2,0.06205484642396186,0,0
20.0,102.3507928934962,1,0.01948420414241525,1,0
23.66303145262339,6.631697415243217,1,0.9488813774266625,0,2
28.614748123426942,96.43525002895541,3,0.0,24,3
31.30365878045134,112.16468432473977,1,0.32043334550635194,0,0
24.53173411893882,96.95477482819261,2,0.0,7,3
29.96079128906827,4.1772293017150215,2,5.102950145515944,0,2
21.292582635507745,87.08083902625496,2,0.3650506382528427,0,0
21.070270255443916,91.17383130968265,1,0.5589987836619983,0,0
20.456780692957494,97.3873356876764,3,0.45678069295749424,0,0
18.172429117768953,104.90612116050131,1,0.5842866520940007,0,0
22.51001817342795,107.74715427112274,2,0.124509577316811,0,0
20.85570683721796,102.80682806136357,3,0.0756049372012555,0,0
25.31398306996322,108.06270929594126,3,0.0,17,3
20.142907700407005,7.45906187835974,1,7.599247881256584,0,2
22.5,88.68733547626735,3,0.4150793964671635,0,0
25.662604982641753,99.07321633142736,3,0.3247610675547925,0,0
23.77508199320673,102.86099110470619,1,0.19577549877024936,0,0
20.992864824133044,99.21884920788617,1,0.47614609188721246,0,0
17.54319463187008,92.1454834314018,3,0.18329532942225057,0,0
26.457649506929368,2.4909955784142097,3,4.4962560095906525,0,2
21.524703340480396,92.18530509728615,1,0.5052370053710042,0,0
24.314151870950255,105.18140834501308,1,0.01491426165198817,2,0
20.13177531385774,92.2241144821952,3,0.13177531385774088,0,0
22.05376935228646,97.23244315008196,2,0.029284569813590622,2,0
22.333855724579358,111.84449968181583,2,0.5038621843383915,0,0
31.188848175575,106.9212065308866,3,0.06459709904138933,0,0
32.15650709030941,85.07363759331533,1,0.2724994076107521,0,0
23.73218415156447,113.56780235086971,1,0.253019598655019,0,0
25.43838276227304,108.56999805833368,3,0.45902892134821016,0,0
257.65550425640055,109.61684235397294,2,13.510951021132371,0,1
28.02995058261676,103.99850446998987,2,0.22486789522285733,0,0
-72.12627255121731,90.55804527093204,2,314.0545767860151,0,1
22.580438940367156,97.29642052008504,1,0.0,14,3
22.414135929555737,111.3238258789114,1,0.490215795122694,0,0
23.901959672499025,5.236176344147286,1,1.8757714812462396,0,2
19.496874708800124,89.22408846678029,1,0.36500029903887565,0,0
19.43621338621223,114.03580104535092,2,0.5013939990282879,0,0
21.651044941080652,96.91873878837717,3,0.4687729162686267,0,0
22.705556719808033,107.76328761271975,3,0.02003806227152083,1,0
-95.31375669701418,88.33886988271199,2,38.55326779700896,0,1
23.090260493450145,97.10645862441065,2,0.0752620221064575,0,0
-69.29844007756748,85.0410395309061,1,306.8582776015862,0,1
27.6559006379106,8.895977091471371,1,0.05723569433953912,0,2
20.715498971329897,110.39543016070834,3,0.43364399563612466,0,0
20.98628294085831,102.07690636274344,1,0.5549656109618368,0,0
20.142989703176877,90.11572371061875,1,0.12905382228172613,0,0
22.32863989790841,111.11076493867074,2,0.0,11,3
20.43520185355763,107.22452973796345,3,0.0,29,3
32.5,97.99223515433695,1,0.11781079624984159,0,0
22.148126617665824,94.28118153588346,1,0.1294862569088444,0,0
20.0,103.77523584947127,3,0.0,6,0
31.538657929680397,112.87062657150403,2,0.06821329576147406,0,0
22.780300867197127,89.70281285954918,3,0.32054502461782164,0,0
23.896070699873835,110.84254138286552,2,0.36287523666435817,0,0
30.730713779401388,104.39605296342198,1,0.41510912103229813,0,0
28.163701891133403,92.90534351946715,2,0.0,8,3
19.40576860486001,94.08747186499578,1,0.12239364845459733,0,0
22.891783512147157,112.00249549049443,1,0.2529062736328136,0,0
24.225845593667284,105.73167438217786,2,0.22334630818196644,0,0
20.0,104.04719977459489,1,0.0,2,0
31.8770634054898,95.39090509325483,1,0.5858441912723684,0,0
217.45909624856728,89.6155016610183,3,60.641027275888064,0,1
24.37313699585147,108.2759519560836,2,0.09728042641926393,0,0
22.25099050432954,87.13022993599766,1,0.3014136573701016,0,0
180.98836682588885,100.83729483831773,1,245.7167320410187,0,1
28.01430382208645,106.62995260134711,77,1.0415603583269757,0,4
22.256295518617723,88.80833241264918,2,0.39613551213713194,0,0
22.337083559922302,89.82038754135536,1,0.4070164739763591,0,0
25.441259172616213,100.75954793352165,1,0.22601650001442053,0,0
24.73072956605608,92.83145578704544,3,0.06864223614751452,0,0
-58.920421294120985,112.6116949450011,3,4.199224243949416,0,1
21.33827696138768,89.23597190611555,1,0.5373356375630749,0,0
28.049532533322914,101.45202810225734,3,0.42292666277024793,0,0
20.674238662036817,98.94171268750112,99,4.3442984741296975,0,4
-87.57431453892445,95.75102896997196,3,378.8683876733554,0,1
17.356754438935464,89.49752282046322,1,0.35675443893546444,0,0
27.823803596357422,94.03677244186838,1,0.15648111124319897,0,0
21.688532233697508,108.588345981521,1,0.5376521069348783,0,0
23.783554240626877,8.659791191041583,1,3.7881120134983206,0,2
25.651459705569437,6.472005519077072,3,1.7635085159554116,0,2
30.564997631140177,91.47814612060405,3,0.5205975339297844,0,0
22.416242717623845,7.071584269803555,2,4.5601055107027975,0,2
21.879310848824286,101.35080756690814,2,0.38708547663635073,0,0
28.916306464889146,89.64054544554584,2,0.43347867271246443,0,0
24.638338678072635,92.74400298103383,2,0.563294786802345,0,0
22.700084524353542,109.79653222574393,2,0.5870266996377644,0,0
22.32863989790841,92.0405059865575,1,0.0,19,3
22.227774296579113,109.75404626984258,3,0.29502326384662325,0,0
-82.67524684115875,91.14939829613037,2,24.49371149166307,0,1
25.17014723886716,2.3685211242051833,1,1.5455146365678942,0,2
24.09846098710242,5.171033967320827,3,5.422312312351934,0,2
18.803608539032965,99.16644775485848,3,0.4646552910915922,0,0
23.26948784253869,109.76604524561247,1,0.5237919975722711,0,0
20.965031804270126,97.57298418751256,1,0.2864003785375395,0,0
27.908889431859524,90.72251209370144,2,0.0,8,3
25.021282544652433,101.73637550733656,2,0.2551169593854219,0,0
26.488003894100554,85.007226235536,3,0.4139404527271253,0,0
23.230712429080775,101.26045895439178,3,0.5840625558497052,0,0
25.06486864656435,93.08535586876818,1,0.21058583978959078,0,0
31.21133540760029,114.67552493098287,2,0.4979182821243562,0,0
26.504833499946876,105.19339906929864,99,3.3414944080613544,0,4
19.17861892576314,110.82191749769031,1,0.38161771910699116,0,0
28.568541959701456,92.9676279492208,3,0.3225170168653939,0,0
26.59702939560257,106.75020473341937,1,0.0,17,3
26.88298553090082,94.49406352184496,1,0.19955495090924558,0,0
19.66962475052275,99.77875312872578,3,0.46656302123261995,0,0
23.871265987402875,87.97712994759043,1,0.42738434639359113,0,0
24.592898105829182,113.40123745101664,3,0.4770106021300258,0,0
20.92715553998894,89.79639290099324,2,0.053466389585612006,0,0
20.0,114.19434134280726,1,0.0,3,0
24.3393123682651,87.31174837402993,1,0.002093181283854051,1,0
22.784063009878977,89.2900336799718,3,0.08551256392451734,0,0
24.910443831569776,98.81158527025121,3,0.11523619313976141,0,0
20.14616884317614,103.74340302052191,9,8.83157183937437,0,4
27.68857029004493,112.04457553302248,3,0.5546230913901589,0,0
32.03073714906685,89.20855038363901,1,0.4007889145189161,0,0
25.5909660384497,91.81783160678987,3,0.12389450722083595,0,0
32.5,88.64533508612999,1,0.0,1,0
24.542793608669253,110.03715370766884,1,0.1879359573868271,0,0
31.748570148941788,91.26237647195887,3,0.5259836444962858,0,0
26.978437901836532,101.36825393281453,3,0.5778522971483717,0,0
-94.9752620380123,93.36122036862126,2,41.765310840743346,0,1
23.827375256140968,102.47305230664888,3,0.3079758592228785,0,0
18.29674661353648,89.87850818034674,1,0.22167740706465366,0,0
31.594308671767386,109.9917082379264,1,0.08912445630850385,0,0
30.101429357036327,105.35179439217723,1,0.44406623173113857,0,0
23.610290764046027,99.77707212259892,2,0.289969742203251,0,0
21.216026111605565,95.15103597775648,1,0.19681467368112138,0,0
28.804675146206584,106.44156500506108,3,0.4280622495568309,0,0
28.481362893031783,99.50521223732996,42,0.13202140776768445,0,4
22.953847210114862,86.61491574725378,1,0.32072598130133656,0,0
31.195027454225816,113.47208180936263,3,0.5866508545650504,0,0
21.40182651423739,114.09170898393931,1,0.2883949932595016,0,0
26.039292770212853,94.94056656208951,3,0.2425289449365522,0,0
26.580615989909077,101.36687632503273,2,0.4470950599687207,0,0
28.614748123426942,90.19253718461205,1,0.0,14,3
24.25962966585461,111.64816589534519,3,0.20317849963620205,0,0
27.34310850995534,102.8095773834043,1,0.5852512066131936,0,0
32.27737812823913,101.16458101749006,3,0.0814593892609281,0,0
18.798703360311947,92.18685672000917,1,0.48991906315998435,0,0
23.38013104670027,92.88086431005806,2,0.49113494070260444,0,0
17.408442499949153,98.59866504244083,2,0.33063314003401345,0,0
20.492802014477448,113.5132670227031,77,1.6455505421938597,0,4
32.20972231513946,112.05514949325013,2,0.5717793314410464,0,0
30.00019964466995,105.60303386791509,2,0.4252151793392578,0,0
26.197088634076728,96.16130703436622,2,0.261617013752403,0,0
23.152787013458454,110.6319853997704,1,0.13917711124204857,0,0
32.5,105.38180464337279,2,0.46436626068430087,0,0
32.23670825916924,101.70395153119514,3,0.2632917408307591,0,0
20.69486824752653,5.106920790536251,2,5.135196582518983,0,2
23.340117863088633,104.3160378266538,2,0.5614685034215299,0,0
17.71844140850523,105.87246066953851,1,0.1552783657623138,0,0
26.081027459036758,87.86605941504004,1,0.20105987914976353,0,0
18.574105385710517,93.79925832341694,2,0.5789371639600454,0,0
27.908889431859524,103.42194954182195,1,0.0,7,3
24.442065797539858,112.99339994030673,3,0.5980170136715408,0,0
24.55053429567575,106.91951530717739,3,0.06934010084403042,0,0
24.303978012955522,112.07209828332024,1,0.11935336759045967,0,0
23.665945604139885,96.78192229814249,1,0.4769184448996917,0,0
20.11657963444982,95.11637471218857,3,0.2897312836317063,0,0
23.023690337759383,106.73152204987156,77,4.421193561733279,0,4
20.298443575200302,97.86833000290433,1,0.1010698757720121,0,0
29.39400217873537,106.65559481599337,1,0.05898682894828866,0,0
24.02751193344103,106.0350958477078,1,0.4278446684975137,0,0
27.187039495019732,87.54341871189263,77,3.3835977825243404,0,4
22.13269700545602,93.35929189345109,2,0.37767557354001013,0,0
28.653349036909173,111.18578264696994,3,0.3041665327915162,0,0
20.0,107.45125748284548,3,0.0,2,0
18.12121469707343,93.99401582695708,2,0.5983756491414383,0,0
31.89740983921825,103.37468521291251,2,0.4745346502187715,0,0
29.17240107855874,108.64356819835658,3,0.5061094817039731,0,0
24.41506743289171,5.422756952259544,3,0.4701161064165511,0,2
25.154028495206994,108.81865254146771,1,0.3139953472464043,0,0
23.77185624252163,86.58129369560316,1,0.03998021300296273,1,0
25.6799568639322,86.91383668760794,2,0.28625526407635604,0,0
28.163701891133403,112.56171248001492,1,0.0,22,3
23.27983890411321,103.39348717207724,3,0.44687347602577887,0,0
26.916819430776606,109.51777806962568,2,0.1700108521937942,0,0
29.835907919843315,8.829123699750488,1,0.05957327310545679,0,2
18.86362392778531,94.75990992289793,3,0.5457272533073549,0,0
26.490378709921988,89.85686830157076,1,0.2552036001268192,0,0
214.71674884620154,109.94604917340627,3,57.80625512337872,0,1
20.54399681395821,113.14914455345448,1,0.18379534863753832,0,0
20.375508607206815,110.5902836640208,2,0.5563439725071042,0,0
26.18586935264725,92.40242262002143,2,0.553799615084575,0,0
30.19491943900639,103.26062583648402,1,0.4676324703930703,0,0
22.668843824489628,105.53306083207923,2,0.513344177597773,0,0
23.575342607429597,113.42431703186874,3,0.5650250374412416,0,0
26.67964731274066,97.51165708698116,1,0.354698203850738,0,0
21.143018860702707,85.27162484741113,3,0.26813738142000076,0,0
21.678789010828464,88.91871900607876,1,0.0,17,3
24.966310021449274,114.06633565857075,2,0.568186763012875,0,0
21.776198194552023,94.59087059998751,2,0.0,5,3
21.662551175109208,93.66654816727497,1,0.4577968516822182,0,0
24.480637459686715,90.81367390070065,1,0.5183877216570956,0,0
22.5,87.22740577991637,1,0.0,1,0
27.805082687393902,100.20790348231583,1,0.05549548769957724,0,0
23.051583305372898,9.539244672659848,3,6.930855833259766,0,2
22.89649605216634,110.26496129951143,3,0.5351650678147202,0,0
20.81699162430459,96.00256229277821,2,0.5598881602881356,0,0
25.401985806281967,85.02829127582471,1,0.32143930463981363,0,0
22.49483586530782,93.22841128675395,3,0.0,7,3
24.48119419483172,104.85517569548136,2,0.5929672334654015,0,0
30.132611801165883,93.24725012446723,2,0.13106719532322586,0,0
23.35933653499209,102.79133002560353,2,0.463434936558091,0,0
24.564960360132545,95.71577001979135,1,0.15703656742895333,0,0
23.100439286209472,106.2794288441045,3,0.18554543221855724,0,0
24.508781030416213,86.80427027802355,1,0.04175326525953693,1,0
23.32049781478315,109.52349125473575,1,0.4603603225374293,0,0
26.80977318655659,110.24866022628322,2,0.34683613125605817,0,0
27.59468535035368,90.32445504973035,1,0.24843740318745944,0,0
23.07882497613746,113.92086541496542,3,0.32670031667614907,0,0
22.589865353765692,113.99252157599221,2,0.27570276944306116,0,0
32.10342458282826,110.1597146347737,2,0.21166863667911429,0,0
31.722813192495146,110.46258101695705,1,0.5406630759847815,0,0
27.55461713098246,107.34067064913341,2,0.0,25,3
21.255876194789828,96.16246764888687,3,0.2065941613799609,0,0
24.573391199239975,99.76005188296249,2,0.3205697317486873,0,0
29.766587442859297,102.08005605328282,2,0.050490504166923245,0,0
20.087747550619177,0.5163858100434867,2,8.656122822408918,0,2
25.09722705566481,112.08756919699161,42,3.584239431621757,0,4
21.853786073198467,104.85052865199569,2,0.3387991205033565,0,0
23.945392082424256,1.1569519864387543,2,0.015827568092269928,1,2
17.0,111.78015133230925,3,0.0,2,0
25.21872972764897,109.52342951520859,42,1.1519278866823868,0,4
31.18433124274046,89.23179398476891,1,0.1492215174083995,0,0
17.364467551316388,97.43872371181071,3,0.42160472669626614,0,0
23.442377352288656,101.25114437230012,3,0.06445378242961297,0,0
25.011743199976966,111.21034103682246,2,0.2563923397345853,0,0
28.88718992222953,106.44106949146773,1,0.07889676786137656,0,0
23.805661329472162,103.25715172918049,3,0.0,21,3
30.52710506265279,99.62795314148683,2,0.025189666379230147,2,0
19.617380187969154,85.27591154849888,1,0.12771487159150752,0,0
24.270090339151633,104.36036869751824,2,0.5109020316663653,0,0
21.014495017099105,114.24280244008585,1,0.41206462212882045,0,0
24.035921144717427,85.65739986325026,3,0.06729665459234724,0,0
259.0227961428355,96.19946219097822,2,92.41694282185887,0,1
22.180634429907997,104.25458550404306,3,0.2045212005563002,0,0
21.622075775361353,99.20415312341697,3,0.010060949859802548,2,0
27.361350187769133,95.90883246313471,2,0.3874374542483956,0,0
21.359060546502654,109.30340184037541,1,0.3712333865742181,0,0
27.908889431859524,103.4111944554873,3,0.0,1,3
22.9253665632452,96.00873495450986,2,0.256007302455572,0,0
20.727796095290156,111.75616434432204,3,0.3467189661312098,0,0
25.26986218326428,86.52922107374984,3,0.0,59,3
20.640808242224328,110.77335272940749,3,0.4342496482317024,0,0
24.136281333488668,90.89447957208756,1,0.1316498346441115,0,0
31.538967328739638,92.29905783948901,1,0.3584248451164349,0,0
30.52824312634169,91.46445948356724,2,0.5296909347478369,0,0
31.014815200295832,111.12675371403418,1,0.24477053817526695,0,0
22.12316828715419,90.45336601652086,1,0.12568882148261196,0,0
32.5,86.26017302256436,2,0.1225456950271564,0,0
30.735260299210974,114.9625010317395,2,0.5403408602045836,0,0
31.555774115093914,90.8552384512002,2,0.33029995418717206,0,0
23.888226961366318,105.0846086559457,1,0.20039770433016102,0,0
29.15424874598826,95.23955937850157,1,0.28098151084997625,0,0
32.5,95.9513708042834,3,0.0,1,0
18.307595944818285,85.67407924960352,1,0.08974379463692017,0,0
22.709208002179537,114.35064361170569,1,0.5923451479120914,0,0
25.020197731044508,100.96260471814034,2,0.30480031163184407,0,0
25.645853758527764,111.82572623992354,2,0.4972101004842848,0,0
27.935942082676394,91.8601225415381,1,0.4361963854997022,0,0
22.25639437070684,95.73394795976326,3,0.04888176339214212,2,0
22.528681921758597,102.72499781707032,1,0.25615049744605756,0,0
20.398188939823726,110.06440677226583,3,0.2788887879264337,0,0
23.901586366510163,110.9710297697201,1,0.028051007389645832,1,0
20.0,114.57802505874753,1,0.0,2,0
29.003233006859617,94.45718303948352,2,0.21863002710611923,0,0
24.32460909151008,98.01805748894121,3,0.5645496376662074,0,0
-92.53690515055969,102.24911882190165,1,2.9740318219791817,0,1
28.33155493985977,100.14262970696625,2,0.471696162744216,0,0
23.477112189422463,89.92554892169076,2,0.11233265333569875,0,0
21.528503039505058,1.5262405339024583,3,7.62666424766191,0,2
23.493446689052035,102.93047006570377,2,0.5522434471972169,0,0
23.27656172577928,108.30131670865543,2,0.06031218905935276,0,0
30.688956831101667,113.00239961348665,1,0.506070623124149,0,0
31.554964537790855,96.27117416140811,2,0.5106531910346668,0,0
23.12424266508124,91.73321715509982,1,0.37899974998873986,0,0
26.827525773399593,3.4207711521328434,2,1.8976793950622266,0,2
24.693110099753593,89.89106010794774,1,0.1433787481561275,0,0
32.06942802984828,97.63574139476172,1,0.4574368074667703,0,0
24.313251926998152,99.62883429001633,1,0.4936743432363855,0,0
22.168199707368704,91.66227612079962,2,0.161236426646024,0,0
27.908889431859524,90.43939244453986,2,0.0,9,3
21.678789010828464,85.80555862102428,3,0.0,23,3
22.833021222695468,106.43272492213727,2,0.24412810535288187,0,0
242.6429072330933,101.9661674385898,1,330.81107020141695,0,1
23.98520375021949,110.50398204055111,3,0.3661430505055989,0,0
29.204410364836185,104.30898392650106,42,1.355496418197685,0,4
28.29106943754096,94.88249972123329,2,0.5718491739346163,0,0
26.363026718190557,110.47806251314543,99,2.69993730088105,0,4
24.252779455691613,98.61539691420735,1,0.24539236369402317,0,0
24.726323046502774,96.51498855799132,1,0.40776274276274194,0,0
20.16929352425535,5.459904750690495,1,9.791497764812917,0,2
23.65402107799888,109.84557607970359,1,0.44159951027410926,0,0
27.908889431859524,107.54892380701801,2,0.0,13,3
23.897458417108833,89.28550861902517,3,0.28857135834422465,0,0
23.576550948004495,85.87898329310255,2,0.17726406530473326,0,0
22.037831108300235,92.42044305229592,2,0.4195768688128929,0,0
22.83771790891775,109.44475341239537,1,0.19265976894863357,0,0
20.676391089870673,93.43221656335339,3,0.5969075268642641,0,0
28.48627798720978,7.707161631053249,2,1.8913762763332613,0,2
25.533427748141683,92.35658735162127,77,0.37109676878339215,0,4
28.269946099050003,7.734114020135928,1,3.871738720717559,0,2
25.422984930677806,101.23799736028332,2,0.3132334830024348,0,0
29.98784675141574,90.39998849832061,2,0.5952153400586973,0,0
21.428859078410643,108.92261661824993,2,0.39985519777959055,0,0
29.442688708907205,4.394154387600482,2,8.790136817657146,0,2
24.004631498844557,88.03084739473776,3,0.45171301128061003,0,0
20.0,100.4783763557627,3,0.0,1,0
29.073983486241975,87.52005143561877,2,0.44806099724525694,0,0
150.2000459236188,112.34738803756656,3,223.5743024357928,0,1
22.542531669484784,110.35362554488104,3,0.06814189311382535,0,0
20.773202446721875,113.48564128535801,77,5.190595880301782,0,4
25.26986218326428,89.8112039531558,1,0.0,37,3
27.980493591061578,99.49198735579908,3,0.4217870179758556,0,0
23.015978557035154,111.20269714244982,3,0.015997270290355914,1,0
209.40365194535192,91.95535469649899,3,269.7891542788068,0,1
31.572802590180014,104.02002302247965,3,0.3875502707281129,0,0
22.514901827187767,107.33326503512662,2,0.20159915745878365,0,0
-79.2945458938002,101.53094058040472,1,229.67367836858654,0,1
29.42663642592005,97.86175425254444,2,0.13946910192834494,0,0
21.92475365403634,3.010468839571729,1,3.469511491726024,0,2
26.889463056816147,110.24319279868735,1,0.3255877718602207,0,0
20.432592045419437,97.63356713302245,2,0.005215294940104087,1,0
26.67506852635678,99.87151030234827,3,0.4600196412265234,0,0
31.65213371148849,93.95351983443281,3,0.01633004629332646,1,0
25.24111541226955,0.8119365762968371,1,1.9340875282764394,0,2
28.57197587224554,86.80065392764813,9,4.048834124610767,0,4
22.194599851319225,85.57386899311861,1,0.4997347949871731,0,0
23.805661329472162,88.37214133833847,1,0.0,7,3
26.694538014551842,85.31539673624961,3,0.3402018031054901,0,0
20.12258009946241,109.09399266808738,2,0.27705629683438815,0,0
25.29523556190686,88.18481060642402,1,0.510124989597621,0,0
20.606799387697205,87.63152925159893,3,0.1366151340092685,0,0
27.55461713098246,110.10710335949965,1,0.0,17,3
24.848452159124975,98.54161072989027,3,0.08858243731683402,0,0
29.57868559877576,1.9991083317438252,2,9.092410882422982,0,2
22.96117130611909,111.59308166066171,42,3.5436621938277852,0,4
22.816091820144678,102.51318341542336,2,0.3367580609106682,0,0
22.011841421666517,100.69654059901876,42,4.297262886950929,0,4
27.86554477742112,114.41944658692148,2,0.061817726396839134,0,0
20.288648394580306,96.85265567069898,9,4.683923978135784,0,4
-55.62055046405708,105.50165899430252,2,19.374832746831252,0,1
25.089232910996124,101.09869839206482,2,0.029155106173131884,2,0
21.131188648057165,114.8645083219966,1,0.4043133994135495,0,0
24.791000899505654,113.22640508677613,3,0.26751690034392084,0,0
25.61130936191806,114.18683168163085,2,0.1751418373344542,0,0
22.283104256251782,95.83785187211184,42,3.383456519768842,0,4
28.74788746489371,85.38692409368576,3,0.29462240205808854,0,0
31.032566644080042,99.84485369864261,3,0.36174856935815924,0,0
20.649066962146698,96.6448434388095,99,8.717993471675555,0,4
31.70861800553232,96.54876167912671,1,0.2544095534377959,0,0
27.36826718346039,88.76838110560907,3,0.49857225746199774,0,0
24.314641595303573,93.61114399524739,3,0.5923369539397996,0,0
276.01157395315863,94.18175358775434,1,11.482368343538269,0,1
-84.69256745407127,109.98567425853763,2,262.2050117304377,0,1
29.292046762914723,98.44386098395479,3,0.28817927243710884,0,0
170.42612135423568,96.68659406878285,1,246.35832974884306,0,1
20.386633861781,89.10704217092179,99,2.9533733264849396,0,4
26.91836937956811,112.87841955057428,3,0.3277190793074318,0,0
23.29358020697785,95.68581830384139,2,0.41419032642305353,0,0
31.318795650684173,106.89035240941723,2,0.5407276458958457,0,0
21.165699829538408,110.7623490558874,3,0.4419485577523723,0,0
27.23559839394823,114.34796390588423,1,0.40714398097081883,0,0
28.33049631068991,101.12873802242063,42,6.496401674516402,0,4
22.49483586530782,92.90564327451196,3,0.0,16,3
18.473494044084966,90.6113124567257,3,0.32339151983032366,0,0
25.26109253074694,85.500146517989,1,0.4877287117051985,0,0
28.739798507938207,112.44658450364511,2,0.008973775175391552,1,0
26.78077247786176,107.81200201862448,1,0.49059179726023316,0,0
26.90506632011136,86.37760168273789,99,3.1584533249850217,0,4
28.72520516846182,5.484721641231525,2,6.86945914101134,0,2
250.1042696237712,89.52210979093505,3,8.9185265190643,0,1
27.061043814466125,91.44563819274994,2,0.2504120639586098,0,0
30.191873441701848,86.53394914320091,3,0.5722717766550254,0,0
18.5551519916339,88.40420563721767,1,0.19072037873969094,0,0
20.29771907407132,100.1244546918495,99,0.15155023089517883,0,4
31.87007649521556,91.93266766403706,2,0.21453118022451534,0,0
25.9085463740193,88.00724110802774,3,0.2755279790824119,0,0
23.398394112139155,97.317960917148,3,0.2787978753668412,0,0
26.328506147943123,94.47319453748489,1,0.5748790586079195,0,0
25.819324943977218,105.67327244460472,1,0.384408853164107,0,0
-98.03049185551566,108.73893237351837,1,309.68687666865526,0,1
24.304924217328068,90.95117619543105,1,0.1141070228761869,0,0
22.83296542808743,90.17159086315499,2,0.17790834489338536,0,0
21.61445117079393,106.99213888089025,3,0.06610193916274199,0,0
20.9946159745219,4.115471443092017,1,0.3400740701746905,0,2
23.18137386570077,102.38609107449943,1,0.0022443909792251304,1,0
236.0871463419394,104.6139852800085,2,1.3597706920032238,0,1
21.459643003913847,99.280543881063,2,0.2848284928653584,0,0
22.32863989790841,91.3138665142601,3,0.0,10,3
26.231978602010017,90.96750441211674,2,0.2565829550425107,0,0
22.870834166215325,94.42486191510916,3,0.16853672879190285,0,0
29.49799353462003,1.9408361233973928,1,1.226491579581257,0,2
28.614748123426942,107.7963611211637,2,0.0,17,3
27.66726330875927,102.3680967822101,1,0.4441265500129248,0,0
32.5,98.33181456747309,3,0.3226786084198494,0,0
30.139387641848014,98.82054920446402,1,0.5103049156364214,0,0
31.78151775265972,96.04931146260195,3,0.3361404123511811,0,0
31.060927480065292,103.82126513306086,3,0.36863771680024726,0,0
31.48228659969506,94.81274518004916,3,0.40229465728560143,0,0
21.284750388885755,107.18407699716181,2,0.3557286738281711,0,0
31.41294735487883,96.1455872573072,2,0.4363476011039431,0,0
232.4862580690742,87.20082278550758,2,326.0991198919397,0,1
26.694985765506946,0.7535850065751157,3,2.6637739285540505,0,2
31.880880629794703,111.63454344894996,3,0.010804134579142755,1,0
25.656352687011438,1.7195377860593832,1,2.1735308856459206,0,2
32.5,105.86920647156808,3,0.0,2,0
20.0,108.49484292771092,3,0.0,1,0
20.406526825536904,98.80307879673063,3,0.2565308313120056,0,0
22.881936868450765,103.71229254592028,1,0.3172240637237138,0,0
26.743915541348734,114.33980271214703,2,0.3770015333215895,0,0
29.53802197877471,96.2781512620988,2,0.0936900590217995,0,0
22.72883308710535,97.89793232170445,2,0.2309913920030695,0,0
22.09182252913474,89.88616684493044,9,1.1124388753061787,0,4
25.769109078983792,88.7815782685722,99,0.3222281446440256,0,4
20.632243392506336,108.86352874532763,42,6.250037029270576,0,4
-66.52596268070343,103.43443024608948,2,10.047135058512112,0,1
23.803441712495392,90.53881620211946,77,5.9697613386343775,0,4
21.88711655569489,104.1228970449462,2,0.0487621459321268,1,0
19.682631675674987,103.05644768908967,1,0.5759643952306206,0,0
20.661829321288316,85.1145976797575,1,0.40720619082720333,0,0
22.686062082331198,109.58487056158157,2,0.08732433202433398,0,0
31.312598590479535,94.21449850569857,1,0.09156821760042888,0,0
29.515583867164185,98.81698022686767,3,0.5888969730769169,0,0
32.5,86.62403225206963,1,0.4217028452310885,0,0
20.343404711650376,103.67029793851738,1,0.512302125567583,0,0
24.733801733137142,112.67811271281873,1,0.2731573652396264,0,0
21.657633273760588,112.16051925868192,1,0.5534286765886982,0,0
27.76974623665885,87.15206031242275,3,0.1188132530562811,0,0
20.367937242972186,4.089913587340877,2,0.8973318975185727,0,2
21.26526914049076,0.9639954215470674,2,5.975703287233088,0,2
21.51584603131707,87.62339505399656,1,0.05645441473869184,0,0
17.181704466022236,109.89225411121605,1,0.18170446602223578,0,0
24.6176206853951,109.14966999042309,2,0.21176152467163334,0,0
31.565889091541997,87.22477317322092,3,0.342650124811005,0,0
30.39391719699716,99.82377223423812,1,0.1763360500047675,0,0
21.70500914293725,107.5712358831304,3,0.20702214729244517,0,0
24.623526540851923,92.97785351896357,3,0.33995757954725647,0,0
20.83816160835025,105.4068333762506,3,0.014666304975207822,1,0
24.97257237271609,113.6990296859181,99,2.5158195119024214,0,4
21.02416717677759,3.3721039660924883,1,0.14336249480249563,0,2
23.010317569988356,89.40689706633337,2,0.5103175699883558,0,0
24.40176714447677,99.53613985240032,1,0.5007157972581737,0,0
26.220505347029064,99.7454267749548,1,0.2904725918557176,0,0
22.461510200772373,93.07484712974887,3,0.113609567223655,0,0
23.245203525283927,96.63960279840609,1,0.5628530508967877,0,0
31.516199019416064,93.36141145423447,1,0.39385306862667946,0,0
22.84547297137982,93.73881241616516,1,0.4374973802186055,0,0
26.8000567662596,96.20950889118953,1,0.3636546296110552,0,0
24.243859470004207,113.681414308358,1,0.08823474174668888,0,0
23.778182838449048,111.16160294138481,99,0.0316519219164384,1,4
30.212023563627675,91.41516668485792,2,0.24013711193303422,0,0
22.5,94.48877046176874,2,0.2828615841337303,0,0
20.43520185355763,111.02539728104762,1,0.0,9,3
25.632069737562674,110.87302390423471,1,0.5231477713622539,0,0
22.287179023307843,92.2043685633458,2,0.1600810251800695,0,0
24.031698000705227,105.20259186734297,1,0.332185640688337,0,0
21.212752368864777,105.87697354506408,2,0.41045421259758186,0,0
29.732870499391822,3.3740021414447705,3,5.014440751015684,0,2
24.720759518281174,114.95682419756886,3,0.5200082042120329,0,0
22.339470558536444,95.74488154098522,3,0.14175388854947357,0,0
28.896763056074388,86.79829902583924,1,0.33754333331215136,0,0
29.097033289005335,91.6448064657892,1,0.2090635589368759,0,0
26.87334406116948,101.49151765489933,2,0.5174953122930148,0,0
24.029252985610082,105.60035835172388,2,0.5827208807433593,0,0
23.03048226417875,92.0297519695158,2,0.1066472660887463,0,0
21.513273965024375,110.67211776717359,1,0.3901422753888504,0,0
25.236596620628788,5.601569222642278,1,2.5119018447122023,0,2
23.811836455524592,97.26098686812801,3,0.5408936558552071,0,0
22.69874762386609,92.89738524491634,2,0.2943353994509401,0,0
32.01722923566152,100.23352560853363,2,0.38099790783080323,0,0
23.42222743293746,95.21727812263356,2,0.15604149305092463,0,0
20.0,113.21611903308843,1,0.0,2,0
24.692550548149228,99.07908989080022,3,0.5617718849660882,0,0
24.472202852023642,5.914085118145002,2,2.0228123950870796,0,2
29.290606754220725,96.01521443293876,3,0.28138444838688415,0,0
23.879385248543436,114.86935530023048,3,0.16950898734853226,0,0
23.2927752103663,103.31128179345076,3,0.5315793408853615,0,0
22.849272659249422,109.99822915086273,1,0.16332071220559996,0,0
24.60211422118745,93.2264560704601,2,0.12288672244464749,0,0
30.29406825556011,103.43928456804659,2,0.19263889852378213,0,0
32.058580734385046,92.26550336781303,2,0.27732357960427123,0,0
24.14690180129448,97.45321530564797,2,0.42843483399669324,0,0
24.15503375546735,91.46919288177547,1,0.44695537810040875,0,0
29.116754014275585,98.82908776637619,1,0.22727883432560603,0,0
26.026873598873294,111.58280305939624,3,0.43559619763064816,0,0
27.55461713098246,88.5112444806533,3,0.0,19,3
-59.15697597294888,101.79275478787872,2,25.423294428793817,0,1
-78.37128674983248,91.02553648153349,2,315.6894923728079,0,1
168.62811647391854,92.72025964568597,3,10.521705017145536,0,1
24.38368669832493,114.28239058664403,2,0.5200464019075497,0,0
21.47843187657881,104.9047103538613,1,0.14349911139250437,0,0
24.938817084615284,97.56276971447966,2,0.11923626208591998,0,0
25.058517799849575,108.50408680147802,2,0.3943834873419476,0,0
19.16131524247013,97.12869241764608,1,0.008562498663064133,1,0
24.066801840966583,100.91886067291581,99,0.3374805162656642,0,4
21.863693888161713,6.778503012419814,3,4.866397121468811,0,2
21.600449480815488,86.65469771805357,2,0.503845120956651,0,0
22.253236461798643,91.07441680495712,2,0.2948805392774787,0,0
25.581403323527837,111.01180547136842,1,0.12662473099337035,0,0
24.763146219851564,86.55507397359187,2,0.2088239028705523,0,0
22.804586110496523,102.06764217534149,3,0.15541027552858466,0,0
27.43991719379669,99.58494065360946,9,0.6136595078210689,0,4
297.0483109091739,95.10741509774381,1,379.144045814505,0,1
21.97756547702081,114.8631254857393,3,0.09936820210018737,0,0
22.5,111.1463704212438,1,0.0,4,0
26.696703717369584,99.805275479818,3,0.3765949579114114,0,0
27.2460902838477,86.43873197310963,1,0.4397813383766156,0,0
20.0,89.36885940116271,3,0.34564217949002796,0,0
23.776413829763115,113.83893922398828,77,3.1021751677262976,0,4
24.66599300564269,92.1653548121082,3,0.471814808443213,0,0
18.16415334096021,90.2916095951867,3,0.43097157554424115,0,0
31.562290392715767,108.15416405434704,3,0.5832219444343636,0,0
22.42525558706375,95.04367125672037,3,0.5171556757063485,0,0
24.542492022280275,112.36624710344577,3,0.2784032797387468,0,0
22.571807526298794,92.79261351280978,1,0.15277377958522464,0,0
23.876013231809896,87.54898869668399,2,0.3770676543615501,0,0
22.865568123208753,95.2734393650414,1,0.5308229013611694,0,0
22.8261147974457,86.07826821390226,2,0.09393616919540904,0,0
25.47421305129014,92.04920214987858,3,0.07480640622215518,0,0
23.844635061019623,96.25964037319042,3,0.5662541924664914,0,0
23.115640168231277,106.06492985944938,1,0.014548072802327283,1,0
25.026613865187528,86.70041296497506,2,0.21563666020001548,0,0
23.40129190888892,105.6521505547641,1,0.2467030351725903,0,0
23.655976043403594,92.56968232791236,3,0.07751289754838453,0,0
24.893960930988662,86.53496519336427,1,0.02249741653765014,1,0
27.0,109.5092172181551,2,0.1976651399060465,0,0
17.114633718811298,87.74746219979903,3,0.16683132367196762,0,0
23.1821880020874,99.96903832662379,1,0.04852442699337445,1,0
26.61402033118783,94.74624601297866,42,0.5919356887057958,0,4
19.297868782340913,100.90906399747475,1,0.17268510424935712,0,0
22.490548365107916,98.31250657913714,2,0.20712254187015233,0,0
20.773146868826544,6.981901897237081,2,0.6339314394291975,0,2
28.440780116943063,102.51574801924046,3,0.3266659900586397,0,0
25.17827707056383,96.89661045969889,3,0.0632484908622537,0,0
32.07678678893035,86.60633952678025,2,0.544122989709404,0,0
23.35718593534179,114.12029636229232,3,0.3847623815853467,0,0
27.477652771400322,3.1752057972348884,1,2.2239918738405358,0,2
26.627165615066357,108.86633175779944,3,0.5846140205872743,0,0
20.0,107.447164185427,2,0.06487006015225205,0,0
27.55461713098246,112.68084951863102,3,0.0,3,3
22.509728154798545,89.71250942886729,42,6.511444931624233,0,4
18.831148702075044,107.39474215354073,1,0.2095203622088775,0,0
27.0,86.87182205794832,3,0.0,1,0
20.251541298231132,107.90619205274159,9,3.950785029783468,0,4
19.28460402061736,85.50842994668743,2,0.4493397422848169,0,0
22.5,104.76828381804228,3,0.0,3,0
-92.43293706542335,94.33135959253917,1,36.9486474814559,0,1
30.0,99.12449258097695,3,0.0,1,0
25.033819715640256,103.07348325899764,3,0.1940624191727487,0,0
17.0,100.73534168710763,1,0.0,4,0
24.03816578795917,114.54614698340806,2,0.5935930296363736,0,0
29.953763295297456,97.77605682649431,2,0.39478697469812474,0,0
29.411172348914825,98.2718122224458,2,0.5888276510851753,0,0
28.95834676690162,9.584148872223462,1,8.789413216186436,0,2
22.890522120383938,87.18695355614965,2,0.02203855600238569,1,0
23.291964124700502,94.04986724893446,3,0.05524940034256787,0,0
23.69700727640115,105.49744084868938,2,0.5335370633688292,0,0
24.095503511217284,103.31001349932755,1,0.22643076101279647,0,0
28.767446107001703,97.3827496083218,2,0.3636556437495351,0,0
21.038330348155682,93.31775249047558,2,0.18722443642035458,0,0
20.217889497622554,108.6796903108349,99,6.352119368692929,0,4
19.285229206307424,112.6261720159544,2,0.44829434892813325,0,0
23.397297497842892,93.98697033861622,1,0.027091919204092818,1,0
20.487132761511518,102.00418315031398,2,0.48713276151151774,0,0
20.167115459817637,87.2542885953276,2,0.1671154598176372,0,0
283.0936502665994,90.8980239044467,2,361.82692046957675,0,1
30.271114749281402,114.93745403236863,3,0.4464600708962827,0,0
22.32863989790841,111.03981800008332,2,0.0,26,3
23.423792334903055,110.79384024434937,1,0.166315465119375,0,0
27.030696560242458,104.3326950888945,2,0.14123350342631014,0,0
30.74793072714426,91.59402135885772,2,0.5557280533070781,0,0
29.380937769931094,110.56642620168938,2,0.1666804312482384,0,0
28.582483740861207,86.51250320806628,3,0.5583632683564801,0,0
20.336818489625436,96.70715648751985,2,0.33681848962543626,0,0
21.097418160152465,107.68930290940882,1,0.14883453368503297,0,0
18.973724001623136,94.02634929450309,3,0.003301792929136127,1,0
20.54276289971333,97.74382543994236,2,0.3610117228835179,0,0
30.548264278491683,102.11993736942367,2,0.061051903283697584,0,0
26.82698504775837,96.78423150857617,99,2.5649735685866446,0,4
23.87259040254434,98.40926708208217,99,1.5720467250753707,0,4
22.49483586530782,102.51220675822667,3,0.0,12,3
24.169633548208235,89.03305388224365,1,0.23103891784452912,0,0
22.59665757105815,90.84925599700868,2,0.39614279273911635,0,0
20.0,85.97412315075245,1,0.174586336485671,0,0
29.027335552470703,91.82897607458177,2,0.3914608509302653,0,0
27.730185143383405,106.14733398194008,1,0.447905228030006,0,0
22.282832172536633,96.28777987991266,3,0.571787593377465,0,0
24.184624645365062,86.63696224848097,3,0.14285778597183096,0,0
25.451908290902963,101.63365683599918,9,5.078902812288181,0,4
24.571143190146085,95.08970182811001,3,0.030277192747618642,1,0
21.917303796420423,111.93757560872997,1,0.21236718509508634,0,0
21.04792323365703,112.21585092117489,1,0.2876557709207965,0,0
262.86630096720796,103.70523429868666,1,80.35172076564794,0,1
29.96275337827657,104.60466796174742,3,0.20538565414921095,0,0
23.524931815813378,85.9893083104778,1,0.5887860558165059,0,0
20.751190079139224,100.23415191876337,2,0.3548203399212362,0,0
24.82576642728252,96.78356938986114,3,0.16170695806155422,0,0
23.070928712943576,93.63836028027977,1,0.03774589702716469,1,0
27.049665508765358,108.05263213351726,3,0.276031635773446,0,0
29.547775524252152,106.18684509873921,42,6.644166396170199,0,4
21.79349766367749,111.72566604949441,2,0.40110218764173666,0,0
24.61314403698209,97.63744159882216,1,0.171078239442231,0,0
21.508467492613576,102.5578262652954,1,0.011708480281047429,1,0
31.979532965666852,89.00165851279779,1,0.35911915915196246,0,0
21.158527770037644,93.74442017737296,42,3.0963863644777874,0,4
22.01082838329347,89.05498867464468,3,0.5690257116606148,0,0
23.004338392890162,92.8633891605039,1,0.13025487504663502,0,0
20.163466652361926,4.60260222451135,1,5.088291246980315,0,2
20.0,93.49853210477733,2,0.21185576176675625,0,0
20.71304865087045,96.30600641041565,3,0.0991262612050221,0,0
21.33909189225041,86.34305166065461,2,0.176666740077426,0,0
22.408383519858717,100.03826933877188,1,0.011824811460549256,1,0
23.97573575591232,114.4415000272384,1,0.18932937026531604,0,0
18.98522430844468,99.81386789093172,3,0.3251606159454745,0,0
26.297577425438497,97.70316414699377,1,0.0906012221628707,0,0
19.733943762902175,114.2804146983764,1,0.02555525718496554,1,0
23.805661329472162,85.36347116798945,2,0.0,10,3
25.44801978275977,1.2866406097881848,1,3.2004174061715744,0,2
17.725508458888477,96.91550588855364,3,0.3962638374803902,0,0
21.251432182807665,88.99546377002571,3,0.014186789627022023,1,0
26.003684330152108,86.55968055933123,1,0.17409040694758815,0,0
23.250610802164978,107.94429402708987,2,0.12750352530117226,0,0
21.059586804691445,102.98291626082866,1,0.04393078943442319,1,0
23.52416498442242,107.76930495562092,3,0.4269119746582746,0,0
20.0,114.10350659255296,3,0.11219569898622339,0,0
21.000102453424148,99.07122242554462,3,0.35509480661308856,0,0
23.496820793848666,97.65162780620366,1,0.4808422368135119,0,0
24.52487291556699,93.55559788030143,2,0.40312369408159654,0,0
-79.60323144728518,103.27936575720582,3,5.48690364516834,0,1
21.20770967064735,106.41857897519769,2,0.30968198362136334,0,0
24.410889253486115,106.5816446672446,2,0.2914171786690858,0,0
20.655924514906896,92.88079929640016,1,0.07404167036020226,0,0
-79.82052646174262,98.11234248272424,2,271.4851338833309,0,1
22.49483586530782,101.78206347694723,1,0.0,6,3
32.5,100.90265490743272,2,0.3907029133518236,0,0
28.810073710159458,113.63343084558966,1,0.03570109760549656,1,0
21.06430221334148,99.06303896393517,3,0.5851151564672215,0,0
25.117387647814713,111.52619390045223,3,0.3830266313121484,0,0
21.367747881213333,110.34848420698307,42,2.0838267601464686,0,4
21.447403845763322,89.05651941138564,1,0.5958315705583423,0,0
21.06930261188669,89.19962130165288,1,0.23046066364769402,0,0
24.664134312507628,103.90279380584991,1,0.027793346720251577,1,0
32.5,95.1858675739208,3,0.0,2,0
28.163701891133403,89.55048545100031,1,0.0,9,3
22.749197299361015,106.6805072342346,1,0.17696491043938067,0,0
18.346873424831507,113.73369402964612,2,0.5305866606634062,0,0
23.35875796298179,86.27266894620675,3,0.5426661428371133,0,0
24.182024783024016,110.44327705046891,1,0.21894035969089387,0,0
25.336159873205645,104.78517944953981,2,0.12423456780134501,0,0
31.79482388346317,107.78685501741725,3,0.2324895584379938,0,0
182.01718219890634,92.03866801018846,2,77.06916573659052,0,1
31.748871739695915,104.2027118975851,2,0.2599227665152881,0,0
20.483660783723018,89.19161700936863,3,0.4836607837230176,0,0
17.53894605301255,113.10489217974273,3,0.19640539843517857,0,0
22.112786441154803,102.26780285920246,3,0.11253675833214416,0,0
-76.37346823445496,96.46104491233812,2,328.060110111395,0,1
20.71974715239505,100.15346667232019,1,0.3143212508917159,0,0
22.734562277471472,112.37752653774469,1,0.1618995920587203,0,0
240.61081508985956,98.93556594435157,3,317.2066120804772,0,1
18.730036675412688,93.14047095321688,1,0.13358725237262092,0,0
23.48931350374916,109.92847513165205,2,0.08405085626421283,0,0
30.92166936720788,92.52195478006163,3,0.46923404483530007,0,0
23.665930893148822,98.28081105902308,3,0.2616817934410314,0,0
20.897808144731535,104.50765213280985,1,0.5040480630550839,0,0
25.19145053193652,93.605399369416,3,0.5990487587321276,0,0
30.960967932360077,94.28444737584601,3,0.48991026561247963,0,0
30.182557992903394,85.76114464126947,1,0.21021106830173508,0,0
20.881775732186647,111.33490234456123,2,0.354142471019145,0,0
25.351116027335387,86.18856476045072,1,0.3358211866720211,0,0
22.580438940367156,113.09369171065316,3,0.0,19,3
233.24630022788222,97.92149864824032,2,292.7527192758158,0,1
21.468410529899387,88.78794224693509,1,0.16097056595488368,0,0
25.78888190755184,97.58004041257865,1,0.19768704589301578,0,0
21.913164704812356,88.0313743303194,1,0.23606982291888556,0,0
23.8417878459854,104.71592984920187,1,0.5197358654023851,0,0
20.418257205208008,90.55586703602404,1,0.19364473328449705,0,0
25.795553493852044,93.92712149322446,1,0.39959296626360086,0,0
19.0107081809317,110.47670231482533,2,0.1795594788566568,0,0
29.161510268144013,113.66966275724602,42,1.861400380398237,0,4
22.50332093482824,105.02805140749706,2,0.3944105466547505,0,0
24.01171438119996,88.51193238945588,3,0.020558270412767143,1,0
24.222230383082533,87.75551011687602,3,0.03829283625756119,1,0
20.566024656054655,8.415339716735216,3,8.321333237811597,0,2
27.58349428112658,106.46987956216934,2,0.5510825223885867,0,0
28.348558713150723,97.31479343624025,3,0.08331921971382528,0,0
21.868675131646295,86.04734657968672,2,0.5397083882124214,0,0
27.743483617208586,100.8045149815124,2,0.4823465542668721,0,0
28.997544361595157,112.66669954464581,3,0.32627954651713864,0,0
25.879967579886994,97.71214760946289,3,0.3871371822164136,0,0
26.51229519665661,113.73233899351752,99,5.583178583359576,0,4
25.108542225875162,114.85478230600364,1,0.04502772024365953,1,0
176.37148251158854,99.19283614298124,2,12.17936400955304,0,1
30.631965351595166,85.44568367522511,3,0.5587838097196958,0,0
-60.44429408992802,95.15441531103933,2,33.290661089766516,0,1
26.59702939560257,113.96318680380323,2,0.0,22,3
22.620289786112007,96.93597109052281,2,0.32333867289845486,0,0
26.035763757961885,85.22059133663281,3,0.005564745572922192,1,0
31.16002091563453,111.30756795612541,1,0.16978844287714523,0,0
21.335579004577827,104.94954710427986,3,0.34613681190395695,0,0
-51.98968964067634,97.42830542769647,1,27.273678540816668,0,1
23.780597722902378,93.19478861109835,3,0.459835070719258,0,0
24.166086438795748,87.68956693707037,1,0.11527671732071454,0,0
29.793957302662395,2.9487759251911196,1,3.3338543931954057,0,2
25.191925581442,90.99618923948331,3,0.27130215524411483,0,0
23.306209115420646,94.28387729338547,2,0.305792950034796,0,0
21.674781104740273,98.92715559217675,2,0.1565109606878714,0,0
21.407999122096903,5.446685929376328,1,6.755978141518803,0,2
28.614748123426942,105.3738321220262,1,0.0,12,3
24.982032420897745,92.56944208405459,3,0.21326788944158537,0,0
21.156651536532127,90.0269961791352,3,0.22949599654318575,0,0
-89.64575875561448,87.81891386231149,3,298.66108217114356,0,1
27.365503306659047,111.81800532009972,1,0.46490944244443355,0,0
20.4557252161382,112.06462565958735,42,2.3548184955999822,0,4
25.04309090722896,114.32369689551527,1,0.39700572738909656,0,0
22.895310389453723,102.13960046299309,2,0.12332696452052261,0,0
23.423817660091885,3.033266754687911,2,6.085297221386433,0,2
21.305791832460937,98.9583259382777,2,0.5860446800658856,0,0
25.220456579159944,93.80169026748935,1,0.21024130154356868,0,0
26.92111053220504,109.33313698915954,3,0.3416771450569982,0,0
20.230463156892462,102.5732674382039,2,0.568186427350053,0,0
21.678789010828464,91.1335397869759,1,0.0,5,3
20.59884806080615,94.80826300764085,2,0.10200268995509632,0,0
23.683675524189486,108.82403685196817,1,0.30762726569236065,0,0
23.73182565657765,98.62004863588345,2,0.5856431593867093,0,0
22.086659384829726,105.52942746776034,2,0.5874064000611874,0,0
27.832857123701555,94.10511727443857,1,0.3910658717121791,0,0
161.62309352036243,93.02714624134663,1,247.4307861030556,0,1
-69.83542446939913,98.05272780098574,3,346.57643077221536,0,1
25.137807814085903,95.02136645259878,2,0.016220681121090763,1,0
21.91183039097316,108.84852798474031,99,5.528086802823527,0,4
25.326610721737268,86.61694871181366,2,0.5263027149342072,0,0
24.888585927204655,109.27070920875029,1,0.34739167240158864,0,0
22.91607233441376,98.41607621514507,2,0.12362217951086052,0,0
22.394212385813933,107.83364611129474,3,0.16354962477509716,0,0
23.2957943839819,94.34536897041959,1,0.2694694909905806,0,0
24.330234238140967,106.21836735717001,1,0.030059208294460404,2,0
26.763448171429637,97.90917684698388,1,0.22267834467476533,0,0
23.53540826568101,85.42043552578171,3,0.4283256567319178,0,0
29.72589866289855,93.8201016578486,2,0.2243129001291635,0,0
20.281854975693772,109.47840816905853,2,0.25691185291300656,0,0
20.898462630966858,104.22624234409643,2,0.4334073928207083,0,0
21.564665989390683,94.5028503120258,3,0.3519136205259059,0,0
25.95501314503246,96.58863115436635,3,0.5408466086826991,0,0
21.815170632764058,107.27907969045071,3,0.06870219998209137,0,0
32.42900649792016,85.46447377412547,3,0.3973526600612942,0,0
27.95420750180677,103.18041495808244,2,0.31006172590790015,0,0
25.449917031192978,98.17391982414551,1,0.49418228344733706,0,0
21.669250349687537,114.7542985404809,3,0.27175405813560616,0,0
-99.03841482716199,100.77337920454858,1,43.705496918542394,0,1
20.787333682634817,6.960583259605583,3,0.49694585603707253,0,2
20.26342985967067,108.55527884179041,1,0.05271601893955591,0,0
21.559177348083818,102.79664710322153,2,0.20136561987168733,0,0
30.821376213746138,96.43327978024848,3,0.21642236689485017,0,0
21.812116173712074,87.73161550928393,42,5.374923321307659,0,4
31.32333893872051,108.11235361205931,1,0.29077229464046894,0,0
20.406310918081527,113.43569701760983,2,0.49149722665000795,0,0
23.025268477899345,114.40155828929454,3,0.451843711523118,0,0
20.921212635788716,106.07621504604421,3,0.5409272492776047,0,0
25.332094124214684,112.00069370194034,3,0.4078335634400645,0,0
26.570008866315483,107.71371471931629,99,0.5055246928777137,0,4
28.614748123426942,86.4325582323519,3,0.0,1,3
28.178740635904724,96.23011188880588,77,0.11321715546442945,0,4
28.544746404590846,105.60857324156315,1,0.0013436409904166169,1,0
29.84037860577869,114.87407103339756,2,0.5172119895474481,0,0
23.030377677866383,109.05184249209375,3,0.25690431855891305,0,0
23.98443465877034,107.46889452581196,1,0.05957953706304764,0,0
21.24006484158976,99.09412964346045,3,0.31170597784283416,0,0
23.65771226049819,87.26581258077661,2,0.326721068205007,0,0
27.914703363301516,111.16613586996685,1,0.11442686701237292,0,0
28.862918611475575,97.07111618624123,1,0.5228169321677001,0,0
23.861869441194642,86.8353964275522,77,0.23902739141688656,0,4
29.373395631247,89.96324920056634,77,8.765577206400302,0,4
28.929831894230976,100.95798932658374,2,0.4562880402813647,0,0
272.52300396958026,114.78710472697793,1,368.8170452502824,0,1
31.100120994677127,113.29062128937208,2,0.4762238869459665,0,0
31.519287011516454,109.63370878353173,3,0.583416373930433,0,0
28.2858241112064,109.26933248841127,3,0.2529682176409551,0,0
32.15942628864457,108.14454624450778,3,0.34057371135543235,0,0
31.360030287911016,111.24968485073265,3,0.2729428225283641,0,0
23.34484698696647,95.43427623706579,1,0.38961715911018047,0,0
22.894718540729986,93.47417279110012,3,0.04691346328321089,1,0
26.332402560584317,108.55215584690538,2,0.04485687367952451,1,0
26.55948710838392,1.6384862846414368,2,5.993462452329265,0,2
31.082024568833283,102.37217583057983,2,0.12349057370962413,0,0
28.98772307963034,97.28682781787528,1,0.3196502836217192,0,0
24.94325530231638,103.20540866620418,3,0.4985215462833139,0,0
25.020926849277437,106.81055581042402,1,0.06440836801612804,0,0
23.46317118729634,93.67562338887849,1,0.46748176390667595,0,0
20.617231511372037,110.1999466973183,2,0.369580498838463,0,0
22.617965649040126,113.48561870972927,3,0.43483645049609265,0,0
26.774906732171075,101.07805236556355,2,0.5531041763145907,0,0
24.636168651896224,85.42238989848671,3,0.003851300101850086,1,0
27.908889431859524,111.58152520570228,1,0.0,20,3
26.557801731605462,91.40612433651854,1,0.3633088005995795,0,0
25.57324475956533,101.75153432710665,1,0.4214540593810163,0,0
30.028414634979896,102.79467986581403,2,0.5594530188621007,0,0
22.49483586530782,103.8381247989838,2,0.0,8,3
30.25084356556127,106.80939614037446,1,0.31751130139016936,0,0
21.664885993451175,88.89571040253644,3,0.4486678299856486,0,0
24.693980548650323,105.83922876681183,2,0.3708880979140261,0,0
30.581492437610688,93.96409192249824,3,0.15376786160028644,0,0
21.14326307296463,86.7427585624105,1,0.15865681469261617,0,0
31.81784498244423,93.64456407332209,1,0.16571127095574312,0,0
25.252431124347183,114.621054169366,2,0.2315042750697458,0,0
26.29987491453956,93.5687979905073,3,0.2748441505545358,0,0
29.587432969084375,3.1330258315198503,3,2.568877862578173,0,2
21.61022325764877,110.13524142716555,3,0.23251290572591898,0,0
23.7757788783958,109.84129857322756,3,0.13825787591629535,0,0
24.165065126177637,87.65190901440275,3,0.14602127140168975,0,0
20.41411073372812,111.89723975407031,1,0.02565242576848803,1,0
26.2617783190097,98.51747478448353,3,0.06473008062556573,0,0
27.55461713098246,113.8821073419177,1,0.0,16,3
20.0,90.90065674693639,1,0.3252193866411517,0,0
27.979313675113154,5.90521532073179,3,2.916921009141575,0,2
21.35685464144298,105.80202560287132,3,0.3001929995455228,0,0
23.596738508476204,86.73364591059592,3,0.4749745216782948,0,0
21.524610682298043,110.15475501529075,2,0.541788852212143,0,0
28.52355460387485,3.7499025547145446,2,0.8676539659642479,0,2
27.142092621000486,87.39367370902,1,0.5715403676330517,0,0
23.439467595040544,88.95431120492377,1,0.5634041425766938,0,0
22.003246602283898,87.92130187324013,3,0.5777057099064287,0,0
23.569062629971647,96.60121171131934,3,0.3572472610101549,0,0
20.80504599481346,102.78954243266482,2,0.2920059721249011,0,0
23.41591218012273,102.08132083546849,2,0.1480871497913263,0,0
26.596903861789293,99.3138930218705,2,0.0299209010921615,1,0
23.713328179447032,99.30530404953451,2,0.577060686684284,0,0
21.208822780529793,113.24422712518196,3,0.10179337356694873,0,0
23.336809890853942,92.53507802645204,2,0.4980728790206683,0,0
21.760670360376576,112.18322799585621,3,0.0,28,3
18.998108880006832,96.79293174000281,3,0.567612665702935,0,0
29.982439138632664,5.083484218405621,3,4.163002723574834,0,2
23.637632570484623,110.73804741991987,3,0.07169359360041128,0,0
29.695321906336225,112.81524513207967,1,0.04288029565687168,1,0
27.651902029810298,6.178026784463257,3,0.9552904134815314,0,2
24.295609331582206,98.53390209393524,3,0.3609817198316989,0,0
25.46054256691472,92.87225129467906,3,0.4127921663304299,0,0
24.876280969895223,112.17270371909343,3,0.35140805432823186,0,0
18.968608961921454,112.75744952246998,1,0.24669020701882616,0,0
24.819580822529364,102.72261164059194,1,0.49220909691349846,0,0
194.9119170369949,105.21833347219071,1,28.02874093216755,0,1
20.389088567086798,109.67943781581668,2,0.47440723931052275,0,0
26.37725943426384,99.59116302475442,1,0.5291589454113534,0,0
31.125284489798023,99.58172625708043,1,0.1563146269527742,0,0
30.26425072180675,97.55106730396021,3,0.18852949038122446,0,0
23.57846314585521,95.63644626485822,2,0.24621931398387886,0,0
29.73766901441027,107.85228119408548,3,0.41211335485085954,0,0
29.18482040679156,91.3378875081459,2,0.1362075325633043,0,0
27.015197771118146,96.63791612964616,77,1.9887044248953245,0,4
17.179545013157696,86.5547061046728,3,0.03910731906190179,1,0
28.716188738595438,90.66789441294857,1,0.424352320093238,0,0
24.116221097535842,93.44431907352758,1,0.38501881111575287,0,0
27.831137317048757,91.42528758218761,1,0.002820534593737989,1,0
22.936292403766974,112.87782925593676,1,0.43629240376697354,0,0
24.437940504250882,106.19812386982653,2,0.40140027040361304,0,0
26.286747156665125,97.62209687705851,3,0.5748382089500019,0,0
28.940632336741082,98.47444608196638,2,0.043430735138645815,1,0
20.58250589550382,93.99757334520955,2,0.24331463074965853,0,0
23.00041616538585,102.810538597262,1,0.22011529818872333,0,0
-86.34805835568763,85.27726943743234,3,294.6955235957535,0,1
21.193934110358278,90.1695961360489,2,0.20106928622523412,0,0
23.425756679704108,97.74552528604261,2,0.34210483555632365,0,0
232.3079408374574,106.91400103433112,3,47.63688953598026,0,1
27.830674701590162,110.09188021851988,9,3.3913382045590375,0,4
24.592401773204394,102.1694555689023,2,0.40423610667190957,0,0
-83.13352344482927,94.79418189455862,1,354.80696268295515,0,1
21.410977964289252,1.6960307771463883,3,0.777785494566043,0,2
27.300109887745776,109.04359083472141,42,1.2406081576686674,0,4
22.53966398312222,91.90272376120119,9,0.29636628947410415,0,4
18.55081305506186,88.56453748804216,2,0.5324360691817951,0,0
18.372577206821415,99.68358280832689,2,0.4261261534905323,0,0
20.80516558591512,5.837079600290311,2,8.928626371836053,0,2
32.40768101593161,89.34695977922038,3,0.5355706790500641,0,0
28.896013951243944,112.35049012989208,42,0.3510878172872509,0,4
30.711206862350796,109.90548899853081,2,0.14849069459944886,0,0
27.761716021440026,101.24123262722316,2,0.10267647455196283,0,0
-72.8255271145683,101.32754131826721,1,302.35843813713336,0,1
-61.30374715972257,93.86131011521849,1,18.675429781736064,0,1
28.000284717479634,104.01668385497325,2,0.49150403406453336,0,0
32.451802012425055,113.35151660183811,1,0.011053902295252271,1,0
31.235278232370725,95.04230595398087,1,0.5410477273297758,0,0
27.908889431859524,100.79666670603557,1,0.0,2,3
21.009756455097108,91.6708391424451,1,0.4735854186223989,0,0
24.677219415492765,91.62308838366282,2,0.23241867093778623,0,0
20.30289107985441,107.59938795637771,1,0.30289107985441177,0,0
29.86928336806516,108.31557728318829,2,0.5388955238193809,0,0
20.98944219267387,107.98194329605909,2,0.4454453787156609,0,0
20.98420930957358,104.52364962540706,3,0.4039442524411889,0,0
26.549795893862246,102.46210393372671,2,0.2607142510389089,0,0
-82.14212052118859,92.16186435733435,2,275.03125446928686,0,1
28.004100633251035,99.53104454027974,42,0.49579699638768915,0,4
27.294439883265497,92.12697530150454,99,1.4531853545491131,0,4
20.77756610186669,85.32512954440895,3,0.13295798551900262,0,0
22.173575700723102,109.82571081861451,1,0.19520326938508248,0,0
31.045509626167846,96.44723163476553,2,0.42578406359062626,0,0
24.91451243367606,85.00158480796891,3,0.2741651346703087,0,0
23.96695031865246,94.14037417294122,1,0.34803652356847437,0,0
24.32036434610156,102.65293721360356,2,0.37577040537806994,0,0
25.408122824824353,7.328735533595268,3,4.452766731207905,0,2
25.059262544921705,100.28205608592911,42,2.117323516455368,0,4
23.267825030331405,111.4094428644678,1,0.5926180666796377,0,0
211.6563848131396,107.2135936715077,1,284.9809555064139,0,1
22.676414626410487,106.97203147175136,2,0.26248754142423536,0,0
22.49483586530782,87.26787625484803,1,0.0,15,3
27.12593531734639,112.32502680969262,1,0.14476128215497752,0,0
25.15503673561977,93.74550784453577,2,0.4723783789085765,0,0
28.57059617029439,87.1261510196462,3,0.03863710555519262,1,0
26.55873632783382,104.77466633800404,2,0.3651133852541406,0,0
24.73996178779205,100.17777400439182,1,0.2798465406794044,0,0
20.401477700287405,90.00236705877809,99,1.2425125269156894,0,4
193.4107696056619,94.07403480954538,2,250.35425745342283,0,1
167.01411401187622,103.50172338100221,3,262.2608578490232,0,1
24.4088109761858,8.938952810416758,3,0.9808102173784086,0,2
29.61745376704595,9.801307950077584,2,0.44383391639318504,0,2
22.2100810215558,101.30217556594792,1,0.017693275023312083,1,0
-71.29190001952085,92.79252808307727,2,230.88037464831166,0,1
21.520402062037817,107.21528563654957,3,0.052951202355721705,0,0
23.467786959795887,91.96235733598495,3,0.48174377830446957,0,0
29.534796644791882,92.71355511996083,1,0.15812981238330792,0,0
22.3337485173858,104.30733085589574,1,0.057218058578040853,0,0
25.513140720402475,96.72717987716544,2,0.32166348466082795,0,0
23.82559162217188,107.25986173378517,1,0.3540249206089072,0,0
24.87347267207725,99.96553071232823,3,0.023143132218773843,1,0
24.27986172212591,1.6610100440609896,2,0.7324655446581687,0,2
25.261808234692722,99.56902895240022,1,0.5325308461788332,0,0
28.726834329514947,98.50795580489914,3,0.012964178423260364,2,0
18.713438179419626,85.70784893936587,1,0.4164729923806796,0,0
28.265239493436898,102.16440633359201,2,0.007866864860712752,1,0
24.30666816166103,111.39743880181044,3,0.0712021398908469,0,0
31.86376464912991,92.66284843138271,1,0.16392902468144754,0,0
20.061829509637295,99.8196179629042,42,7.243490700416327,0,4
22.485282311456487,93.37391412322809,2,0.2837382246038658,0,0
31.656841987613724,94.65211089574834,3,0.035729898308158425,2,0
29.276142351480566,104.40580672051665,42,6.3322434920881925,0,4
21.42001818804398,104.44261336325368,42,7.613128487617878,0,4
26.25283750879598,5.372832034017187,3,1.399064521014317,0,2
29.01761324191665,95.79474701909699,2,0.38327787715979156,0,0
25.655806443154205,91.89863817673259,1,0.4729190444149616,0,0
26.290180680601527,91.05384844757371,3,0.22836994667377297,0,0
-83.41548741633072,94.11702630917405,1,242.86800424763635,0,1
31.444559619525076,96.21816140811325,3,0.17382725211567163,0,0
23.343560433019302,88.9024200948684,2,0.1065701784064963,0,0
30.760305914955982,86.4009345365534,3,0.32171865387730136,0,0
21.615919905433312,85.97459790070495,1,0.26740704468025456,0,0
23.860310490262194,9.302499712859696,3,2.5897779878821545,0,2
23.193821323488944,109.67143633556063,2,0.23224383834861584,0,0
201.78060465596764,102.45356578583576,2,259.2818163004879,0,1
23.912525918468607,109.01069523467085,3,0.5188649236893426,0,0
22.52878390179487,114.84598951509301,3,0.530203445393429,0,0
30.214625456969124,103.92339199314796,3,0.3543444537566671,0,0
24.89330831624236,8.226761625928528,3,4.7112552852103775,0,2
22.932294711805596,109.07929929387132,1,0.37667829858446567,0,0
31.886074069281086,99.59227296973259,1,0.3313822369267463,0,0
29.448890262149536,0.6290250850383124,1,8.753072426713747,0,2
30.93587063758602,97.0197354531386,2,0.02196019438519059,1,0
31.090626086093792,95.26921854482559,3,0.5367411877077224,0,0
19.73354258980295,87.44046341925699,1,0.24749067258779434,0,0
30.689762846056112,98.94352617812503,2,0.0038740144633422346,1,0
22.54764048462215,103.10479288130136,2,0.5747773382097705,0,0
24.508417535694083,109.53901072357186,1,0.4070881247420317,0,0
26.26582789492351,104.84028036834174,1,0.23006413696162653,0,0
18.338953247941372,104.12672414065639,2,0.27552741400567626,0,0
23.40552529281361,101.2907375187299,2,0.029344755015806356,1,0
29.620933287218815,93.23910639450949,1,0.4749586290106116,0,0
27.21177963565363,86.5621721866381,2,0.32879410475280935,0,0
30.488303481945675,103.66500772520823,2,0.5209894025896133,0,0
20.782056569110946,88.6485695908973,42,0.4248281093514592,0,4
23.06126136483758,88.13363554300454,3,0.3611768404840383,0,0
24.667401468061662,91.13450383587471,3,0.38523833651571593,0,0
25.22250524356765,3.5335241017295167,2,0.5565765092114567,0,2
24.44150249801113,94.68703205733703,2,0.19316858477960963,0,0
20.43520185355763,93.56343361599596,1,0.0,6,3
22.339874655379603,94.43050339551245,1,0.2522913583479749,0,0
22.0773072253615,106.1404228820994,2,0.23048407009057215,0,0
23.974827581360127,90.03443786938087,2,0.29075067778433805,0,0
24.82177661794439,93.62898187131034,3,0.05863039809282711,0,0
21.531723229481404,98.87868870217949,2,0.2907805337865419,0,0
22.49483586530782,101.12069214318662,1,0.0,9,3
24.77822515210354,103.68862132550146,2,0.48102466526685106,0,0
23.47765020914628,6.958138674111753,1,4.799061146545661,0,2
25.31398306996322,109.61876779201583,3,0.0,14,3
27.733764546596774,93.6753476156933,2,0.42477971328947106,0,0
20.28816908907311,87.5437604813741,1,0.54999251927714,0,0
265.23716664694746,92.89577512540268,1,1.4226040416658634,0,1
24.72978883998799,94.09659351532751,1,0.49563957569288064,0,0
24.56708070398888,97.1559142772599,3,0.18273733538213577,0,0
190.31204179346526,90.43188697347892,2,75.66024833125823,0,1
21.89158257691613,87.76200958247426,1,0.24325105163119787,0,0
27.751391069349342,90.80871429386383,1,0.49133239684395846,0,0
24.070919561580197,5.236407561153775,3,2.4905308640133867,0,2
24.861096349616908,97.23654780551077,3,0.08481268115496476,0,0
20.994994142566156,104.68485419334631,42,7.263560066028365,0,4
28.02398729796807,99.29014880483099,2,0.11915227957257457,0,0
23.36159014139645,113.51781897793373,3,0.09065940939732542,0,0
181.65574953129232,86.61586343365289,1,82.97732304505399,0,1
23.239865175937176,109.5389048304746,3,0.04878478779261286,1,0
159.5884746287908,103.74748786558239,3,245.34845591631327,0,1
23.974516484091044,111.5376066468884,3,0.11711248884082437,0,0
23.831864914448428,88.31810796619483,2,0.2624617359146413,0,0
25.235977599606244,86.87694526658355,3,0.20879304977487578,0,0
28.924917171050954,88.60008248850664,2,0.07616456857542175,0,0
21.530390877577037,86.3154055748989,3,0.2008213956604763,0,0
22.982199636165344,86.20774009027696,1,0.2322806127559538,0,0
21.537195171639834,97.53300346502002,1,0.3219280966374214,0,0
31.78191495081895,110.85321519368064,3,0.5787546659121148,0,0
-84.91103884318618,93.67847273325889,2,5.254244220151165,0,1
31.30470967461389,86.66915977986108,2,0.20960879042779368,0,0
24.667798041602794,90.24343854624802,3,0.5289010310813538,0,0
18.848660873608246,101.07324052224276,1,0.16023565291307307,0,0
26.17142430043715,106.99983726150586,1,0.41596220710110643,0,0
24.81023047033657,85.77516916660034,1,0.1537958585202972,0,0
25.159895393742183,114.47563816768115,2,0.5735206215812525,0,0
22.85955865349164,104.73535913809108,3,0.4720883636304123,0,0
24.51603591096685,103.9412793293013,1,0.21499508198347428,0,0
30.5597128836165,86.12463870608978,3,0.2143560531109543,0,0
21.657951100167033,96.88002899156845,2,0.21054725440371058,0,0
20.63266871842728,88.89348897167834,3,0.4498933081963159,0,0
30.15680085780913,106.29686300144361,3,0.1930948640847845,0,0
25.430125100143457,96.50505643347721,42,2.4083577860168823,0,4
20.31108584187416,100.39880747378496,42,1.2977478355464278,0,4
25.459217398292125,109.42626301163989,1,0.5447049646160664,0,0
30.73698357152022,89.26858655832808,1,0.5451101298183723,0,0
-52.77560600773782,90.73836963690692,2,15.954512498241542,0,1
279.3026574195025,101.59550476773188,1,117.67956389914008,0,1
26.212091944172272,93.2042354612494,1,0.22532304763888078,0,0
24.200494986376157,111.50394288958182,2,0.5250508876571125,0,0
27.26495460987956,86.71080742010858,3,0.4967614115604668,0,0
28.58079214606213,104.66149598390359,3,0.024624640369818707,2,0
32.17667707299105,90.0966002441986,3,0.12174754276153976,0,0
23.621453122671532,99.15268928172623,3,0.0797324221039517,0,0
20.54775715474833,87.1625300799602,2,0.2595880656752172,0,0
17.0,99.16200835329998,3,0.0,5,0
31.105673419260967,89.00143709913229,2,0.5722974233378757,0,0
29.505604570334597,94.06830101489345,1,0.442121632032773,0,0
-52.32138880824206,91.23052286192792,3,268.94301914126004,0,1
22.32863989790841,98.04877319053651,2,0.0,16,3
23.68518914778941,94.06999748054481,2,0.07147037962509017,0,0
21.834094636173507,108.33670427176526,42,4.549448412681269,0,4
27.69797140607282,104.14419707548808,1,0.23768465568408104,0,0
31.40308927472653,105.5911669831793,3,0.43992091778701337,0,0
27.075533559193197,107.02012763631052,42,0.3675616942975175,0,4
22.779511744755105,94.61702758049498,3,0.29856959447463893,0,0
25.618981030014265,4.617118057091938,3,4.17043709179951,0,2
20.347529579806,105.89289421108322,2,0.04908600460569801,1,0
25.31398306996322,107.57555981711087,1,0.0,10,3
29.300338346947974,95.9445428892357,2,0.02419226762927451,1,0
-98.31951688424968,86.91627351585666,1,280.7859793960004,0,1
21.25280200794403,101.8132189294132,2,0.20487877428699974,0,0
26.82899140735968,87.65735018909932,2,0.12878930015168066,0,0
29.447235087187,104.49364140292899,1,0.5020770504978707,0,0
22.32863989790841,114.90287754959226,2,0.0,1,3
32.5,98.77477391127734,1,0.040673989801383925,1,0
31.31949651335991,114.28234997417556,2,0.10303566063350544,0,0
30.826007423841492,106.1780985313486,3,0.28775564632331907,0,0
26.35950230453845,7.929961642099011,1,3.6704592589236356,0,2
25.119448241675595,87.6011970278692,1,0.4622866544490769,0,0
23.320321021842776,99.68177612219766,1,0.36580017933761866,0,0
31.505184215458883,95.66019124658641,3,0.3380950305783301,0,0
31.733173940438004,92.62063447286688,1,0.10902745449885387,0,0
20.791003793614113,97.05792740827727,1,0.3206259467173531,0,0
-85.37985496366515,88.49633829995898,2,26.035868594736122,0,1
20.58210118233663,109.10442791154546,1,0.2820852525646629,0,0
25.630652434237817,85.43411924508595,3,0.5526576564927694,0,0
21.715213147896204,109.87860397950267,2,0.20304031552569413,0,0
29.50514580508937,88.37827688047662,3,0.0220795519596777,1,0
22.816501112951855,111.96637121737974,77,1.7493513942680998,0,4
24.373612915626147,1.215769116944932,3,5.0406430327265745,0,2
19.23627982218088,105.71184485888097,2,0.004100725025828922,1,0
30.89958928306926,85.6083992130226,3,0.5690313981705231,0,0
22.031260686796898,103.74351588368208,3,0.10303774614422423,0,0
18.977025794552272,92.55346887476092,2,0.5549367539305337,0,0
28.376369886828723,8.889585727206038,3,0.7539022366615775,0,2
23.519747789381956,110.86458874879365,2,0.525317471181868,0,0
25.882498506792928,108.82043350797889,1,0.018992361403910252,1,0
30.95010670294845,113.10321848569006,3,0.3907304070091122,0,0
25.31398306996322,93.20752803443112,2,0.7822489510243997,0,3
23.5400559023038,99.90890448717491,1,0.5032703678573007,0,0
30.001544605842657,99.85514776739998,1,0.47233391350310683,0,0
22.06990471030802,114.00536499397856,2,0.27521375290559646,0,0
27.8489139466385,87.24389943990818,42,4.0084401190632555,0,4
24.197695059112693,107.82674418883721,2,0.1608660672131812,0,0
17.0,101.61562853203962,2,0.2524935691159449,0,0
18.77431428682636,104.79952138102537,3,0.2904700467418131,0,0
22.413167451990034,103.67640971386845,3,0.546167330846739,0,0
28.855326945272978,95.74657123729219,1,0.35175374949325544,0,0
20.90377462259685,96.881634323064,1,0.42788638642000265,0,0
29.81707794702622,107.09970205656371,1,0.5250311841114979,0,0
30.43518467366436,96.2419306760728,1,0.10857782366554147,0,0
32.33624235180758,109.39315141332531,2,0.4334992622196765,0,0
24.38354963839547,88.25822207039478,2,0.23578785014626646,0,0
27.9756219940306,92.60927423024127,1,0.08619452541923067,0,0
26.566982960697132,97.2954301935505,1,0.4845207136789291,0,0
23.610534243484278,92.48638599548518,3,0.4875054966252428,0,0
27.17747698175645,110.79563471005365,2,0.1045927226893113,0,0
28.61040934526298,91.47074103918658,99,3.677473539636054,0,4
22.90580296978635,110.9810702513727,3,0.43373482322558843,0,0
31.268287024475242,107.66016788511917,3,0.1277493306522537,0,0
24.325887755617867,110.1586538859417,3,0.35062792593029357,0,0
23.7417109359158,2.2347132817816413,3,3.9386136066250224,0,2
24.150540172015354,110.05732180476596,1,0.5702193462658194,0,0
22.188641865639013,93.02206083572624,3,0.1782057841424276,0,0
21.02122443320129,93.66905574763176,3,0.2589788451459256,0,0
26.20909576480761,101.56054516886954,2,0.08771361523643506,0,0
18.780107714480113,96.9450608077283,1,0.19980099397062645,0,0
29.379337179180965,88.97722232453447,2,0.5349317966956164,0,0
26.43324313675788,91.8825602954714,99,1.2123231885524248,0,4
177.89448360871978,97.47449237785679,2,19.825396091303844,0,1
23.368290082927572,105.12295076329107,2,0.5076369803903802,0,0
26.59702939560257,104.18016290504218,3,0.0,11,3
26.968780165526294,110.73985668182075,1,0.04000573787108763,1,0
20.0,99.66852779315356,3,0.0,3,0
25.875564019858786,6.953497629677032,1,1.9008616769181046,0,2
25.816016585870113,105.98918708866366,3,0.13163691018313983,0,0
26.756168679377765,88.31065169673626,2,0.5899803149834746,0,0
24.631758817595543,105.16702449401815,1,0.18468137564310894,0,0
21.678789010828464,105.40796886185723,2,0.0,12,3
200.85428246158645,95.42573161254747,2,256.4748329256435,0,1
271.67343923812587,99.31832897599706,2,83.7714950772235,0,1
29.946112618300006,110.04870325156351,1,0.5217864485325627,0,0
24.66129191956835,99.3981650415137,1,0.1290077323119796,0,0
24.58924589065789,89.82580880455293,2,0.08694977356834599,0,0
17.615410009365988,89.10455892756885,1,0.5007762905546898,0,0
28.41764900570286,94.54525628526109,3,0.029368174048567397,1,0
21.644625303043274,91.80935618414563,2,0.04195639893490721,1,0
28.126767649085842,91.63369788667045,1,0.5389752373995123,0,0
25.32772436404478,88.14790535254525,2,0.0233916632906066,1,0
22.283425823237764,87.81702147368256,1,0.5638944553287253,0,0
22.194453826154973,112.79762875484484,1,0.4235118228851533,0,0
25.069993095540873,85.22688624934426,2,0.36506641717974375,0,0
24.22761312159204,91.98705515948446,1,0.010174842369632842,1,0
25.44638557354444,91.96868962289358,1,0.5701046036492166,0,0
20.0,94.56451968619014,1,0.08823976607294526,0,0
25.876522387396705,109.85134436804938,3,0.5134807558344328,0,0
31.986134710454063,103.71260153107698,2,0.4791003683778783,0,0
24.932935805626926,99.95055673931381,9,4.0991474442071265,0,4
17.09459020729935,87.56525592563405,3,0.5843976917871174,0,0
24.943232817861382,103.62746553302432,3,0.18494033165645263,0,0
29.74640701624249,98.85419444686056,1,0.021988707647789596,1,0
22.079812747480542,106.94489471021087,1,0.5047120984283637,0,0
21.848007278301917,113.02912342502471,2,0.4634181265552151,0,0
22.300536401485985,86.99694183742669,1,0.5616789744609108,0,0
20.0,100.10710223210666,2,0.0,2,0
30.425207999101108,101.68172005574385,2,0.4540951805597686,0,0
25.274197686350803,114.00202682605324,2,0.3072056371770344,0,0
22.434215075010318,87.84753810465008,3,0.5192929032391582,0,0
22.689043045614813,1.0322767658646799,2,1.1939347338705772,0,2
31.835324586904832,88.17867734032143,2,0.26407520436971055,0,0
21.975794116912592,90.4542539700085,2,0.23428690464320923,0,0
23.8556054668577,99.5765681856884,1,0.023779781685735912,1,0
28.11942251301805,8.225991862831215,2,6.65019224201199,0,2
28.030193822993667,99.29821544462453,99,0.40493705205390995,0,4
29.885989861215617,97.26530985175205,3,0.227477293262357,0,0
26.153383395835103,88.61342019989696,1,0.2989450801311584,0,0
-73.32457069327432,114.70713652261955,1,13.199019578925181,0,1
17.81846374967521,91.79487325593814,3,0.014511669959137663,1,0
23.714741942069235,111.2646595118769,3,0.37059158819002036,0,0
25.440096634618058,97.16935778341713,3,0.03998825743152423,1,0
27.908889431859524,95.69123548879736,3,0.0,25,3
22.580438940367156,101.04714352569385,2,0.0,28,3
20.495849705240023,5.667749000276554,2,1.6528620332513242,0,2
25.630952123083848,93.26700328927535,1,0.5258174070296668,0,0
28.97614008342385,86.13849190719613,99,4.279851277000198,0,4
22.705148524691708,114.673759573262,3,0.19068216788982895,0,0
22.383772272894717,101.36295608220716,1,0.18116816058114438,0,0
20.0,103.81775201907935,3,0.0,2,0
23.250025697041963,108.42097912514886,1,0.4715650389467534,0,0
22.97837176441177,104.46085127599106,2,0.30584703469027374,0,0
29.337055851652252,88.86811916259451,3,0.490994182726304,0,0
25.000482802532858,109.09035644578961,1,0.18542297553186415,0,0
20.501773197365374,86.4789898722751,1,0.04499250440787961,1,0
28.614748123426942,101.66522056981137,3,0.0,19,3
23.669103322348413,85.24669394166675,1,0.4911649756872585,0,0
23.204570581797604,87.15135666542953,1,0.19127500010245058,0,0
26.651542957835993,105.67262961244688,2,0.5213196465041285,0,0
27.0,110.34349684350663,1,0.06505790671266709,0,0
22.580438940367156,114.56034156061932,2,0.0,20,3
22.337167121814275,91.60549605849434,3,0.5027445409108218,0,0
31.061075931868,89.1892699062875,1,0.5013630482515019,0,0
21.851525166791955,93.43149250500667,2,0.1299834000093263,0,0
20.404014499727918,94.4688203129005,3,0.2863169497587954,0,0
30.666247922624695,89.13184904551423,2,0.3174342995869459,0,0
24.7095685239103,109.02479729325631,9,1.748397217791208,0,4
28.158775131154357,103.5131783328597,1,0.06835955239485614,0,0
20.0,90.36523205523397,3,0.1877308011779526,0,0
24.84741357399692,8.432784632035045,2,5.100123306622795,0,2
28.88796973006846,105.60267160845727,3,0.2598466208831063,0,0
24.76495058792385,90.63167217076756,3,0.31302159711693633,0,0
25.18125865681619,96.19755374888021,2,0.31494704295080567,0,0
30.976599753774888,111.18846191227006,1,0.09249293115811952,0,0
32.4467316891201,96.15408973823607,2,0.3101468967709522,0,0
23.044491813253764,99.49882854898976,2,0.014048936537641055,1,0
21.209886541792034,97.3785303073428,1,0.5886061704008085,0,0
22.25998769082385,96.91045123711575,1,0.5181044633193785,0,0
29.89173978687678,104.26330705076563,3,0.5444443517900481,0,0
32.5,97.83521711881158,2,0.0,1,0
24.43139084215795,100.5717937272481,2,0.5166913887046896,0,0
24.066643715871564,105.27434907228199,2,0.44298916638141606,0,0
23.57930649443648,87.20092202378808,3,0.3000325309574059,0,0
22.49483586530782,109.6787478303568,2,0.0,29,3
24.53173411893882,91.04581008754727,2,0.0,17,3
22.32863989790841,90.23164798748853,2,0.0,18,3
31.087219406032933,97.51146184962703,2,0.2999318897878176,0,0
29.422511062175108,94.70591237456475,3,0.27453366534077617,0,0
23.60030353240127,86.69876672132673,2,0.515917565134572,0,0
28.45335325388391,99.5255349496779,3,0.08067950195016849,0,0
28.89042117690161,8.4399806462959,2,4.6705995158358995,0,2
23.539575435343902,87.35735491465063,3,0.5601562694503599,0,0
28.163701891133403,106.23941504149263,1,0.25481245927387874,0,3
21.776198194552023,87.21129456016732,1,0.0,7,3
28.163701891133403,98.69044723210743,3,0.0,7,3
31.15080068066484,95.62797163982877,3,0.24383975393779167,0,0
32.308127117317426,100.96991807761307,3,0.34720017880866294,0,0
19.988958448619755,113.61785731007762,1,0.5285503012234969,0,0
24.198969871272162,103.71995456586947,2,0.4271054567841617,0,0
22.275729635109094,108.1550810569033,1,0.11224473845751248,0,0
27.833957851642495,89.07798242101961,3,0.5366047402120735,0,0
20.6184730868491,113.38560681973783,1,0.15010986322383602,0,0
-90.59079154160273,87.98984840666321,1,37.95214290893827,0,1
28.62891779621571,104.1249640880249,3,0.2800338176785111,0,0
27.198303117499538,8.421188434292187,3,6.885589340026865,0,2
25.20513041174987,94.1529906045858,1,0.5391374061071801,0,0
26.293150818481497,113.63697786576432,1,0.17851846339126354,0,0
31.15909992673788,104.40018259479716,3,0.05953190831288424,0,0
22.930254759656,93.0847015040009,2,0.3340232224589279,0,0
20.987827159928436,93.8077553279348,3,0.16861061853629522,0,0
27.908889431859524,99.36106602552357,1,0.0,23,3
28.33745870765252,94.40103083371835,1,0.07539628465752202,0,0
26.87565026929579,106.29799220302739,3,0.4275748497789458,0,0
27.349960273771575,93.45810653025275,2,0.33584490696296854,0,0
27.761165984135005,4.60069174464263,1,1.6274317802215705,0,2
23.10331093120809,86.15774685814401,3,0.419627253019236,0,0
26.01269154683813,93.45755066791754,2,0.30933187245019056,0,0
18.797001206656148,97.8132336587877,3,0.3264778049496684,0,0
31.38114746548223,99.15812097265884,2,0.1701304853292136,0,0
26.976348228326643,7.068171229542677,3,3.5326793451441034,0,2
27.931924334286112,105.1224160141532,1,0.015692662041658423,1,0
22.043683023664308,87.27099181929363,2,0.040428292631794704,1,0
23.296322121171734,95.26796778369238,2,0.09246401005625415,0,0
22.386554630827185,95.54949617025716,3,0.013141919460860407,1,0
23.229014150530727,102.77050985780087,2,0.2678066433179396,0,0
21.760670360376576,86.39346451857284,3,0.0,20,3
25.965025752431153,85.17275981494365,1,0.05338691755301994,0,0
23.14468978577997,98.75569026645672,3,0.3074563367402128,0,0
24.0949292672116,86.45088133146342,3,0.0689071848806222,0,0
194.56208248169975,113.624670083311,2,279.47312132488594,0,1
27.97959461167649,107.353982454952,1,0.36896410147423353,0,0
32.401566707053675,100.75606600692392,3,0.4057910416813044,0,0
24.58502527890151,88.00464992520301,1,0.24069225023627183,0,0
24.642009092418512,106.81488429220416,2,0.4143959708264724,0,0
22.55707763820579,87.283925784709,1,0.21991051639151493,0,0
24.09162897293187,97.33592466647637,2,0.19622831269614238,0,0
23.458615522341468,88.13703521003201,1,0.3990209012891164,0,0
25.747938708988393,112.88210451547462,3,0.3183795594304648,0,0
24.768730944733516,96.67691415075366,2,0.2488764000395136,0,0
25.31398306996322,95.82109608718096,1,0.0,21,3
23.52490842322314,112.35355337145315,1,0.0007434388007183657,1,0
19.49932852899339,92.25931390951136,1,0.4245419060456008,0,0
229.30287805182297,112.13130500982979,1,18.843070178285416,0,1
28.672720185449847,99.20304800782147,1,0.19373516707553762,0,0
23.021767314126574,111.67983346058321,99,6.2543750373539915,0,4
29.207080694766233,112.95194274261473,3,0.5318350196321404,0,0
29.024517597909714,105.86221445767917,2,0.5088476556421,0,0
17.36518534522018,102.90528546750667,1,0.004360503358515899,1,0
17.499909383157608,98.04482015811239,2,0.2260828757132849,0,0
24.07504389127029,96.73244609955282,1,0.40377135289797295,0,0
25.04578002897229,89.07232553355516,9,4.71211333446886,0,4
24.988728144976005,108.1122225342338,3,0.013628171514401544,1,0
20.78912204193317,94.84538448392836,1,0.3668574308018613,0,0
31.669673228669904,105.9597094024372,2,0.512049005206908,0,0
32.5,91.45067708068554,1,0.3504313438608122,0,0
295.5114928365001,91.37874248090522,1,128.4973788246239,0,1
31.294532210667434,94.41205776533963,1,0.5342262957114521,0,0
28.16892189888202,98.45897774853202,1,0.2820395261334667,0,0
31.668130993487335,102.3202517558911,1,0.24674376501617346,0,0
30.096771004186888,112.87349058073977,1,0.5302394507678052,0,0
23.788098899339616,112.86423882063656,1,0.2688350265275048,0,0
22.936393033978668,93.26143522766256,3,0.20755994687331736,0,0
21.900108910260553,108.16955175206918,2,0.024369241084553295,1,0
23.270930731999126,94.45024825569323,2,0.5510579838773779,0,0
31.856728383780364,98.44679746324674,2,0.3751064544194662,0,0
19.52816225331461,98.73987277010714,3,0.336451348285177,0,0
23.4515746413598,85.52769748637574,77,2.0818531067818817,0,4
22.33166137508173,93.6238499469175,3,0.27775949271887157,0,0
31.981711269317923,110.62803077972592,3,0.4348852227517064,0,0
20.0,85.77227229241649,1,0.0,3,0
23.060152412145538,90.89896127398006,42,0.007509396071178287,1,4
21.16442750869618,98.02062918126276,1,0.4974583966182706,0,0
17.002416760675338,114.59545746378939,1,0.17268392892258433,0,0
28.170803874416933,107.0798310219611,99,7.813056967276854,0,4
21.301919887657245,93.6222878939674,3,0.4682580031634096,0,0
25.947257673026808,111.63254574015065,2,0.2703539606314287,0,0
21.188264069192197,97.04482947583864,1,0.4809862804953404,0,0
229.53291102256503,89.20801640377506,2,325.3870349869253,0,1
21.084190948677794,100.41123565645914,2,0.11915914440766784,0,0
21.881483485465555,1.4770652345871453,2,1.2329417578574358,0,2
24.94808223086264,95.64988917495812,1,0.32801231732761593,0,0
20.394941064379267,97.4039730013048,2,0.3594371426803704,0,0
24.377870301551877,100.61631511914575,2,0.18709005858066874,0,0
18.585733517766585,106.09056876685534,3,0.022548746092038385,1,0
24.857841143552324,5.261784535540856,2,1.4260772732290121,0,2
32.13658479234915,97.86563083919916,1,0.32302414799511325,0,0
23.64177009647168,114.23317931915426,2,0.40365429289247956,0,0
24.142864049039577,111.28958299426935,3,0.5293449750404093,0,0
-83.1960806128881,88.6338408099326,2,16.30537080928076,0,1
28.609233275849583,88.31182702749801,2,0.3047252213297078,0,0
-76.59579699061766,111.17239529460105,3,375.0305182262887,0,1
24.55432231698101,85.36470314432161,1,0.4873044725775131,0,0
23.002917198526372,114.12004083381612,3,0.20353350784501956,0,0
21.838354409762765,100.94063894704443,1,0.5379819345976706,0,0
23.875927063317953,98.77911064639221,1,0.06115468755604425,0,0
25.90986684968135,1.3521433215784189,3,5.453839611420488,0,2
28.561429711657738,100.95615299515049,3,0.06707573171205894,0,0
21.678789010828464,97.4979244208183,3,0.0,6,3
20.0496638965014,85.67693535116042,2,0.3644468372267191,0,0
20.0,98.94068405335494,2,0.08198298129351045,0,0
20.0,114.56572399765653,3,0.0,2,0
23.352166848260083,1.4068954476483697,3,4.252853195912316,0,2
27.6071813229532,103.67648188639342,1,0.43140118824537765,0,0
22.578535285306607,92.17540312647776,2,0.580414710316095,0,0
27.785645679586136,86.45392697427467,3,0.5212929534854567,0,0
28.163701891133403,110.62589334416678,3,0.0,5,3
32.5,101.63537667072896,1,0.0,1,0
31.801168997250308,90.82458089855648,2,0.4721321584515188,0,0
26.46010290946699,3.884358404332046,3,5.049124945177738,0,2
30.17679229700049,103.89017955579662,3,0.15449427099368407,0,0
17.19823666483544,100.69196274307357,1,0.19823666483544145,0,0
22.685518657536512,102.40266504008363,2,0.07606297227748016,0,0
27.512290072465927,90.18460154369357,1,0.2131334185195115,0,0
31.467958787218652,113.23421005437521,1,0.01432781247640591,1,0
23.42606516183756,98.78752171640869,1,0.5012732108675273,0,0
-92.36735099996964,109.34641019004198,1,9.23382755514038,0,1
26.177585214602903,99.84948384137383,1,0.42931865804693103,0,0
22.48603714301863,86.20177357152083,1,0.504887580411161,0,0
22.580438940367156,85.71987837400219,3,0.0,18,3
23.056769040957516,109.67441690903082,2,0.16916649281439788,0,0
25.98676889653339,100.78282039754626,3,0.2148035452309216,0,0
22.639672652194424,108.95141021555057,2,0.06429658031809993,0,0
21.123534729419266,110.69469523564968,2,0.0037635102961068867,1,0
23.21179258967464,97.69518518580264,9,4.5964645385967025,0,4
20.972813683468623,92.6083616707584,99,7.475242986891381,0,4
25.493532278435367,96.05579031171283,3,0.1820001904510633,0,0
28.117075950450086,102.35477524687991,1,0.44600896537348333,0,0
22.78625660183366,96.1381276151618,1,0.3603963143512239,0,0
31.771905193115234,90.01300263296902,1,0.17826999183517955,0,0
25.74295025487733,102.56457814945107,1,0.19569370430790656,0,0
18.357008597673534,110.05907486767714,2,0.4916522759347117,0,0
20.9868120102105,87.22528586782937,1,0.026234754398615223,1,0
20.405425901503335,112.46248604400111,3,0.1373369982099959,0,0
23.856322970324783,108.86349882369188,1,0.19789406938466314,0,0
21.85849999995298,100.37507946310996,2,0.5252722729417378,0,0
26.588689420501236,92.20681499186637,2,0.4664318577417568,0,0
20.42740300861528,93.35771017095875,1,0.3972779243134035,0,0
31.04636771081438,104.85025182152592,1,0.14677842774511873,0,0
23.143827561721785,88.07547892199423,3,0.3108063390263176,0,0
21.80550003937424,98.12424766071187,2,0.12930714588032188,0,0
27.756947364496348,86.204165772561,2,0.3820565097354418,0,0
28.34875039897735,85.28616862076635,2,0.4168260646912394,0,0
23.742351324114225,92.93638858678125,3,0.5820465620924402,0,0
-95.80957832564178,104.74987068769443,2,40.77654877656193,0,1
24.52394490302208,99.23600687867322,1,0.595469391653566,0,0
21.867196725016388,111.12007102376553,2,0.5992159310864409,0,0
24.806926270234538,103.40812342712375,3,0.4151057276132768,0,0
30.614033827454993,97.35346082457323,1,0.13050999015546338,0,0
30.02941991868554,101.47432045724354,2,0.04543143207611777,1,0
29.649520214408646,88.79392736210714,1,0.24221957246813375,0,0
31.095100884186095,96.93871831887307,1,0.07245583216412044,0,0
25.94886853958777,107.62846999105648,1,0.4869475636650087,0,0
21.776198194552023,97.36952734249374,1,0.0,23,3
23.635302721090987,98.279645447813,2,0.3395083371090877,0,0
24.887044211598017,110.26099883129264,2,0.04794855633667083,1,0
23.814381881111046,100.01737952292494,2,0.20205978107059863,0,0
25.337926248908104,111.8706983279985,3,0.4633033305762204,0,0
26.488561557052527,104.94423275740733,1,0.4731305274826383,0,0
26.867754956520297,106.29014030513574,1,0.047573552238208805,1,0
26.140083390389375,95.64174903842583,99,6.120012931999636,0,4
21.678789010828464,93.56531346218677,2,0.0,4,3
23.662494183840444,86.8729398183334,3,0.19291120659139693,0,0
25.803667896027925,85.6751298228606,2,0.04490032631976959,1,0
26.508834851238696,2.1890842163698627,2,4.528037545637684,0,2
19.725272884078965,108.39626637572871,1,0.46450370911814076,0,0
20.97994742029713,104.02892231560992,77,0.10486515536702612,0,4
25.496205699766996,98.46080867867592,1,0.1337302784755856,0,0
21.75321678378599,108.47862367231028,42,4.015892295197801,0,4
26.59702939560257,86.60126482531783,1,0.0,23,3
20.35070739887548,110.46302755843942,1,0.011263708922161442,1,0
17.0,103.09456328399165,1,0.0,1,0
31.394640434602632,110.3625760510231,2,0.15600856253582762,0,0
27.965536231013203,110.54592415862481,77,5.425872247890982,0,4
30.124934838770084,94.21975542963249,1,0.4484023867815985,0,0
21.893635512819092,88.94467359693945,3,0.5913802067988847,0,0
29.947536880619715,8.281817058640506,3,4.037670030938365,0,2
27.55461713098246,86.43449058230085,1,0.0,27,3
26.765463443348626,101.84848479374365,1,0.2447014930374607,0,0
23.724973638607384,99.29007199903296,1,0.33643860360825784,0,0
20.929021715057583,100.10035391818462,1,0.2276298214745438,0,0
29.207625659045096,114.95263701771322,1,0.5300433553651729,0,0
18.003712126571717,107.09332706874169,1,0.09104319443713749,0,0
32.5,108.8077359160697,2,0.0,2,0
22.186644366638706,101.23810332825035,1,0.37766777959975073,0,0
21.580095193529033,108.51375353456191,2,0.17353851757711425,0,0
21.32956948191656,114.50791899216323,2,0.2093026409771852,0,0
29.14797739683433,85.48730329628361,2,0.11215365924566711,0,0
26.740217026547995,85.79340707793003,2,0.12229538611652302,0,0
32.0087945062112,105.01734485899718,1,0.4912054937887973,0,0
22.335865672492936,105.40684727293873,3,0.3605490588850273,0,0
19.486051917215157,109.65580177871068,3,0.5126843923629671,0,0
24.996475231809395,95.33789787180915,2,0.5201461262998244,0,0
25.2119253054043,85.77308796293053,1,0.5883987645523767,0,0
27.016104187619906,108.80612206686493,1,0.1364495634524978,0,0
32.5,92.90210835867533,1,0.11264890963803964,0,0
20.874644511646643,87.90897012896274,1,0.3156912073239333,0,0
26.80322773636261,99.08220525967775,1,0.25094777492209985,0,0
22.19996688593235,108.18428719871012,1,0.3653935709181866,0,0
209.38667261440253,113.00572938149892,3,297.87093884491026,0,1
31.72014070408978,114.46133868359152,2,0.40110118153385343,0,0
27.55461713098246,113.47551653418304,3,0.0,7,3
30.81961775688276,94.6003296774119,2,0.22674995393161979,0,0
25.04881747435776,87.37840853893576,2,0.04833467182490381,1,0
24.79108337415343,91.3613451972468,1,0.32630427366128245,0,0
22.144609155433358,109.43151762007244,3,0.11576049049625325,0,0
21.145012306836247,87.32450879666447,2,0.0475941466837817,1,0
24.097718410645193,94.99022899156734,1,0.48613892382291013,0,0
20.476123784274883,102.17696361693066,99,4.20693108951146,0,4
24.197887473240232,113.51776039227815,1,0.25176565592684597,0,0
32.139673936133484,92.26931819162343,2,0.3603260638665162,0,0
25.720058263342196,109.51384426046755,1,0.2458452120520569,0,0
23.327887371699635,96.0202154583184,2,0.14857143747645196,0,0
21.03110826779063,105.06259763349442,1,0.34457989675397016,0,0
20.977891644625593,101.30786724733876,3,0.04262629930315498,1,0
29.735301925413587,99.86527531991915,3,0.4416842090954276,0,0
30.07123283870693,112.41444395008638,3,0.013205716253505528,1,0
27.816892703349666,104.00605880848511,2,0.5491986089780347,0,0
19.193320232702035,105.88866327634419,2,0.5076561580449486,0,0
20.12683908855185,105.75591724482533,2,0.12683908855185066,0,0
30.59056787721482,93.42649819202799,3,0.10226439526914533,0,0
22.598328000431117,88.43598604979044,1,0.07716127760379621,0,0
-89.16211443390075,99.81717981728066,2,3.3747907166589357,0,1
29.728128614702147,98.29843529280201,77,0.9723649480250032,0,4
214.8125569278102,89.1008522346711,3,74.17742518792505,0,1
22.120348026791426,104.87302035103204,3,0.02293182407639094,1,0
22.97852593506431,99.85439581041923,2,0.4214482968585216,0,0
17.56871528369258,90.43699198496981,1,0.5260085481852457,0,0
28.928851096624065,87.96905870226121,3,0.3532610701114294,0,0
29.934201095825678,4.30361645870545,3,3.239215330318732,0,2
31.10682224974881,90.86998886876027,2,0.40937676966725434,0,0
29.424639987126813,113.5113925444628,2,0.32033617441816986,0,0
20.39376008167645,97.07579066470426,3,0.24393606485070052,0,0
20.476758194899688,100.54654946907783,3,0.47675819489968774,0,0
24.939141508417954,112.8110363438892,1,0.30782124410844247,0,0
29.34403284860119,114.28041776796383,3,0.15921244180963257,0,0
24.63787455755353,90.42431905112906,9,4.438518375541911,0,4
27.596949977999117,101.93023503619452,42,4.365537915400854,0,4
-62.48055364546492,100.08450547370576,3,341.7832110649674,0,1
31.627716462151877,110.1318729586797,3,0.4757081206763836,0,0
20.78435644779721,88.51201049282818,2,0.1789019849375073,0,0
20.408531300655223,106.03880026265152,1,0.40853130065522336,0,0
27.508303636863346,91.68420527200855,99,2.0710362885617,0,4
23.236504672257603,93.05500228592486,1,0.5402627981723462,0,0
23.805661329472162,110.49023854403823,2,0.0,11,3
29.510696578873503,90.12304780010011,1,0.05241981533884399,0,0
31.03290940948381,86.42246908420255,1,0.13337820423106095,0,0
23.160452918769906,100.26671666773167,1,0.016625357048120293,1,0
21.189324697006576,101.91678763166207,2,0.33625517824275875,0,0
23.69361699321126,103.53541720603641,3,0.0033902831898871,1,0
26.919925220567443,7.653011696799552,3,6.42088601145846,0,2
29.065985230836993,88.67444250550892,1,0.48895581161571045,0,0
18.443006655795987,88.23674280979914,2,0.5694970479070847,0,0
26.390324975466974,4.355856853953629,1,4.465571321430634,0,2
30.853436707731216,99.976345105998,3,0.45127296688267293,0,0
21.426559639227925,110.54611515693777,3,0.455421813073837,0,0
22.07683075841059,94.46220687244038,3,0.344284063506354,0,0
28.433916463290707,9.447302055164904,3,1.3609744058753535,0,2
20.693516710185968,86.58019468616352,99,0.684979735811936,0,4
23.8261843889886,109.59031008341377,3,0.2764439894793824,0,0
32.5,92.63880599958686,1,0.08611314377321833,0,0
22.32863989790841,101.86844692376178,2,5.225977233074051,0,3
19.700976390746984,88.61700657331836,1,0.3239893952547561,0,0
22.55628264635713,90.6980423098306,2,0.39811610506981054,0,0
25.54613982259896,100.99165870284133,2,0.542716817440045,0,0
30.45216067556071,95.70665986841203,1,0.45443710059129216,0,0
22.41347267490128,108.87378008308303,2,0.24236025270924344,0,0
192.0591267885526,86.94100991511965,3,291.0975416157146,0,1
20.0,113.62394924713217,1,0.5014760937136025,0,0
23.364779536086765,102.82995201779786,1,0.41099934230903656,0,0
21.945625926049594,93.33673377963268,1,0.5887712846066151,0,0
27.050444718255346,94.66396428448923,77,0.9536559149956894,0,4
18.430496214303897,92.3196893013725,2,0.28175715878192875,0,0
21.056661641897456,97.40996570749621,2,0.49422930793105024,0,0
18.03000877608022,101.24902643982601,2,0.27758716873806577,0,0
26.829615935420648,2.885250728278781,2,0.3207810841819523,0,2
23.434870047829417,86.18378598672697,1,0.1258347080828166,0,0
24.11777613940348,87.40190207586897,3,0.3585897212533453,0,0
25.647352427755308,106.24516265935844,1,0.23884371966381934,0,0
32.01223727298635,112.91270479536334,3,0.004991962675170214,1,0
17.0,85.79596611621459,1,0.09459020729935119,0,0
22.522438592567127,100.58505564294943,1,0.2824834657427644,0,0
24.25355043960642,106.39042875585223,3,0.313207179539468,0,0
27.727245663836612,89.5797449362235,3,0.1549410943611207,0,0
-59.39833534870031,88.60272119714654,1,308.35806518781385,0,1
18.733861766298602,96.06740918709318,1,0.14190572583635586,0,0
297.2815944528909,102.97526905631733,3,366.04495185811015,0,1
28.646329012180807,114.20579655511756,2,0.22291017540059244,0,0
27.75754753951872,101.46525266780421,1,0.014428066930509686,1,0
24.889158729176287,91.36083551506687,2,0.4529770289554875,0,0
22.32863989790841,88.38211864590089,2,0.0,2,3
29.61423957649646,97.2358007677274,1,0.5425612813126719,0,0
17.0,102.49124682909077,2,0.0,1,0
23.262649314919738,100.26117952648801,3,0.04571359694533328,1,0
24.67892528132025,1.3821649929634519,1,2.6428981239737013,0,2
180.1617281690808,105.16676141641526,2,47.51448012194908,0,1
21.454308770924495,112.0528597640627,3,0.5538883812452084,0,0
24.27339321582739,87.44341638673478,2,0.16675562636794083,0,0
22.365431710509135,106.94768565265996,2,0.03168319312333523,1,0
24.58990853737096,95.58875510357069,1,0.231868080573431,0,0
23.444170437386713,104.11142660510882,3,0.5791828937922823,0,0
24.26297454934599,91.13513016078387,3,0.26713406980134025,0,0
22.49483586530782,102.79575272673837,1,0.0,18,3
23.408981926375947,93.465612240796,1,0.5315343346184953,0,0
17.295899957069924,104.23442898655892,3,0.26404384385529056,0,0
26.599741266253215,88.92643415660729,1,0.02742434881314182,1,0
24.768795322709845,103.12938946720959,1,0.013336366187399307,1,0
23.653789389758415,98.85148431439357,1,0.25719196288199697,0,0
21.70653584203189,99.15219512555318,1,0.40625059912291306,0,0
25.26986218326428,104.59693806420535,2,0.0,54,3
27.55461713098246,95.89385328538216,2,0.0,5,3
28.852828290969004,3.935107530992942,3,3.6117128786994535,0,2
20.31244155189638,96.43440646104207,3,0.17469120961513696,0,0
25.736665975490098,9.184983501967713,1,0.007799963691034861,1,2
23.01279584113203,95.24711161094704,1,0.5587317976570603,0,0
25.602678043273954,89.94192688243186,1,0.1633267615723426,0,0
22.76119586948094,96.55174167156885,2,0.2879423516970796,0,0
22.212613015498547,101.86566433193576,1,0.5653810888419422,0,0
25.246962752526397,111.94091646849961,3,0.17696965698552347,0,0
24.467838836078847,90.02857648864953,2,0.39954971051885835,0,0
24.665928734356193,9.029395256213485,1,3.6253915621277883,0,2
21.517391654268714,105.47851663670207,1,0.5138690325281843,0,0
27.908889431859524,90.72027840264374,1,0.0,12,3
23.446532104866723,114.39866342074835,1,0.20915228844003053,0,0
26.59490171087652,0.8952307168755528,1,2.523982149296323,0,2
25.13916410313117,107.21990743199878,2,0.06337785086201819,0,0
27.684105431140342,7.700408526258577,2,5.2325751356250265,0,2
20.38539579062993,102.32895263033268,3,0.2965702580998659,0,0
32.5,112.93799882204013,3,0.11121093096432588,0,0
31.63297311043938,114.67999860484827,2,0.2776141142223274,0,0
17.0,109.49798318414732,3,0.028833245783644657,1,0
21.161641793593866,97.57548627706365,3,0.5497017399404918,0,0
20.373005478614783,94.61761917975201,99,6.823890481838763,0,4
21.74188322750447,93.80466469624365,3,0.015201271147699202,1,0
22.155011558337655,85.74322380803152,77,0.451964508902698,0,4
26.12225756275948,96.7413428009124,1,0.42954233448280377,0,0
29.351520491171865,91.24073688199746,1,0.30608184495795143,0,0
25.952658769887538,104.05470966591805,1,0.21605526764912497,0,0
23.443881641009284,110.59854395701606,3,0.09841909739170518,0,0
25.71092608986254,94.19944964285854,77,1.9982568487118293,0,4
20.300015929771966,111.3241604058116,3,0.15473141613585994,0,0
23.685766938381377,97.45592917425728,77,1.4588268210871895,0,4
22.95423689904859,94.05503982678685,2,0.4542368990485883,0,0
21.11977121912316,103.7757974714271,1,0.15046486244823498,0,0
21.319307157987257,95.42556385941263,2,0.08251935625013118,0,0
20.794397160667867,96.41201646911229,2,0.05597786422534767,0,0
206.72120060156698,88.93043663300843,2,305.31611642068475,0,1
27.64274237491905,99.78344037594867,3,0.47264397682917547,0,0
26.282420387766617,112.97511859292148,2,0.31732087848659773,0,0
20.691974020285016,106.85845470378331,1,0.07241840922038989,0,0
22.194165390392744,113.96916925800402,2,0.22998678223984825,0,0
29.895481192948772,5.048911750400975,1,0.2636272976498688,0,2
27.270124546997238,97.75204520848023,99,0.6766711373149192,0,4
22.49483586530782,89.31355519048577,3,0.0,27,3
22.32863989790841,88.9536000590233,1,0.0,12,3
23.085794662011736,86.53406144326303,1,0.16368164422008746,0,0
24.896615804296022,91.7928881526295,2,0.2906937412462689,0,0
27.50548292356826,100.65653385782434,3,0.22828162302851496,0,0
29.2622745020583,3.8549668216841093,1,8.877943527733603,0,2
-52.45791669141327,90.26534357396488,1,18.090136278169716,0,1
24.632317351794374,94.97969799462675,2,0.5133720739772372,0,0
23.765081679390224,102.2047529167293,3,0.3730335644079119,0,0
24.609797866933572,98.00224652115521,77,3.3254147794696713,0,4
22.577887940963727,102.51140763194093,3,0.31981805943910047,0,0
18.585299376074254,102.03835691657889,2,0.38330958584720065,0,0
21.781372259077056,88.48217921520748,2,0.5827278136442935,0,0
26.991152360056493,94.88134201102653,1,0.44826669147250797,0,0
31.378285791899216,101.92254765065876,3,0.29138743677068746,0,0
25.26986218326428,86.04354942576202,2,0.0,52,3
31.648320871443975,94.29519314583035,3,0.398448887062532,0,0
24.211560007407368,103.20919348822797,1,0.04806965844724331,1,0
29.956897253069243,91.07402626287251,1,0.35299525060513304,0,0
29.504183376514337,85.93204390733369,1,0.41115409998010577,0,0
26.585769593945717,96.45940136388838,1,0.17140006897888682,0,0
19.13914603940839,104.90505307324167,2,0.4782341485607624,0,0
24.054524971329514,112.0489368845908,3,0.06554458945337416,0,0
21.649417369808702,92.25681484776517,2,0.48415863576547125,0,0
26.335582369893633,90.17827338706823,1,0.18467131106112689,0,0
32.5,105.80400717892081,3,0.3564463545554091,0,0
21.048207285790173,112.32310484931746,1,0.24933812344572104,0,0
24.90928703596576,97.20427874070548,2,0.4615201700630074,0,0
26.480205878362835,103.67891600795974,1,0.4768390389491195,0,0
25.31398306996322,89.96690545256062,1,0.0,9,3
22.5,109.33691675204074,2,0.34547297137982014,0,0
28.291957791369153,85.19777216016817,9,7.810449899637145,0,4
31.891372131565216,104.90087832869479,3,0.5684910984461915,0,0
24.90321301155927,97.96201855199854,2,0.3792681085371896,0,0
24.53173411893882,106.52420827799234,1,0.0,24,3
21.834573315014165,85.15940427005037,3,0.01921275818430246,1,0
22.158426156162086,114.27556238387604,3,0.27130960046719466,0,0
22.76623129669702,97.34232795281396,3,0.06748367283092804,0,0
23.781492821968687,106.45375059450663,1,0.560725428444357,0,0
23.777120485565643,88.16179654323416,3,0.5125327546301115,0,0
22.171553334910648,9.850372781667259,2,6.1895747143662305,0,2
25.16922020620601,88.19870856809794,1,0.22136018320423645,0,0
27.197614130193323,87.32235022675879,99,1.53160066069141,0,4
20.308926257543934,86.69547072390272,1,0.3322919778655731,0,0
28.2004844162037,103.40205539566513,1,0.5508290111675578,0,0
31.62041380651489,102.9288697958668,3,0.27135381635355316,0,0
21.776198194552023,114.04894943980509,3,0.0,26,3
32.49461408422423,106.89317912008472,2,0.46387693515737993,0,0
26.22197646280133,0.615305853994405,2,4.551239899281349,0,2
21.774558530078995,90.31246766191869,3,0.19755407253904522,0,0
26.553260713826525,5.140102674306139,3,4.293476867274691,0,2
26.680934397667485,85.64880977385381,1,0.07466727373251558,0,0
21.776198194552023,107.35240513486654,3,0.0,12,3
23.61906069971389,91.02734019056567,2,0.34957285717520037,0,0
22.195939859637505,89.63476612014777,2,0.31269077094633957,0,0
27.474259671691534,91.64780291318343,1,0.08364555844249111,0,0
-97.41689120855051,104.7943996086418,3,295.6051672206374,0,1
24.856791341825314,101.32540347825861,2,0.108964027457219,0,0
27.908889431859524,91.94237866531446,3,0.0,22,3
32.116348156738766,106.72407936497899,3,0.3836518432612337,0,0
19.125964293884934,107.44779071150975,1,0.3674415357516736,0,0
21.033421831086667,101.48586646971206,3,0.5309294879800284,0,0
24.50856682617609,87.89994301497013,99,3.690254486418386,0,4
27.704425062194133,96.90663934674757,2,0.28679047578749106,0,0
29.640244974236285,113.41920697710887,1,0.5189327740528213,0,0
28.671246245921907,86.41183593630842,3,0.2585856483090687,0,0
24.85702951538972,86.61797748522613,3,0.08178756922556474,0,0
21.776198194552023,109.27055626800092,2,0.0,29,3
28.721177643957432,90.98714847687816,2,0.3243404595801209,0,0
17.55489087780731,105.8408941256328,1,0.3592990547627757,0,0
24.88518353930826,7.164230055374944,3,0.766276166261175,0,2
24.217438279222407,108.97246437315863,3,0.4146129730086727,0,0
21.047200838678304,113.50185901152415,2,0.21682363489150092,0,0
22.444551998975456,95.59151174800907,1,0.2610047208325774,0,0
22.219476905162193,96.53533982934438,2,0.4749302366299837,0,0
25.386353147924254,108.07183399479173,3,0.3557581513357242,0,0
21.828377324344025,90.83867535462295,2,0.06025842141441373,0,0
24.871463514451012,103.95167254979752,3,0.08316598129464126,0,0
30.0,88.30053163382631,3,0.02029322234582409,1,0
18.6834543899902,108.98231196727127,3,0.55282543219068,0,0
24.267208809244117,92.96489222287217,2,0.5198461053111672,0,0
30.724405382015888,98.02213245447942,3,0.42035848388615094,0,0
28.880832137654057,104.26628911008092,1,0.17582702984594434,0,0
22.96252658227822,101.49605688328616,3,0.1503336353911493,0,0
24.156519821919265,99.47479181582989,2,0.11099217501168468,0,0
24.578938193403985,105.475351903486,1,0.17365923091569258,0,0
23.821988715876504,101.41382927706701,1,0.38292879141322445,0,0
21.307846341525707,105.28078864157642,2,0.2989283451706761,0,0
20.0,89.54231331808255,3,0.0,1,0
23.123107276863806,99.61185756456808,1,0.5073086286160731,0,0
23.11286021766937,112.12729874222696,2,0.27420959694874725,0,0
28.300653721957794,106.12367062697304,77,0.3351174909445902,0,4
30.68147360212889,100.30647802235212,1,0.37590445848320897,0,0
24.114637888345904,102.60809519676721,2,0.4373198962420375,0,0
17.314950422888828,111.30296910285249,3,0.3149504228888276,0,0
21.984573472387858,88.17717413211273,3,0.5360804747080756,0,0
21.564351319066695,99.83260914107744,2,0.4905526763415722,0,0
25.802629034741795,98.60248691872805,3,0.28415348245223626,0,0
271.3771946263208,88.87409212199003,3,342.81652839619596,0,1
23.268104653963235,96.85465892416914,2,0.558896651783698,0,0
31.632498983508693,100.75751394491465,1,0.0060693603244921235,1,0
21.52019487859942,105.88239584701117,1,0.12113458144526135,0,0
24.766235961292892,91.52358796651708,2,0.24483774310998996,0,0
21.78196426788126,0.8924273482539158,1,5.695688503519062,0,2
178.25203099341752,91.00048783797479,1,104.10744922153708,0,1
19.70838850571721,108.18764445628345,3,0.32878965378331415,0,0
31.532748056855965,114.08579569972021,2,0.4970270739486722,0,0
23.114811954344077,88.81543567650661,3,0.350353217360059,0,0
29.799594884460493,97.32798714888276,3,0.2758669412443169,0,0
255.8253990994706,110.77517084709801,1,41.012842171660395,0,1
23.723850165270758,91.31986567017,3,0.4948360147400308,0,0
20.62454335805024,104.2986465532706,1,0.1341960885521729,0,0
22.596140986739204,102.45245253844581,99,2.3079626246288463,0,4
28.98770308114899,107.8227792516085,1,0.3911874623806497,0,0
26.59702939560257,107.72751498157172,2,0.0,14,3
32.169709842014534,96.97424983281854,1,0.4026426015218014,0,0
21.99939591545511,85.86348028940017,3,0.4391817258592319,0,0
20.789937097833736,85.71652573957428,2,0.5324000666409106,0,0
23.376048258497125,98.49411972113286,3,0.497517018850953,0,0
23.58883934052851,109.22877608688925,2,0.4982806146884009,0,0
24.460644367897515,114.09456593901353,3,0.14063307254036062,0,0
23.491352502533136,91.12193165639802,1,0.05483516257563181,0,0
22.184993377850418,92.74733164896875,2,0.009460448304555058,1,0
20.714198816964075,101.20651800335855,2,0.09572573011497454,0,0
24.299237609298267,98.20445341672398,3,0.01372368756190312,1,0
28.56585182536558,101.15152560689299,1,0.09999949198622105,0,0
183.7146217163034,103.72871202349809,3,85.02164274264524,0,1
22.71582211115872,99.893834570659,1,0.273527168368517,0,0
23.557382818665268,109.71689144873993,3,0.18953989344550948,0,0
21.895119406858818,95.66318012092185,3,0.35002153198977837,0,0
23.805661329472162,114.91961834919312,2,0.0,28,3
18.05744530700301,88.47607178575389,1,0.16984112574687416,0,0
29.655517746451302,93.44605333520639,99,7.9296598059585826,0,4
31.62537691946549,87.6570452147524,2,0.5835802107264172,0,0
24.35969266000378,88.29894484395119,42,3.149204898280395,0,4
24.06036212184384,98.91956252321143,2,0.290270828191904,0,0
-90.98769813444285,105.63319106636445,2,349.4914898922648,0,1
-63.163878674930174,97.88647370562026,1,239.4401082305573,0,1
22.523345303382815,103.1852390335264,1,0.5448612327104669,0,0
20.501476093713602,98.41818904471366,3,0.3155155305909858,0,0
24.82089530201902,87.01853838764544,2,0.29659511917165204,0,0
24.692449458705397,5.357583164780701,2,2.6265925314249223,0,2
-71.25447058964468,108.78980954177534,2,8.566055872097934,0,1
32.06233435915191,100.72113009602761,2,0.3581951563246939,0,0
30.867994259342897,114.98005368493347,1,0.2751195210939201,0,0
32.5,90.72428474338922,2,0.19863430451859898,0,0
281.52719973771843,95.17230545160659,2,118.94181846348874,0,1
18.712253373085826,96.03147409178301,1,0.48759027860628734,0,0
22.074513817158866,88.44225875014575,1,0.06324466805464724,0,0
19.07478662294779,108.79428621990218,3,0.5774310349969376,0,0
25.310013142609286,114.48840638664103,1,0.23461149077516197,0,0
19.23534784670518,114.59918735503527,2,0.4981947430977698,0,0
22.654620454903228,100.20310122153364,3,0.4356400385469179,0,0
27.800276496289143,94.90882526404403,3,0.13626797888301923,0,0
20.93526534532244,111.76223053280862,2,0.5282158016750884,0,0
-58.807974241440306,104.42523272203712,2,342.7787819983554,0,1
18.141944675639618,90.59555531199562,3,0.21506392203391655,0,0
21.708315422450013,92.79439626235103,1,0.5769692678123306,0,0
24.90410361136805,111.1769955507389,42,0.8532857135587548,0,4
24.469883696736336,91.51421212113016,1,0.12301440909284622,0,0
18.397339739455205,108.99565767841946,3,0.47346267227290895,0,0
20.43520185355763,111.83006826275589,2,0.0,21,3
31.787454154647623,105.81976325167827,3,0.49319618642078566,0,0
22.04063836356904,112.83256849585639,3,0.46054306195610906,0,0
21.678789010828464,103.57480073988113,2,0.0,25,3
22.45187067857057,109.07205353353973,3,0.1298269264593941,0,0
27.869900833848252,3.6755020604024873,1,0.18579540270791028,0,2
28.77280231351367,88.11674063242941,77,0.12684376149541876,0,4
20.9835887490069,108.88730828369162,1,0.0808691329872886,0,0
28.61444934565788,110.37966632161695,77,4.928682407276504,0,4
23.865490114147754,107.64820600474987,2,0.20304841028681153,0,0
20.0,99.51580656592934,1,0.0,3,0
24.755458956522446,106.61151995759337,3,0.3729650491315759,0,0
24.240521852144923,5.350412621345223,3,3.35036060480596,0,2
25.12783814673366,112.24055636264987,3,0.07902067237589705,0,0
27.515135596062176,94.12465763456396,3,0.3017571072874894,0,0
22.793281760569663,114.76047908190507,3,0.023056598184325594,1,0
27.908889431859524,110.68732125074861,1,0.0,17,3
23.060235195584603,113.0863673873107,3,0.5620966262092288,0,0
20.35774690714008,85.51881927301248,99,7.679307333026092,0,4
23.479164425852364,88.66329742030081,1,0.552787751197787,0,0
24.219821661065712,8.787891930331087,3,2.7200514195502663,0,2
26.071048252509023,93.63802282279657,3,0.4991316047448642,0,0
25.153472218740593,106.70742101319942,1,0.5186443250062638,0,0
27.230566650198977,104.39863400972666,1,0.038568644839006794,1,0
21.664735552482288,94.0020124871632,2,0.011671290345816487,1,0
32.113390134213596,96.83887209718095,1,0.23250950441889273,0,0
23.34844737065296,93.84104109656585,3,0.37063024684027823,0,0
23.33262703534043,95.7573538457462,3,0.07688883460022211,0,0
22.912257572868523,93.65216313456237,2,0.5808157958525584,0,0
282.0160000809607,97.02245342942734,1,125.48189799509768,0,1
22.470316947231282,87.0535135769805,2,0.25770393173273476,0,0
18.545219940023856,89.82424154252496,3,0.5939260993845359,0,0
22.65491359176088,97.82469063761846,3,0.45831330996557185,0,0
21.403543862427444,107.3894143770723,2,0.422279041647446,0,0
18.132923269127097,92.57310833032062,3,0.5559801565312839,0,0
22.377017385558407,104.43452337971586,3,0.17062309906374296,0,0
32.37524635225093,105.16315201041294,2,0.19526690804181612,0,0
22.672660278211115,100.17873723204795,3,0.47783558046055674,0,0
24.074276007981886,85.13078739869741,2,0.20581416873724478,0,0
-53.241899462661095,114.59461203789068,2,219.98237938044485,0,1
21.881981452301762,91.4638872182719,2,0.4035495757229519,0,0
27.86057817509348,88.89118773970081,3,0.3298300826183471,0,0
27.792031367651077,2.3121085052051265,1,1.2325442592671578,0,2
23.486803618243968,101.40746541379373,1,0.44103521238968924,0,0
27.901095122670945,6.766169857058742,2,7.680703085994601,0,2
21.352961570106313,109.14720330524315,2,0.3047542843161395,0,0
25.311789919442862,87.39947448390265,3,0.13068930702213422,0,0
28.225485241246194,104.02151524920158,2,0.0819397379680673,0,0
26.59702939560257,85.733941082768,1,0.0,20,3
23.884636426109964,95.27617688528824,99,2.856492563799428,0,4
27.28124428123302,99.9392890776218,2,0.5572654196725892,0,0
24.02575538070807,92.12629974771633,1,0.38438026935570946,0,0
21.302226159581387,88.11805968916907,99,5.951686302008056,0,4
30.532974979625138,89.31074821785202,2,0.14291171432534355,0,0
24.249924269289714,89.00249006569621,1,0.054513540254056636,0,0
21.539573257518423,9.14314112502681,1,2.243980983108454,0,2
157.80567565418406,89.96860178230514,2,208.95373797336197,0,1
25.513826528820083,99.44148135245283,1,0.4356345351003412,0,0
24.277674576447335,96.19622107315381,3,0.023838072433953528,2,0
28.614748123426942,108.15967210764073,3,0.0,13,3
20.0,97.00465818596197,1,0.041145371837281175,1,0
186.58988457153242,103.39216929648146,2,271.96973953519756,0,1
20.0,94.23037268433845,2,0.0,4,0
29.586950569723598,89.47804038007742,3,0.2534280360550909,0,0
20.05457846227183,102.75423722989979,1,0.21649268848800318,0,0
17.104209341625054,107.36318422552989,3,0.10420934162505446,0,0
26.92821379307343,101.06627419293395,2,0.08059209473139362,0,0
23.0774951660782,1.7010491579727665,1,3.719204566437025,0,2
20.247143793884835,112.0935184861641,42,0.12516822363808444,0,4
25.5742295820126,113.73837579778413,3,0.10303071814120202,0,0
32.23570321946251,101.35025247171822,2,0.24449309601985902,0,0
25.529965826889217,3.2162169706910237,3,0.3074605833215678,0,2
20.10567122774443,6.898407010985036,3,1.6529075854174948,0,2
23.873565277348078,102.62109605726731,2,0.48823989280780467,0,0
29.419961085715247,85.59049646144241,2,0.22043945486954541,0,0
25.505130307759266,97.95415302357736,2,0.3636907708052952,0,0
21.501338458300257,86.74593310390861,77,0.25187832548573397,0,4
24.775510148010856,88.85049779844084,2,0.17681056124770933,0,0
30.950944289161303,95.82365203236179,1,0.40134505787003505,0,0
21.678789010828464,99.7038658400979,1,0.0,16,3
23.91516289636435,100.21178940216154,3,0.4894062166602424,0,0
25.31398306996322,90.93302882852555,1,0.0,29,3
17.555202435766752,102.43714664267837,1,0.25364333611169343,0,0
31.820045323280652,85.63491441946115,2,0.22573665151326594,0,0
22.094878680271105,94.60896227490227,3,0.08358819157311359,0,0
24.456344510125167,88.11518158332782,2,0.4205408177316663,0,0
-90.7527331394134,107.0498931488372,3,266.72154901418673,0,1
21.20064290412668,88.516117170407,1,0.12676546718809334,0,0
23.805661329472162,112.25572091501537,2,2.0449909690955863,0,3
28.163701891133403,93.05894654857428,2,0.0,4,3
31.920495462138785,110.54316088993343,1,0.12844943203598191,0,0
23.569403178533786,103.63991872467122,1,0.15021009078000347,0,0
22.38589989244663,85.33093793285941,2,0.32316587236960714,0,0
29.344126800301808,92.40065289231993,1,0.509334607484675,0,0
20.1599272275716,93.41802439713749,2,0.5127180626655985,0,0
22.434563577719977,114.64741467070736,9,1.4273058634746647,0,4
20.0,108.47277436638363,3,0.15992722757160038,0,0
23.390837535619287,90.34994537284649,1,0.21525611213972695,0,0
21.60955487456729,97.28028891486834,42,0.6296074542701611,0,4
30.0,98.74759944295144,3,0.0,2,0
286.01135588588306,91.4362066360986,1,107.12494128385703,0,1
32.5,86.12668209220568,2,0.32375031237467766,0,0
26.557592802568262,98.62550988210118,2,0.30750454970691976,0,0
27.74849846534099,7.528305526473166,2,3.901381966688625,0,2
21.799547328798777,112.39721657669413,2,0.4404867822961229,0,0
178.88641460202604,110.87503122679274,3,230.4434478286366,0,1
17.803952079716073,85.49763486783569,2,0.21307723421073987,0,0
31.6183507157172,113.78318787223495,1,0.16316703694252155,0,0
23.951805411196528,90.7182949922335,3,0.2740401824707561,0,0
24.045690136249252,104.66529915538338,1,0.4496985226845496,0,0
24.187073152923173,99.67968242425364,1,0.23263601079407437,0,0
23.48862096770273,8.384221294376108,3,6.1033138968824865,0,2
198.8203483014934,93.63458840128452,2,296.9918576833455,0,1
27.300331806810323,99.55691367296069,2,0.5857488911455633,0,0
28.417057652229474,2.115961838787614,3,3.0829839007745505,0,2
28.614748123426942,106.1287420714494,3,0.0,7,3
24.13889701052144,113.08529692499516,2,0.31455554454039003,0,0
28.036960870181186,98.49738343256516,1,0.10767484329175758,0,0
17.195591823044534,109.573069530226,3,0.3043175601130734,0,0
25.61922439623258,102.33421150753254,2,0.19130755449839754,0,0
28.625922488996718,100.04189435785973,1,0.10546283031573722,0,0
24.253080886171446,109.1552319208113,1,0.3629329131858263,0,0
27.405379086632895,108.73012222196222,3,0.17325360089092,0,0
26.98910918731627,92.65010957503227,3,0.0722897565396643,0,0
195.90887973242639,101.78845017295228,3,259.19020579858767,0,1
27.010164936386087,105.34181130363025,3,0.42954894647700925,0,0
24.39182054262126,107.98347798386759,2,0.19024861880406618,0,0
23.86167415014175,105.69104604585606,2,0.37251949628780423,0,0
22.52116672282732,96.45874057135806,3,0.021166722827320683,6,0
24.143609638975267,104.88579362903997,2,0.2817951105799743,0,0
-53.93012059999018,103.53445839276668,3,313.253447613902,0,1
23.24578659165279,2.2374326835172504,3,2.870057733206689,0,2
25.930762178242933,99.19629720074671,1,0.43722989980756566,0,0
27.41107041629681,2.961432951130057,1,1.107324352331215,0,2
27.44185657753947,112.94471160756778,1,0.32788965911938206,0,0
23.899199889453865,111.28877045571812,2,0.30968672625691696,0,0
23.079993107407606,98.83100704293436,2,0.04803503071282478,1,0
23.080490482752587,100.34608582704375,3,0.26449928291081193,0,0
25.379257202272562,100.1326311914564,2,0.28483966516071035,0,0
27.90145129437104,86.19133622716741,2,0.23221180445558431,0,0
32.05536066128923,106.84946531481204,2,0.10114642902018289,0,0
22.228837425684098,87.86197831939631,1,0.27463373072393793,0,0
21.49925298476854,95.74419149587433,1,0.30498306900792116,0,0
25.3985881696885,89.61699714081321,2,0.3121931157481903,0,0
30.606622896464156,101.96692976703864,1,0.22780954012315746,0,0
21.669688545396774,97.42389257586781,3,0.1586887789472513,0,0
24.141087672825815,114.8720335615397,2,0.1152601389131398,0,0
24.704817540824383,90.80306028869448,1,0.23659643056557655,0,0
20.112195698986223,91.30353327820643,2,0.11219569898622339,0,0
24.52271544383185,88.95060710308621,1,0.430207745461864,0,0
30.732716414672588,96.76088604410774,1,0.2621297696826481,0,0
17.278164858127813,97.35522742441806,3,0.03410857373981102,1,0
22.536675078731378,113.65181534454968,2,0.38854846106555385,0,0
293.1546923327257,102.68516152526277,3,4.126902120165198,0,1
21.246252693837498,93.5402421653939,3,0.41848285864478996,0,0
22.6738875886379,110.54453347941981,2,0.17388758863789988,0,0
23.773174122413856,95.78271480492451,1,0.05489961573532298,0,0
20.27121233696134,86.83649974430716,1,0.36975217871459876,0,0
26.082462247018203,98.80619854469846,3,0.37189574436730766,0,0
26.55255766424832,114.35483394015372,2,0.531791315145135,0,0
27.060130002617296,103.2463413029934,2,0.12749383012151227,0,0
24.047915943205343,93.52086004608347,99,0.5246921027128622,0,4
23.287111223991307,94.80384117573333,1,0.1205774584956778,0,0
24.722382934647428,85.87741849103678,1,0.44621223329427906,0,0
23.557608055698868,109.3583870391365,2,0.3021901751480165,0,0
27.636043591629953,1.7729874714538718,1,6.062666533629475,0,2
24.199075476984675,2.345212832108026,1,3.2117125684432857,0,2
32.051469673055365,99.42824824252911,1,0.09524371574541846,0,0
23.55040809221056,92.78729347825147,3,0.5626210886479299,0,0
22.143758314845314,86.86875394390188,2,0.2305936100329582,0,0
31.871794090337467,113.99227888370287,2,0.008029441207558108,1,0
25.00805915194997,101.81618057250313,2,0.5057673768701143,0,0
22.250454615716265,114.60687836164892,3,0.020121508949479505,2,0
22.317695804375735,108.34138919449597,1,0.5881071654106158,0,0
24.230523942920147,5.488334531983803,3,0.7419029752174175,0,2
21.059639315136128,105.25389657533259,2,0.041465453707246525,1,0
20.43520185355763,97.01335679355654,2,6.484723367009813,0,3
30.55388489838607,90.99185557367215,2,0.45566463967226056,0,0
23.624436198014024,86.09022244948727,2,0.30262506851171267,0,0
-75.93220839460739,88.62061915485918,1,3.098299706973151,0,1
29.81474420268095,103.64521933414252,3,0.1852557973190514,0,0
23.837997516113624,90.20716432454319,2,0.2982838173750437,0,0
21.35781172821213,110.56791623173544,1,0.4834739942303834,0,0
21.497369242469286,102.62757613328205,3,0.3568408390375879,0,0
23.79254657309793,91.85066842536543,1,0.43095643170147824,0,0
-89.42397411278863,91.40453751095906,2,3.008962952634718,0,1
22.49483586530782,99.14549114188154,3,0.0,28,3
-95.9896146093137,113.60969352889813,3,375.98084894868754,0,1
22.5,97.05855773845659,1,0.0,1,0
31.56164021602447,110.11719998546378,3,0.17853957643381335,0,0
26.88421346243166,2.6542033459719114,2,0.23091554068652442,0,2
24.99902518134381,106.08599332150304,3,0.021172549700697374,1,0
25.26986218326428,102.71340064785929,3,0.0,34,3
32.5,96.12131971113352,3,0.0,2,0
32.315093219507375,110.21348744916416,1,0.33713378274058314,0,0
23.21583940362465,102.10744374842199,99,2.5523276837448385,0,4
24.47632910550957,91.70807644971013,1,0.04844069477224622,1,0
31.42498909367812,107.63127866574729,3,0.4797260920285389,0,0
24.01996497298211,99.20306978125065,3,0.12763737566707078,0,0
27.908889431859524,96.22976693838561,1,0.0,28,3
-57.86525278886192,97.35692435086334,1,292.2845830700996,0,1
28.163701891133403,86.88164772704165,1,0.0,20,3
26.090600395659877,111.34345590957105,3,0.03508512913487749,1,0
28.163701891133403,100.44947211087418,1,0.0,28,3
22.27760403093288,88.05512024799398,99,3.8344824972225418,0,4
20.565463894262592,98.1410097009294,1,0.5654638942625922,0,0
-75.60260453714676,96.01224852235104,2,313.899154994556,0,1
28.899646075009088,114.01363534764243,77,5.589859137127291,0,4
23.44366888318254,6.658079891752291,2,5.463117072872169,0,2
22.02499049604095,94.3378198644869,42,1.8596459300690142,0,4
-96.31908692331592,88.00129853290034,1,324.915217326173,0,1
28.68841510494479,92.93212893788936,1,0.11781893465040127,0,0
31.022645052021975,93.9362899456838,3,0.30739308036487145,0,0
29.534122688885663,109.78773187996208,2,0.5095350387995659,0,0
29.41019822697234,111.14072023696623,42,7.259960340633143e-05,1,4
23.77676747042995,92.02173325052497,3,0.17722933894898674,0,0
28.024120472504727,104.91473424558176,2,0.24488156467606004,0,0
27.416813488141745,113.68663520930883,3,0.18438777168674392,0,0
24.626075328056324,100.16526281169592,1,0.09683890146514074,0,0
29.08312065712973,92.49602395773788,1,0.22495776485967411,0,0
23.057691071789762,105.78635283089957,3,0.3693977421919463,0,0
24.425069574658366,103.75634601572546,1,0.2865660600944224,0,0
25.12118568816002,87.56209090488164,3,0.01797841497115016,1,0
31.40338975996654,96.6736902884509,1,0.12410109416673976,0,0
23.429329696456108,114.59242055448667,2,0.06447387767803292,0,0
23.25294622933497,101.06661444639018,3,0.018006791651668408,1,0
25.36408779051537,106.45300483851099,2,0.3652968716129692,0,0
28.167937912253734,107.42955473694934,1,0.17231431698040112,0,0
-58.27885770778277,114.43984873415329,2,5.957468899540707,0,1
30.82903982285592,100.79926790575593,1,0.32521537763962627,0,0
26.029155046341835,95.64391868969166,3,0.39837593736878674,0,0
25.26986218326428,96.23349632615304,3,0.04412088669894132,30,3
30.392226048370514,87.42337641623031,1,0.15055661705875067,0,0
30.623665432010753,100.38647807528722,3,0.056402279004043265,0,0
17.166278014200532,108.12736611237466,2,0.19890733101964742,0,0
21.15390229009924,3.790738896476036,1,4.308888757803601,0,2
30.0,95.86544808382455,2,0.35047978559135373,0,0
24.07080799620194,98.37659859579423,2,0.4115345789474354,0,0
22.683062379089776,89.17736113352785,2,0.48772494401329425,0,0
30.25697545678091,103.00607641277742,2,0.13525059158960318,0,0
28.035892768070834,87.33137255175177,1,0.5493199898114653,0,0
25.221159591249688,110.4264289916421,3,0.33215812465035555,0,0
26.879654624167408,114.43088467345228,3,0.2978223575890411,0,0
26.51780493645371,89.84250963062722,2,0.3344680907205806,0,0
23.989251933132312,100.3171122618551,3,0.17487005202126582,0,0
26.692494234921288,100.60970878574157,1,0.02132972359520835,1,0
23.99584047954465,107.89855570609477,2,0.3410246150784957,0,0
25.329293324635994,113.98822893244558,3,0.31991513365446167,0,0
21.539955125711796,112.58593073968149,2,0.12259604939741209,0,0
20.576212749786293,113.12443517197315,2,0.33929480910166276,0,0
19.25828147418003,108.25398470083343,2,0.5635015533174688,0,0
24.53173411893882,106.25076808115983,1,0.0,13,3
21.280203278347216,90.9765905751123,2,0.4658296195935634,0,0
23.837759830762042,109.14900501645056,2,0.37380017664532517,0,0
28.48340992397302,93.34430921346733,1,0.5154471867996513,0,0
20.82582052625348,102.95072452893277,1,0.23848168708800088,0,0
30.188784617799605,105.94646360483418,1,0.5089540305311431,0,0
20.874881479282706,98.0320995701983,2,0.2895460294134722,0,0
24.187544979202144,4.475662260709999,2,3.6956550768819234,0,2
29.33501534978708,93.17339323326495,3,0.1991073390985818,0,0
26.90519375576266,87.70587100600733,3,0.11405561390851204,0,0
21.10351759412587,94.03693884381724,3,0.2831442726182125,0,0
20.957984597810622,102.72413600553747,3,0.2780553594866717,0,0
26.79517089714913,108.99075586008374,2,0.08009888122916564,0,0
17.0,90.45784391485813,2,0.3186264961926426,0,0
24.776556874631968,108.56954854240696,2,0.16341283764987935,0,0
27.168482944228888,103.45209262044094,2,0.19702036243015897,0,0
23.193571914444014,85.90311616633957,3,0.18589950538412126,0,0
22.49483586530782,93.41289584720731,1,0.0,2,3
24.663122159459895,98.08621889447109,77,3.5156184764448284,0,4
30.03008630374968,93.93939383986809,3,0.45157676389861123,0,0
30.559376295939337,103.73274781553178,2,0.20171245812300498,0,0
27.55461713098246,86.9200024825716,2,0.0,22,3
21.56150061377531,112.54229656597451,2,0.287884944920318,0,0
23.940343260066953,85.25486735821629,2,0.10278520251456058,0,0
26.402570866996253,87.06252856266032,2,0.5376639382234671,0,0
30.177602561267957,113.15386159374006,3,0.37092386018765566,0,0
32.5,98.1790981698399,3,0.23742938120992108,0,0
24.240432793621636,94.44523466226207,2,0.27118586353734386,0,0
20.621280371391226,109.20504217801792,3,0.30073770196903027,0,0
24.099731704794262,95.51880793627542,2,0.4945602010262,0,0
23.468283960040363,85.17594183661484,2,0.07453305914787478,0,0
20.496014344835654,90.23495459193866,1,0.06491913647499103,0,0
30.0,88.11878127737168,1,0.0683520280378076,0,0
24.580146243159458,8.714438649563679,1,3.5392762698585933,0,2
22.07358100190753,99.68932228096098,1,0.1070534280004658,0,0
20.0,91.8260163080939,3,0.0,2,0
24.497787813498526,100.51807169324829,1,0.3463379576068881,0,0
21.71953136790904,105.20297299974752,3,0.357775857452463,0,0
25.31398306996322,98.42105433975617,3,0.0,24,3
20.625080061558716,104.5679201783131,1,0.0853350823797463,0,0
23.937081750873997,111.72496444868901,3,0.44363506182196133,0,0
25.215345685484237,85.4808446936537,3,0.4805043437519636,0,0
28.682348452680895,90.27016893905754,2,0.44722574550392835,0,0
18.861643098019858,101.28088249474746,3,0.2628785883751448,0,0
166.74047991778377,95.08108992482795,2,243.21340561548502,0,1
30.246423104981776,113.00846133505283,1,0.44767673079098813,0,0
-98.59491581911779,100.36311566391397,1,313.3116646653193,0,1
22.86419869796983,114.88473020496336,3,0.48115307482856196,0,0
25.240735359769705,86.65304605476493,1,0.048787613287252896,1,0
20.601382665480006,114.34662005579675,1,0.10839255684897608,0,0
20.78881934752161,92.78347513204228,1,0.16857995177065632,0,0
20.0,109.30420272236384,1,0.553362443825602,0,0
191.5079996313449,111.38251930793189,2,260.80643970891236,0,1
189.3473775248302,108.54561137067365,3,288.663494969598,0,1
22.764458736984018,109.12327738183396,2,0.4027287788059013,0,0
29.3249592604067,87.9548392503821,2,0.5321137287183433,0,0
20.431925474708084,92.17633264102656,1,0.25770678923187873,0,0
21.776198194552023,114.6976447382482,2,0.0,22,3
22.582862636613502,90.73726387228365,1,0.4879839563423971,0,0
31.679138234162107,92.46229798873547,3,0.40391253495713997,0,0
20.641218235409507,85.62728537005705,3,0.291657240589835,0,0
20.25671808536148,101.93771916800391,2,0.04977772537558067,1,0
22.5,109.72283471453123,2,0.23316439356924334,0,0
21.804374166695453,113.80406813216342,1,0.5324419113842644,0,0
25.530237775468105,98.06749944438799,2,0.357376378630363,0,0
24.710911411053164,97.64130823641565,2,0.3892482413183984,0,0
26.59702939560257,109.6732637394678,3,0.0,5,3
28.701164010859088,90.25672877098346,2,0.26917692371675983,0,0
31.409785973105542,110.5709604778613,1,0.16301661707447224,0,0
214.7048184582003,111.17366893753925,2,310.5143967838421,0,1
24.24833391323152,101.5666684052154,1,0.33192820775567,0,0
22.665199528951064,86.20327574237447,3,0.585179476483269,0,0
27.26187922806036,88.97811972240433,1,0.3752316520509389,0,0
22.033677646139417,99.47270804784186,3,0.1378836174803233,0,0
22.51862941759396,89.56145702273476,1,0.30031891672661004,0,0
31.665296220799657,98.00867760705022,3,0.5635231022261671,0,0
28.270098816469236,93.53889735817957,77,0.6542265668024072,0,4
29.388597764356575,6.269654863745975,1,2.649118581070656,0,2
31.799704517492422,111.7970844162984,1,0.441988756380443,0,0
28.578726327758204,90.88737150118497,2,0.41995119660384717,0,0
20.486274716352778,6.918463793137653,2,7.407521618266468,0,2
28.129386075636376,113.90439842422983,3,0.4493402521218286,0,0
29.391958616345015,106.76517055275283,99,6.792793877767778,0,4
21.745834601743635,88.0567930261881,1,0.5724083453267319,0,0
-67.25843208029983,105.7700849472917,3,16.196138765798878,0,1
23.876710404821917,111.88770149414736,1,0.4783162926827629,0,0
30.608376599660765,87.83387277403261,2,0.4689889578127513,0,0
17.312273431867624,102.86916221823533,2,0.3122734318676237,0,0
22.106977039651262,90.44841903269808,1,0.38013535980676494,0,0
28.163701891133403,107.3828038658268,1,0.0,14,3
21.348512860753058,85.63110707381406,3,0.27736614602519083,0,0
32.47690807761879,102.70760095779083,2,0.4074800477705054,0,0
32.5,92.59736089120753,3,0.0,1,0
26.003366839413715,85.90078015988179,3,0.5966854798843215,0,0
32.23827815608954,95.66310042173595,1,0.015300527585459633,1,0
26.174519819443162,113.55902866910209,99,3.6942486499740426,0,4
24.902482941734945,89.64775933430327,3,0.43759070622976637,0,0
23.167390579467714,89.27782432245726,3,0.08336479384535167,0,0
23.57336436001337,95.26322862590783,1,0.37844105118315596,0,0
25.091512915409023,102.12561808836284,3,0.19814605183561795,0,0
24.38847809711364,113.02230547814453,99,3.6739833987456834,0,4
25.267739113137726,114.7774538646329,2,0.502524438231994,0,0
24.468221110258806,96.75731688831726,3,0.5583927549287218,0,0
21.222426922807138,112.7265530452798,1,0.18967860771032719,0,0
23.99115611078719,112.7397582874674,2,0.2567495374377273,0,0
28.796246753007512,110.53452206277944,1,0.04835928811380086,1,0
17.00706641466136,103.34362706303943,1,0.007066414661359488,1,0
24.95573474774564,114.47447741803744,3,0.18022459973478533,0,0
29.853461407786483,111.209014679041,3,0.5399225674880483,0,0
31.985689241764078,85.66608438963551,1,0.5411296222390014,0,0
31.75027108853049,112.46418962720546,1,0.4819840640552471,0,0
30.908842693201702,98.9281710797302,1,0.17648419951065009,0,0
23.741948316927136,100.56102983141786,2,0.5189969439794133,0,0
31.582016182617707,88.48542325035673,2,0.19462306285420183,0,0
20.153731437895622,111.70423412188043,2,0.03601407821047786,1,0
22.226742914494555,106.23505291689307,1,0.5187979657199975,0,0
24.65716158722652,109.49965729604871,3,0.06500934020758109,0,0
23.92963737389981,103.21800010304463,3,0.3886153049965664,0,0
24.575321503543083,94.04760609620655,3,0.21218405235605786,0,0
31.459621246714935,86.3366989485296,3,0.1029593348344271,0,0
21.10601041906046,111.87024332856336,1,0.12976875217436756,0,0
29.524778433736504,85.61023245646533,3,0.2754257063717276,0,0
28.0626500315064,111.24105952980136,2,0.41895869758621274,0,0
28.808293154368155,103.34967026938043,3,0.42305529908863804,0,0
24.553583879951244,92.97635456155294,77,4.6079263881927695,0,4
18.352874974243914,113.89667618321835,1,0.3316849937766584,0,0
26.32494910888992,86.59361872597003,3,0.26374031161131484,0,0
20.887126807321366,111.84285961037484,3,0.26989529594932904,0,0
27.57230456947549,108.78110217342254,2,0.24328595914750295,0,0
20.878014432885745,90.30046942528915,1,0.201623343015072,0,0
25.69605897627323,101.64420274821845,1,0.2647973454094341,0,0
28.229078227269483,88.35401113701812,3,0.23312969572303643,0,0
22.87281912607569,109.98789146722685,2,0.424276492076622,0,0
22.32863989790841,92.68321274801878,3,0.0,6,3
25.37747758690352,109.11654126205761,2,0.4695391977932992,0,0
30.0,94.09624581279024,2,0.05388738169999385,0,0
25.465438550347535,89.84343058098763,3,0.49040911879973237,0,0
26.25935114219451,9.262092993098863,2,3.595022701502092,0,2
20.019484204142415,106.92611037328481,3,0.19896874299226752,0,0
20.77456943682686,113.88431071222078,3,0.5783921332794542,0,0
22.250916645946802,5.569538496751905,3,1.4907942899689992,0,2
24.248115452671296,89.57248039991252,3,0.12082090102882859,0,0
234.41933028123768,106.56367104460077,2,5.4744070517835155,0,1
28.163701891133403,112.60002504248965,1,0.0,23,3
22.302592405714442,98.12809372166176,1,0.22576164730385173,0,0
21.399060297154158,104.28385211518928,3,0.2401228884065567,0,0
24.368936353700125,92.0392624556636,2,0.5126133833753421,0,0
26.769113372602956,97.15003295762645,2,0.21131164099749356,0,0
24.771176882138754,93.94817362702368,3,0.5304698633863154,0,0
23.210134439286335,5.968783264581267,3,3.122386888667158,0,2
22.95439875142694,107.34252194889767,1,0.30825056349279834,0,0
27.74878764201753,96.85228976164578,1,0.4409013837825846,0,0
26.925773793969057,87.79566357916939,9,6.21663906216838,0,4
23.357714802246466,114.93462567045935,2,0.5893640578638362,0,0
26.59702939560257,92.4212745859822,2,0.0,2,3
31.3180247302226,87.08439954650596,1,0.3405205267308098,0,0
29.547618201179333,95.53431071670437,1,0.03075283203045842,1,0
22.688529565500826,103.78702964263192,2,0.06714750095735766,0,0
29.470056627283004,99.07181020663461,1,0.18243760061373848,0,0
18.147028624622973,92.47876687446625,2,0.48907976871131,0,0
26.135670327972075,86.31713840891912,1,0.3948661277188954,0,0
29.44419474155846,103.12718530996426,1,0.26201638837864394,0,0
21.77104073390835,92.50728694493786,1,0.4122755487946961,0,0
29.981415815144732,106.7261473842511,1,0.2896989341366698,0,0
23.35663886650686,90.5694011470373,1,0.5154096652282263,0,0
23.930652951203015,105.55402929623452,3,0.37695082270939295,0,0
31.872110336881544,113.54810687499364,2,0.16424554741243824,0,0
26.43581610325278,103.3777842482763,3,0.4769585542648258,0,0
20.69581783543579,5.215461538429917,3,6.041820510861953,0,2
20.0,112.66923326450754,2,0.0,1,0
23.12176398679791,105.04541985873715,2,0.49467250305186994,0,0
21.87632088907902,110.75800320947495,1,0.21143489562784623,0,0
17.454913376638743,97.2620251329429,2,0.17279945188681722,0,0
31.90406541757917,92.35870280930929,2,0.5959345824208313,0,0
20.0,111.45151919186189,1,0.0,3,0
23.553702128493622,111.45071835530524,2,0.19706326198676294,0,0
22.769020536060353,114.93016789793978,1,0.19084563162841306,0,0
25.31398306996322,92.47059886320312,3,0.0,12,3
27.027711049877798,94.1801831562683,1,0.5841559130158771,0,0
27.235898286403696,86.28349804741804,2,0.593287012941758,0,0
24.426026611045113,89.42357580118852,2,0.07176120245341266,0,0
23.167017276368743,108.71529382824656,3,0.4432171874118431,0,0
25.259249817370392,96.27463657023823,1,0.4447432596399601,0,0
25.101783238201552,96.79365394621237,1,0.3306063560627983,0,0
27.578632687523815,97.19703423716473,2,0.38321411749059564,0,0
22.22391435512032,9.545651455834673,3,4.651910078956554,0,2
24.736335104858743,110.95887276726737,1,0.44194196570508737,0,0
25.731981367602007,92.56607206477993,3,0.21681974397435155,0,0
20.800941323824606,96.76653380300621,3,0.3850860728061818,0,0
28.163701891133403,99.84330530420986,3,0.0,25,3
26.705800508269355,8.996703610135663,1,4.0895977353626165,0,2
29.358759694060996,9.578852290742711,1,2.8054989802344714,0,2
28.56308491582357,103.97188769396526,3,0.4401480910360469,0,0
25.77026355136972,93.11931825945297,1,0.2055249902749594,0,0
29.832576109615697,3.623913945371308,1,9.27616838273832,0,2
31.16473728088506,88.0050797871199,2,0.2765259680970473,0,0
19.81227416822005,94.56926890881284,2,0.5145736218477239,0,0
22.5,109.38785216181812,2,0.0,2,0
26.702940939816642,100.79784827769367,3,0.5602386603520735,0,0
27.931948706261753,108.43871942217076,2,0.490092128722285,0,0
20.20249379790092,106.57863400456841,9,0.05920924337790012,0,4
20.136866859626416,98.43020276231255,2,0.1571061482749947,0,0
25.100159652371563,95.16403509781338,1,0.31923107942315454,0,0
18.640597631244773,95.40859605688684,3,0.18438480676084623,0,0
21.60764838729078,86.89760226696039,2,0.3043821033092371,0,0
29.231348453456793,100.27340155562567,2,0.2793481254167105,0,0
29.64515239284423,103.24990765440972,42,7.150316527536411,0,4
30.95783083197121,103.70877841891793,1,0.13645461822507343,0,0
26.204639771285642,91.15548500185483,2,0.4084440800966824,0,0
19.984991546027164,110.98191668501225,2,0.5192741800248157,0,0
27.43888144118619,99.20313603514823,9,0.43263785956317946,0,4
23.00577108054022,110.84343764213044,77,6.555885758342484,0,4
22.245140938848596,114.7459832748216,2,0.4884503524980275,0,0
25.319428876611248,88.89036934672706,1,0.3209928093506029,0,0
27.2822799153534,90.13307435240206,3,0.06768035841817621,0,0
31.864394284277374,100.90742579098728,3,0.30942974648651855,0,0
22.036805152178783,96.05346759749736,1,0.2773757827413661,0,0
18.694779920862562,90.5456336657658,1,0.05605233521193398,0,0
27.55461713098246,99.24785059085154,2,0.0,4,3
20.921020739597886,104.28645730176123,3,0.2648686938547087,0,0
25.92655578480105,110.90294733368154,2,0.08543902075549781,0,0
24.15625280355296,114.9851556912555,1,0.06597757952957295,0,0
28.225830171475458,94.38533884017005,1,0.5539337307053351,0,0
28.577029419221283,102.15692567376861,3,0.23108736009309894,0,0
28.910506169305346,6.139913206780067,1,7.029022683839791,0,2
23.951076959080694,91.35143116443912,2,0.4978019399962541,0,0
23.482412784684964,105.70968540702187,3,0.4239658631817811,0,0
31.960926938508763,88.12227869254741,2,0.2809494523883629,0,0
23.53971747978864,106.73566007002879,99,0.7040501903501415,0,4
26.50944000772794,91.03409627771131,3,0.5516038067381857,0,0
20.381077129158946,94.40043752755429,2,0.4112542825926653,0,0
25.401636236456113,87.20490241990038,3,0.31673944398424325,0,0
24.201345541831003,9.70456631258336,2,2.4193812739497425,0,2
20.700850750761248,113.39135960075113,1,0.06818203233396858,0,0
22.755677066458183,89.17590104037086,1,0.09656112119243687,0,0
21.822821918705024,89.8410207516515,2,0.03592870431628015,1,0
21.986593318124328,101.82813914606159,1,0.06228820652938438,0,0
24.208212378276645,99.81541044224684,3,0.5765649573396843,0,0
29.444331919752912,94.01966921682232,1,0.5857543839967683,0,0
-81.38310908073095,111.8753167140037,1,362.2786122344106,0,1
24.53173411893882,104.80517924940871,2,0.0,4,3
31.249871984381443,97.46983004501348,2,0.15860133081485372,0,0
27.83722357433892,98.40446405257762,42,0.1046120535390358,0,4
27.83673593019604,97.24042500994807,42,2.005535981305954,0,4
28.495701264349414,88.67749469521549,1,0.02886933894273014,1,0
22.745314650611157,103.01953199645068,1,0.5406372631034451,0,0
24.075921691349485,88.12939262055646,3,0.4039746603082115,0,0
156.534102085863,88.61199900043864,3,243.0942472775141,0,1
26.845633467827692,99.9107094333162,1,0.1869555358796653,0,0
21.98629834775942,98.8467242325937,1,0.4079140380545141,0,0
208.34746524006587,93.14381989062973,3,307.76613517579756,0,1
20.40704954364735,85.95983380432975,1,0.40704954364735,0,0
23.2786949497818,95.36738757612439,1,0.24764639617199435,0,0
19.822338310469345,100.07911279315576,2,0.35377356424997686,0,0
21.760670360376576,105.38655586855555,2,0.0,27,3
23.42029514604603,88.53421639203053,9,3.3966895547823164,0,4
20.96369977354677,111.81919172387514,1,0.4401857828261875,0,0
26.27908392755646,112.69898524809788,1,0.5471025599544532,0,0
31.275225699204967,86.31914924864364,2,0.1933567041908617,0,0
30.88331968883436,97.02708167737379,1,0.18788329437660778,0,0
22.598737750306864,86.47013934913821,1,0.5790021432151349,0,0
20.253585811238473,105.67430070941013,2,0.4023387036684234,0,0
22.148711738491347,8.946414305804275,3,4.110639403703164,0,2
28.614748123426942,98.29120025668034,3,0.0,22,3
20.75850607243884,105.10761928133078,3,0.21578259908587327,0,0
28.57005023135855,87.23285255315547,1,0.14780690943862496,0,0
20.0,89.42359027798538,2,0.05457846227183083,0,0
29.066688146151904,97.2581491216972,42,8.382225596861375,0,4
23.019299861300546,97.85373711546386,3,0.21292568547395518,0,0
26.212871673597007,101.88066267372189,3,0.02333854366948529,1,0
29.465879956392463,109.83774863635938,1,0.2984066103011891,0,0
22.694334646306398,89.84088403166152,3,0.017920019895910855,1,0
181.98212934902168,90.77029469425064,2,110.03359286638144,0,1
22.564312146238457,86.32197584711145,3,0.4823907782631096,0,0
-84.44037778228117,112.39553812273252,1,14.10393243168079,0,1
22.90435172467843,102.40258623513434,3,0.111527921810044,0,0
32.18295358352177,108.01834903160945,3,0.28554374430352425,0,0
23.947008520597755,113.92052221353107,2,0.006546141492538737,2,0
28.713263808512206,88.01591076075508,1,0.5773429457085193,0,0
194.15222497730673,90.01120490860055,2,291.56911618585724,0,1
24.239632166822027,97.98300638797788,2,0.2570900104887528,0,0
20.534871790479457,104.26834490521345,3,0.027609701546190024,1,0
20.58026505713239,96.5060353730193,2,0.1518664906254763,0,0
32.107240742627134,110.53846636649592,2,0.06246909938739975,0,0
20.775677229445268,92.86822965444955,3,0.5301146030156687,0,0
27.828805428983312,90.7124048807473,2,0.29244914955694057,0,0
29.307926583248804,113.39691528936231,1,0.13113906929445207,0,0
30.043022923697777,111.70345408929428,2,0.35704537963340144,0,0
21.295469341270728,101.66295116807882,3,0.5959642044886877,0,0
22.903822084684844,95.85559279615416,1,0.2947301029897851,0,0
23.270942799669385,90.80017700836157,2,0.5022313227444712,0,0
25.963798327023657,114.1495181385848,77,3.5584193939731534,0,4
21.776198194552023,107.35217843774466,3,0.0,3,3
20.60128167992929,99.32051194367205,2,0.38483539292013447,0,0
27.429300137964862,89.01823658200001,3,0.42658173131166066,0,0
27.807732348871895,3.955967490191042,1,4.54937795383044,0,2
22.39096657596384,109.51893309887481,3,0.057110851384482686,0,0
21.776198194552023,85.22774248521742,3,0.0,10,3
28.163701891133403,108.22470377491499,3,0.0,21,3
23.940516260994443,87.06874049069263,3,0.5479375453001509,0,0
24.290799510956948,88.76983436738749,1,0.37660195710471456,0,0
22.28127412863691,107.42561910239515,1,0.5325433134481443,0,0
25.938543647058008,4.2943028668938,3,2.97937346777357,0,2
23.610234463780586,111.09907478943055,2,0.04006395451843403,1,0
29.733791957751173,2.9905571488835943,1,2.8184497069814043,0,2
30.68588883159277,112.13421781843863,1,0.16196963515341167,0,0
205.00007668119497,113.07065132642877,1,299.3894997188313,0,1
23.030442876716123,96.93380322787294,1,0.5386197532555244,0,0
22.694407141792176,100.37091332637372,1,0.31507983795023264,0,0
20.006251345514254,93.28508673462699,2,0.543777709766875,0,0
21.005290794805585,89.28525894442996,2,0.19535210932109592,0,0
30.769509798033347,95.77212337129454,3,0.4489245552794543,0,0
23.178612122816276,106.13663284082335,2,0.2854619818015287,0,0
17.49355006732468,113.95080731999538,2,0.3967432893452738,0,0
22.171112422192035,104.49891792333295,1,0.3579542147601309,0,0
20.824680932928683,86.22605848799437,3,0.36925317742959507,0,0
21.67245281241322,87.7417445899533,3,0.2568632680537526,0,0
17.0,102.0966905461395,2,0.0,1,0
27.047842934477266,8.582656600690765,1,6.451467473676363,0,2
249.2161257676162,106.15051637210466,3,321.2267829140466,0,1
195.05448353566706,102.87824787192113,1,67.87593313986852,0,1
22.49483586530782,100.511450640704,2,0.0,25,3
30.024298864529854,109.90750578344155,3,0.024099219859902377,1,0
255.28663528979143,112.65536498643354,3,350.40143010526174,0,1
28.212386041199096,108.69736005108535,1,0.07637856683566469,0,0
21.58598005838042,6.596021825760598,2,8.1468904410114,0,2
25.759126387960276,113.59921502747117,2,0.4394662260072373,0,0
22.16325829883045,95.64693050459663,1,0.4729508181442448,0,0
25.46466851000698,3.746172601537383,2,3.3840598954561045,0,2
27.55461713098246,98.7044897861896,3,0.0,14,3
22.32863989790841,109.33048330787967,1,0.0,9,3
24.411120969075313,112.0929252114793,2,0.4488712307429985,0,0
26.730091009630524,3.3935094973288655,1,3.3779241613704407,0,2
20.176634495374703,98.45223523047798,2,0.3056648340307575,0,0
20.49188990232022,4.6908641940062275,2,6.7564238329228665,0,2
27.30662143521847,92.27256441661632,1,0.015769801815931572,3,0
26.02593405644365,100.25616674493124,2,0.09786060338944935,0,0
26.895740170383025,107.58958579117555,2,0.5616870034916133,0,0
26.14486447858579,88.12328948152499,2,0.44592685265504883,0,0
21.45939161657838,89.67319781740511,3,0.17464122769262502,0,0
26.333588804459215,90.04042623234591,3,0.10393015581056986,0,0
23.399286882699762,102.31560028669927,1,0.26824148799730807,0,0
19.81916463469971,113.99964457131009,1,0.08617902201922334,0,0
24.585114924703486,95.59308666815168,2,0.10560055611555441,0,0
32.40800054622423,100.19115020635437,2,0.4875050840854449,0,0
32.48019631548237,108.57401395563923,1,0.4679590424960196,0,0
26.327210671788137,109.24471147072637,2,0.588910093913384,0,0
18.987168116444916,88.6415925447822,2,0.35317528536533516,0,0
23.477701523022997,110.76094363733722,1,0.23704041904623807,0,0
22.49483586530782,104.36601972640446,2,0.0,21,3
28.011437046599667,95.64985347441825,3,0.018169512340676874,1,0
24.290388866131316,112.7914782019026,1,0.15191101331185308,0,0
23.654189325635418,86.99331533067324,3,0.4829439687430117,0,0
26.217611633658237,97.90949284127173,1,0.4451563093326918,0,0
17.35989930244783,90.35633986163,2,0.359899302447829,0,0
-99.19152300227401,109.85499136432807,3,339.8023380921336,0,1
20.92081811576513,90.70322949351183,2,0.5774134041147541,0,0
21.739056890250072,104.89141575410267,3,0.3308478200579472,0,0
25.32685306794087,96.02974138177325,3,0.41756603197510955,0,0
21.725566482642556,114.50564418145666,2,0.2677146151466303,0,0
23.837558057552393,100.65492625915567,1,0.1990744174961243,0,0
-97.31514060303128,97.11037847759542,1,247.49568268938395,0,1
23.39743976255792,92.4970516491067,2,0.22322906872306802,0,0
20.776296433965523,86.69145561559695,2,0.3443709592574393,0,0
21.93465938966097,106.8547203148484,3,0.41039826346807473,0,0
30.47479501415185,113.54740928319609,1,0.04215488381478849,1,0
22.396558708398167,112.31817151643266,3,0.1381549686494381,0,0
26.90210776699468,7.4536944643507645,2,2.996363991069991,0,2
26.203733797141325,97.48651093096943,3,0.1848276931905133,0,0
28.614748123426942,87.42169913748744,1,0.0,18,3
-99.3161174447678,93.91060686432449,2,310.1442907252982,0,1
31.918407715194338,111.06271691609761,3,0.29798256134698775,0,0
25.19509627247522,109.78194053644856,3,0.20686061195004513,0,0
-73.52058986808552,114.76115421335784,2,249.89207237967406,0,1
31.009292884535288,96.05861957494866,1,0.03012287777069389,1,0
27.645566325310305,110.06283883803646,77,5.49055476697265,0,4
27.187623832738808,107.68576702320341,1,0.20853539162288115,0,0
23.98898038187614,110.24846379273446,2,0.16155979013921495,0,0
24.925317810096598,6.585904716048042,2,2.9445830237516546,0,2
31.39780978901585,100.33887238738103,3,0.1325410026221725,0,0
21.129734152130602,91.37017332034829,1,0.3989311689605053,0,0
22.387974373566607,113.41458808019064,3,0.11957204779220376,0,0
24.050809721475034,97.83007257472508,3,0.3930974609768434,0,0
22.347711931740395,104.0624307058573,3,0.4997046534384779,0,0
25.202097929560264,96.9277560793194,1,0.5095473814110356,0,0
21.776198194552023,106.76052615701266,1,0.0,15,3
24.398207378332444,7.832975390089918,2,0.29974639123002333,0,2
266.7902038050835,105.1813757946031,3,14.345541001780418,0,1
28.39169861014748,93.23716946653064,1,0.3976999463163722,0,0
21.776198194552023,102.0504175239474,1,0.0,11,3
21.76692551569402,104.14673245121834,1,0.2363210865898786,0,0
26.90050424133804,103.48332401247163,1,0.06423706242862082,0,0
21.422830604978532,107.26814176756861,3,0.34787136850517797,0,0
23.003589843028553,112.98774587709016,2,0.15686307574135228,0,0
29.313943692233174,107.74387619490534,1,0.3506604397864237,0,0
23.407688682486985,111.95159399752104,3,0.18843659788092992,0,0
28.04350558442292,87.48743744183443,2,0.0036871203259316587,1,0
21.139619813581522,6.740485729219504,2,8.654337489080874,0,2
22.522797560425737,98.40066165233995,2,0.09097793310482771,0,0
26.01976370566783,103.58169908099507,1,0.038782545018147374,1,0
29.0459531169426,93.0482806136067,3,0.5756812017286315,0,0
-76.47292569770124,95.53835117353425,1,259.3781354574918,0,1
21.967328664281805,89.81253116297827,42,0.9723345217156485,0,4
-63.948948034862426,110.78931731696188,3,361.90338328939464,0,1
27.425956046424613,113.7661561957123,2,0.26556682088576977,0,0
22.299914942566502,103.05770293045394,3,0.328655586876188,0,0
26.7556016714,85.55573730237867,3,0.5236230693899842,0,0
22.32863989790841,105.88525901907303,3,0.0,17,3
24.167773302187626,112.91053531399203,3,0.10231703696400629,0,0
28.646261137352813,98.71071856577876,1,0.36043702614641404,0,0
21.760670360376576,88.75032460269531,3,0.0,3,3
26.51544860441859,100.31178164046119,1,0.5105874458176309,0,0
23.57017050926215,106.66429706367717,1,0.4913455331246901,0,0
27.689678431033737,89.23944920208271,99,0.2400264464248032,0,4
25.26986218326428,102.67180460575874,3,0.0,50,3
21.367628073128802,111.92157152391144,1,0.3227029765506053,0,0
32.14279288720797,99.25739579761601,1,0.1810546049949302,0,0
23.975223291072158,4.522458738409583,2,0.9000524129778391,0,2
29.2761460793187,113.08376714620404,1,0.3108044904048981,0,0
28.90678595605471,7.305144758938606,1,8.034544567637482,0,2
25.879337330342643,8.50238948332463,3,0.5783121765867243,0,2
17.0,96.91861871681101,3,0.0,1,0
21.235779171234828,91.18756341508458,3,0.2304883764292427,0,0
29.694516233448198,111.60494618406878,2,0.02038306458726069,1,0
26.700202107208,106.47954080625172,1,0.21753853263891898,0,0
28.715653836677234,100.2521792993388,3,0.3614057636562258,0,0
32.5,98.50372817905716,2,0.0,1,0
27.072942057415354,9.263272085244548,3,1.2266371321378315,0,2
22.240879747339655,111.69509182264932,2,0.5614374791416274,0,0
29.15317967482481,112.3304709993766,3,0.09824208024765113,0,0
19.34034340181025,96.45818918958688,1,0.14959628262511515,0,0
258.50379175782194,87.11602885711966,3,108.29105873773463,0,1
23.498529240558373,100.045538810505,1,0.0639425672897751,0,0
22.662576397203537,101.9734466452299,1,0.2128717558666473,0,0
24.225450678291995,111.92191954964758,3,0.5178711489088492,0,0
28.163977263615706,9.35654446896259,3,0.00968232350002296,1,2
30.149360036002395,109.63331583224549,1,0.4717399498955608,0,0
27.15437463205919,86.07245183397593,3,0.28454315761280924,0,0
28.472772436731695,91.6371345942005,1,0.16403149722953003,0,0
25.641625776688983,111.86667222621655,1,0.18233765342721497,0,0
24.25355274328684,9.957718015025907,2,0.15298333220422933,0,2
17.1293465439036,92.11680375207983,2,0.1269297832282632,0,0
30.05644139523596,102.44099671613725,1,0.3496232683827998,0,0
28.72156445315124,100.52383028152873,2,0.03314934820645021,1,0
21.567664584903895,95.16470447268422,1,0.3117883901140672,0,0
24.164670558011014,101.90225093451562,2,0.23709658646575704,0,0
27.908889431859524,97.22795001496544,3,0.0,15,3
31.81150195945323,105.31245915853324,3,0.12689011740510736,0,0
25.901490868196838,108.45339477786179,3,0.08183148587066569,0,0
23.88297777948539,2.9235962367110067,3,1.8536881960047076,0,2
-75.65296433803759,87.23187057292554,3,13.172410692572669,0,1
26.59702939560257,102.00851426916431,2,0.0,13,3
27.45232298763974,114.5481360691259,3,0.23104539235976773,0,0
239.8937373330212,99.70357708380345,3,26.945660932369606,0,1
159.45251683130562,92.562959786869,3,216.51375256988237,0,1
31.58608929276769,103.36237954611578,2,0.1830322533005031,0,0
25.26986218326428,108.02520086186092,1,0.0,57,3
21.270236081571394,86.35912029316134,3,0.16211238104117243,0,0
23.677191987505996,111.84242712493904,2,0.006483536683489888,1,0
27.713632988633538,101.23564167571072,3,0.25165958722228865,0,0
24.469994906573895,114.83692770053574,2,0.027468218767289443,1,0
22.306260559923555,101.22481191914619,1,0.017912509028764845,1,0
27.55461713098246,94.39249508054056,3,0.0,15,3
27.84604125344468,111.32745317600101,42,7.057974272990606,0,4
-64.90687865878921,109.7076947251189,2,12.13127265105139,0,1
27.082540481810067,97.78954881972103,3,0.28736958466093654,0,0
19.94534657745673,87.93016342019152,1,0.23446347699195513,0,0
23.811082534795023,101.83450637305523,3,0.5845201031089395,0,0
-82.55025323490446,109.7035242456872,1,244.04322532435177,0,1
29.550418380388273,91.21847567649206,1,0.19798971605076332,0,0
27.85680672326161,86.31643265106231,3,0.5393910350012625,0,0
177.51244427636647,110.69122294644407,1,41.385331488428335,0,1
25.335973732298445,103.94376377749062,1,0.39111877026001807,0,0
18.71959034621487,96.1521788471899,1,0.1822852881980559,0,0
26.421417812742238,85.71926342129595,1,0.009974033132031934,2,0
22.32863989790841,110.8503395858352,3,0.0,27,3
20.0,103.84619791279133,3,0.0,1,0
21.10420459717189,96.58307913402322,3,0.5297577705318304,0,0
25.394265145762365,8.676669309150425,3,3.3891330546714187,0,2
-72.94848554685943,98.92811214891881,2,254.96566774576576,0,1
22.46641265610283,92.89742039554034,1,0.30039725671172235,0,0
31.532663799220945,93.43780061141423,1,0.5716958668608676,0,0
22.51037257899603,102.12632250518429,1,0.4305317479522195,0,0
22.791891122570185,111.62406820638647,1,0.5011767334853197,0,0
29.965220719246723,93.96460704434253,99,2.5853568964951066,0,4
25.305810073859984,111.86238133582657,1,0.10878609494112723,0,0
29.111357701300832,0.7754310774903086,2,5.687540041208948,0,2
32.34527768176424,104.02683996440845,2,0.15472231823576266,0,0
32.05155904328572,100.74065236280433,1,0.3500076637679541,0,0
24.910448217723772,87.74249647343554,99,0.35680194701411594,0,4
21.529507157689114,97.33063225796637,2,0.09380618575340094,0,0
22.43115026438779,113.67756486865957,2,0.4606332477593682,0,0
20.592981147652914,96.06121512594386,3,0.34934073119380216,0,0
20.482022420458367,6.886598413416356,1,0.32314316545675226,0,2
21.794690957402423,85.04421466258934,1,0.3235000054591808,0,0
29.574984465330694,89.87956654569702,1,0.4025833867719548,0,0
-63.50421852437112,93.6666189812268,3,4.347242551422241,0,1
22.391203165820098,91.10418227492788,1,0.48212883425547304,0,0
25.026173616553926,107.03097029476655,3,0.4048070218734168,0,0
23.810817201314183,100.51451086851631,3,0.0925579091290949,0,0
23.655598746381422,99.48683309795796,2,0.4994350090859285,0,0
23.805661329472162,98.18926961574539,3,0.0,17,3
24.06399368627365,94.82698881766377,1,0.32340619517817615,0,0
23.459009730337062,104.76656410697971,1,0.3411898171227392,0,0
26.18453048715869,110.3567667448222,1,0.46694322687293166,0,0
21.711343533534357,109.81906449211738,2,0.4118247536198325,0,0
20.960577255811884,106.92037034585171,3,0.09906205932424328,0,0
23.805661329472162,98.18851690026595,1,0.0,25,3
22.61620277290674,9.255215196745647,2,1.9213345253802103,0,2
31.931526956270343,92.61652032883204,3,0.34543766350265415,0,0
22.133576005574174,101.22095429934731,1,0.24442317295295624,0,0
-89.56287332858051,102.28759885265777,3,364.22553443206976,0,1
22.672708322319988,107.95446549583792,3,0.0038644978303601363,1,0
21.155682926857356,94.90467850946813,2,0.008451634012967446,1,0
22.49784169510228,110.3681308896972,1,0.18274997831032636,0,0
24.874622918331884,92.79484413820899,2,0.16980537750750102,0,0
20.320542669422196,90.32318631339169,2,0.26155851291443355,0,0
-79.97917694145863,89.61235095987358,3,12.757471989307305,0,1
24.27617070135315,111.42612277596785,3,0.40967387364831254,0,0
23.817878656413512,92.69688351104091,1,0.08077466355468488,0,0
20.683843771660193,113.60208638146285,3,0.4718391551971628,0,0
21.210487761723385,91.64827564717453,9,2.406161263637564,0,4
23.379471419828135,92.03276800034544,2,0.3302928622019401,0,0
23.734685719830487,7.557341719324332,1,3.313157214646779,0,2
26.6658025143818,87.87070348174004,2,0.1342542518778025,0,0
22.283874518827595,89.14736696902172,1,0.18844017635990795,0,0
27.904835018395495,98.28811365203308,1,0.5347556132987954,0,0
21.760670360376576,114.64024128543879,3,0.0,5,3
31.62042515384735,111.13561139050952,2,0.1784963246839837,0,0
28.97135602501958,97.06081650664723,2,0.4758790621674187,0,0
22.467393057166074,107.16600031399098,1,0.11381685540229114,0,0
22.580438940367156,98.87749559948341,1,0.0,8,3
25.324998042676352,113.46748654566144,1,0.06871688675224874,0,0
22.270576124665745,114.6652162391099,2,0.04711967970998998,1,0
22.847805077446775,111.27649250551171,2,0.4180859102398813,0,0
18.064167296890762,101.70288679041789,1,0.5152511869531047,0,0
20.43345619927326,95.93280434005753,77,4.229665960186637,0,4
23.799508463438485,104.74922318518185,3,0.07650476837141085,0,0
23.572767446221928,112.92846086520933,2,0.5635355283637971,0,0
24.073622808208654,88.78407358887296,2,0.3970753194952188,0,0
23.844048783868317,107.0698934271757,2,0.11787035287648706,0,0
-91.37754332134658,112.21352257540397,1,252.2241295372653,0,1
28.516085639932044,102.60303723533774,2,0.10293392511725585,0,0
292.0157222154031,97.5256841832259,3,352.357181215701,0,1
27.183602189143816,95.45639954810133,99,1.000068399358259,0,4
20.80394904507008,98.71691258858633,3,0.5351428471803281,0,0
20.696023906454226,89.0148508899908,1,0.2588710884869805,0,0
28.614748123426942,110.66873698527631,2,0.0,28,3
21.559911569758018,89.78634040339566,1,0.3034761191878239,0,0
25.775774642635614,114.01105825768438,2,0.05571637929341833,0,0
31.076505189516013,103.18580612272422,2,0.08826743314283547,0,0
32.228819323025824,91.284586681588,2,0.1699439984572919,0,0
30.157425258600963,92.10394103788356,2,0.40291071933221545,0,0
23.533195463209477,94.36192133956062,1,0.4560564699228351,0,0
21.760670360376576,85.5190036822291,1,0.0,17,3
21.776198194552023,86.83412890036671,2,0.0,18,3
21.903416240413225,87.08923444487218,3,0.2235926360233158,0,0
28.5304066211651,100.63006518845071,99,5.844227050227104,0,4
21.94345308505837,94.8859124132199,2,0.0021728409912249447,1,0
31.70657358855565,102.87780436350201,1,0.3316696423832717,0,0
31.961738282213037,111.69793167670294,3,0.08994419187557057,0,0
18.563184771674546,94.69608796062266,2,0.5314916446950235,0,0
199.28882445420822,112.08481035180465,1,281.964071295367,0,1
20.605660409337567,87.63364711174479,3,0.5021100892663597,0,0
23.258354395041454,7.927481816143383,1,2.1806298120900216,0,2
28.068955568426425,87.14509072994906,1,0.0694126342646264,0,0
276.0504357331625,87.56465912054715,3,80.0886856300705,0,1
28.89339725722318,111.88708747438399,2,0.009914468377210994,1,0
23.70474188443526,88.57422015988145,2,0.08335701490435454,0,0
30.914184922736265,86.30191535735682,2,0.0016211923604956269,1,0
32.5,89.1756340827396,1,0.0,1,0
24.897887888143067,100.82763919816497,3,0.5161982434350598,0,0
25.063711909977318,103.60704546883362,1,0.18261318308034546,0,0
28.18832899214118,2.4025284698209632,1,8.045421291734176,0,2
27.390614113249043,100.46640982225426,3,0.31135789618086207,0,0
23.0046822568379,94.94041021309152,1,0.5658392290812593,0,0
27.82662926896108,102.64330159938874,99,5.36859070618242,0,4
31.507034342076185,109.12960978291517,1,0.13702046878144714,0,0
22.03160038364209,1.1417710128290273,3,0.5346676555101872,0,2
27.908889431859524,101.3950514169365,3,0.0,4,3
21.41049742649088,106.16489955803871,2,0.4999717232327008,0,0
21.04018634515886,109.91868281295373,2,0.44916880096449674,0,0
24.721873328557745,109.8612695145402,2,0.04692199415210041,2,0
24.33958469546386,85.55067173137425,2,0.22363992789441411,0,0
32.5,110.96288215248057,2,0.0,1,0
20.43520185355763,102.86507801718423,1,0.0,8,3
31.501054498832687,106.9154396207898,2,0.3167904836115447,0,0
26.00401406617569,101.39375625184373,3,0.23134029957447666,0,0
237.31820562297543,101.7987670768845,2,289.30789526365174,0,1
26.59702939560257,86.06408756025,2,0.0,9,3
25.87696402604146,107.2999874069697,3,0.3886928544673758,0,0
17.0,114.90622755537842,1,0.36446755131638753,0,0
22.485493107511797,4.097710396871085,2,3.119060359815368,0,2
20.77972659035048,86.58295773578809,3,0.5395805676367758,0,0
22.580438940367156,110.88400102386181,1,0.0,1,3
20.0,98.66982464659276,1,0.04238432346140186,1,0
28.808524618341586,111.0640328745346,2,0.1358044328917387,0,0
23.072282876297773,105.84853266707385,3,0.3917705820161892,0,0
26.464625989142153,109.29365586064314,3,0.5206305549428869,0,0
24.246679123229953,108.31906444431755,1,0.29777596518514926,0,0
22.732178628250292,87.81945819522608,1,0.14930045683206572,0,0
29.5860855004442,4.0165518785455845,3,9.218148257472013,0,2
20.1897455161061,93.71513517014262,1,0.5009830117583896,0,0
24.396076570341346,113.21919997558342,1,0.24797102609872113,0,0
200.1369561235697,108.43350538627041,3,69.91177278740372,0,1
23.527450125170922,109.63763349666527,77,0.31161072154627334,0,4
20.0,107.33257761439978,3,0.176634495374703,0,0
23.03762735002303,100.18798178485608,2,0.2923126994118732,0,0
20.38845830795963,97.22096572638497,3,0.06063801671547253,0,0
23.686121201180395,96.1440178787313,3,0.4674231732525165,0,0
21.162425152172982,96.61150035804661,1,0.18453350754738906,0,0
23.805661329472162,105.91424051477196,3,0.0,12,3
21.776198194552023,114.23597660987124,1,0.0,16,3
17.4817154961048,89.20339527299357,1,0.3163269529917123,0,0
21.678789010828464,111.69992447743397,1,0.0,26,3
21.753633711106147,90.64074203846249,1,0.13918254031221622,0,0
22.876160680491957,105.7184593715991,3,0.5212790820659627,0,0
20.833661884493836,90.9764582468216,2,0.2558482599391425,0,0
27.530748092475132,90.07173247401117,2,0.30936492958423045,0,0
-56.76048890000523,86.0299651342856,3,256.8367985515131,0,1
23.574955652960085,110.13725124555411,1,0.2123289395962047,0,0
22.00024968282266,95.7343374800678,2,0.09793255994599903,0,0
24.58917303456163,99.96664460354069,1,0.42900534851818506,0,0
24.16680380431438,94.43230079121386,77,2.864577644732993,0,4
20.0,103.64393267970354,1,0.5348717904794569,0,0
23.805661329472162,112.90762959955168,1,0.0,2,3
32.5,108.25947261641129,2,0.0,1,0
23.805661329472162,97.3429172916139,1,0.0,8,3
22.087583297031628,101.22381264956633,3,0.3828762166339885,0,0
22.458975712692727,87.35369144026798,3,0.0732342951532381,0,0
22.362555112963772,91.20453679400188,2,0.09007268815057756,0,0
30.4043176790071,90.88646953510886,2,0.22828972408965598,0,0
24.592797669018054,103.14850039443112,3,0.5191748608094002,0,0
21.154001427809682,100.3796425943516,1,0.2329806882117964,0,0
24.048894235891968,103.80407890194532,2,0.35489223847632445,0,0
29.520773299454355,8.500031910228115,3,5.183502672994194,0,2
22.99308302331703,90.1045792343355,1,0.12172893102704663,0,0
22.266396325460637,104.68485513043214,1,0.33173693579966823,0,0
23.659273417254504,99.90230284017953,1,0.5145161054465923,0,0
30.562716167751347,99.4071014041308,1,0.5066770438064765,0,0
28.614748123426942,97.7791909665974,2,0.0,20,3
24.964026328856868,88.9190314467208,3,0.5592257509562515,0,0
22.580438940367156,86.3643385391811,3,0.0,9,3
29.8066787010803,85.44490487295124,2,0.4927350088471272,0,0
28.84130750664107,104.08121065395657,2,0.4219375461390271,0,0
28.163701891133403,114.75394210137299,2,0.0,11,3
28.25855420859452,99.84170494308687,42,1.1148414226524785,0,4
23.805661329472162,106.17062939357147,3,0.0,16,3
23.254697494918567,110.34614043265687,1,0.39049879694873724,0,0
25.02649334622282,104.6841113224606,77,4.053679662754199,0,4
28.053576701617757,104.14696739080607,42,0.7611429366054168,0,4
31.42380335343042,95.46108432528935,1,0.10981513334127158,0,0
20.333453246644254,100.01075081153171,2,0.3334532466442539,0,0
21.678789010828464,108.92119806323433,3,0.0,2,3
22.580438940367156,108.91188649606688,1,0.0,21,3
23.66438493889571,109.9509113102732,2,0.570969883330374,0,0
21.883249088691166,98.98898238819456,1,0.03831713491885225,1,0
20.43520185355763,91.04320389767099,2,0.0,18,3
24.773936973494,101.19956139147567,3,0.16080684371953424,0,0
21.140863104390974,88.9002086569831,42,3.7695851133327984,0,4
25.26986218326428,107.14650400408959,2,0.0,55,3
22.580438940367156,94.77304358930105,2,0.0,26,3
23.661229792220034,98.13477434903214,77,1.0942443275743798,0,4
28.848752602475532,107.72972849808917,1,0.4568982924890257,0,0
184.67105130147715,106.71999622358688,1,275.9811084447152,0,1
27.980692762162942,112.24251061179564,1,0.020541517028302536,1,0
20.84786403893869,114.43431195375466,1,0.25406736689526,0,0
20.324023925825948,110.9416712876516,1,0.5323494040188876,0,0
28.15201094094277,102.7744898170479,3,0.1719321968293137,0,0
24.660558172806017,109.47462553075886,2,0.559898406353927,0,0
21.678789010828464,89.1376896929111,2,0.0,14,3
29.824289076925677,107.84048968608677,2,0.38009433536721815,0,0
20.520414687359523,101.27159680571316,2,0.5204146873595228,0,0
22.247602376588194,6.323994245760047,3,3.2982043387680484,0,2
20.0,87.11606912778869,2,0.0,3,0
32.5,99.4382845153485,2,0.0,2,0
20.982819456037745,97.47324402968954,2,0.13154826474365677,0,0
17.439742820756116,90.64363479171284,1,0.2671425804226395,0,0
23.4754761170276,108.67878544959056,2,0.394266717487298,0,0
21.99659686648978,86.22099385761423,77,1.678576458293076,0,4
31.53361848677169,95.2262961875181,3,0.3919522118909917,0,0
20.074456948355657,90.92411469579812,3,0.45419834843889717,0,0
279.9912343393738,88.41814549383956,2,36.5026078884041,0,1
21.760670360376576,96.93881129335344,3,0.0,21,3
21.822503763267946,85.91957506617418,1,0.5133619092249901,0,0
29.563116394212347,108.83988677193668,3,0.1402026377290504,0,0
20.422264611131308,95.87679389677284,3,0.1790170687979824,0,0
32.22679763289222,105.3663469717179,1,0.21122867212615404,0,0
20.21669971150252,88.6379468007741,3,0.2166997115025211,0,0
25.935471620324325,102.49317271839695,1,0.441575552077083,0,0
24.59148605475361,113.06183469003396,1,0.4395652147206768,0,0
22.662195795885786,97.5582182475499,3,0.5316255276031576,0,0
23.82985032176506,88.86707755220496,3,0.4497192750647905,0,0
23.344150353879215,94.50827865301844,2,0.30175221488708814,0,0
28.3488839785372,113.38793479009246,2,0.46118973162225885,0,0
23.226562431686084,90.24360145135473,2,0.08282032458328814,0,0
24.713368894885345,111.12249703817534,1,0.30332271071618777,0,0
24.725000943632097,104.15577842992256,1,0.09632721968865354,0,0
22.093227712155564,111.47323574042746,1,0.2210508902261843,0,0
21.195970801913692,102.63974888391499,1,0.06616054410382688,0,0
21.405791286630823,94.77000196834283,77,7.204618058632157,0,4
-89.30385647501411,114.57234106030089,2,329.52452160719525,0,1
21.945075443564445,88.09795026625146,3,0.038750251141745906,1,0
27.120598927364266,103.52671939628856,1,0.5665151918547728,0,0
19.29100999040825,109.31659992345499,1,0.14824395974634186,0,0
25.14716108268419,100.1813407723551,1,0.21598066429513096,0,0
22.593764548009688,93.2263866737244,1,0.11561579699613134,0,0
21.39259476162897,100.8273886727605,2,0.06635499039381898,0,0
29.624905966501085,100.81765449852031,2,0.45390296127881413,0,0
23.946121817313387,103.03247996179647,3,0.10105672551697964,0,0
20.64087815325363,105.24679609162465,1,6.991102930342663e-05,1,0
23.11442524332299,8.102225032365045,3,1.5088471356912905,0,2
17.34254065457737,99.28151206597299,2,0.07968556835627538,0,0
21.411899227051236,106.85968852709809,2,0.11923167005059909,0,0
26.566966016784995,86.24787868769408,2,0.39710698898622,0,0
25.893382672636044,110.95213298126181,1,0.5640893480000493,0,0
20.747924112779124,90.50213529560301,2,0.3818100393514783,0,0
25.94656459524777,114.68048542126118,2,0.5203135758474033,0,0
24.55602537501662,3.951670928204511,3,0.6805712456121675,0,2
23.017262268594507,110.24070313915595,1,0.22398050802484448,0,0
22.562286513337938,95.27773248433395,1,0.3302814466788675,0,0
22.21831050086735,103.81986805272034,3,0.35111377585096193,0,0
20.202651837248823,108.9596734106991,2,0.20265183724882263,0,0
23.045227540957203,86.56773637858072,1,0.5241869544397098,0,0
31.87981242914673,107.72529468455518,2,0.17323884059108252,0,0
22.584524845908906,111.70774159053406,3,0.2632243468429891,0,0
22.49123282508472,91.78237213031689,3,0.33081772937577014,0,0
21.175891630075643,104.23018171962104,3,0.16378265115687896,0,0
31.512182602966934,112.66277960716995,2,0.4673503626999178,0,0
25.474884331494714,3.8110519300895564,2,4.361023588348601,0,2
20.0,104.01549456205971,2,0.0,1,0
25.31398306996322,109.1650933377959,1,0.0,1,3
23.288326546094392,110.57627934626501,2,0.5372650760774889,0,0
25.49283039767058,93.24418106644409,2,0.3366306182926344,0,0
25.909999590859538,101.18254578260401,9,3.967159096587171,0,4
25.662857900816846,107.12278257312032,1,0.3640156980564484,0,0
25.289522973056958,106.04497304395498,3,0.3916683739206661,0,0
20.36020146532067,94.11839203722171,3,0.5601727745250891,0,0
32.41388685622678,113.3556928338102,3,0.35852619493755356,0,0
29.252469869511653,2.8534377148545085,3,0.34196370020630695,0,2
27.74215558166359,6.266772216653194,3,5.238809944316856,0,2
-89.98895321056669,96.90252777398806,1,0.2477000298806047,0,1
26.99361820390061,107.27109811269345,3,0.06651179871668589,0,0
25.255407311257162,87.73199067962418,99,4.482204864535287,0,4
21.62590951255663,94.101566308874,3,0.5214526568586173,0,0
26.164663185075984,90.02071096710343,3,0.5300303839896365,0,0
24.90252640206963,89.53173675342701,2,0.5410362747004918,0,0
29.321027939354863,106.494287879265,1,0.07055867734447929,0,0
18.150102524254642,93.39937280980853,2,0.08593522736387982,0,0
-83.05084553309146,85.34298030016612,3,6.253010941922653,0,1
-68.91414073980788,90.09648625482475,1,8.469846649879855,0,1
21.082562026623595,109.98680784661688,2,0.051453758832966656,0,0
31.42956519686554,99.25878929696525,2,0.5906884219950896,0,0
21.90716010229795,9.172176760750528,2,2.9743994585751388,0,2
21.223723586342107,113.23836786720395,1,0.2657389885314849,0,0
18.989622360316538,95.47628723837983,2,0.1931642507415603,0,0
24.682658356711194,95.3436078596361,1,0.19109344446104615,0,0
21.448492997679782,110.98286900835075,2,0.11720193924324462,0,0
29.65473917712332,108.1131340837701,2,0.5900233684712823,0,0
26.825822674781122,99.62403506391922,2,0.40977571916710787,0,0
262.9304166755356,91.25155609769355,1,70.87128988698299,0,1
24.90793838911022,105.20174437089506,1,0.5341141309070707,0,0
24.34252254779314,93.2895732539756,3,0.26657666869234475,0,0
20.43520185355763,96.31109074552758,3,0.0,25,3
28.3660913123277,94.22965262069009,1,0.36074301718724655,0,0
26.436402136648546,100.40900151785954,3,0.12233419118527422,0,0
23.421587608191984,101.00850793927633,2,0.18508293593438196,0,0
28.784602979753497,105.17521788020947,1,0.11675553480652923,0,0
23.278900294240653,111.35889959065474,3,0.27956607579669424,0,0
22.580438940367156,93.74206798864735,1,0.0,16,3
-85.35821887698698,114.08418461281565,1,0.9178410947058069,0,1
29.692421304580378,2.3742389328121507,1,4.24440152182061,0,2
21.65306426213647,108.60169044200623,1,0.3627284365769725,0,0
25.37348164277224,92.48127363987676,2,0.5753868968155302,0,0
31.94362880874525,92.61090489987433,2,0.10311765667146844,0,0
29.60390200246411,107.46752921435558,3,0.2388507413295926,0,0
-94.73437204550956,101.65027259424554,1,35.813950751388575,0,1
22.580438940367156,87.18879591738865,1,0.25179904245874596,0,3
22.80492205830989,110.59518935940167,3,0.13103446967199162,0,0
17.0,94.04133622492427,2,0.0,3,0
20.763486180513688,111.37990647035423,1,0.3981556130801778,0,0
30.705964915457923,90.93012810622807,1,0.08057867184519552,0,0
29.509114881478318,2.467577998721075,1,5.9704074469959565,0,2
23.9544371421291,96.88831787475101,3,0.5328495339371138,0,0
25.395960527588443,112.41182482019377,3,0.5512971454383653,0,0
23.522513143965273,97.56085429983052,2,0.3549094723578854,0,0
26.170652032589,97.73167054217531,3,0.05721182683884507,0,0
20.499039209108982,5.780778154135055,2,2.600979318714071,0,2
22.32863989790841,108.95839047770353,3,0.0,7,3
21.825553830797006,99.91501842153058,1,0.12209971816390564,0,0
25.617959553980768,114.747827069925,3,0.43078366923854006,0,0
32.388789069035674,112.72233415882809,2,0.4499724703489427,0,0
30.612641391978016,94.88626400571647,2,0.5953742905490316,0,0
21.747206521227824,95.64313875507952,2,0.5037839831017159,0,0
31.910052088042743,99.75433966967368,3,0.0031677659706410566,2,0
22.910679297709674,95.71363477901508,1,0.09254710324598392,0,0
23.525278512638515,87.30433082919761,99,3.1386446508575148,0,4
27.908889431859524,111.01094796330051,1,0.0,24,3
30.98368222221164,85.27016992793426,1,0.30422650850791655,0,0
22.020663210196574,89.11329117186997,2,0.31234778774656036,0,0
22.280862076767026,104.35655727533992,1,0.0870401661999729,0,0
27.44820885637128,86.50526050959922,2,0.5804538998509834,0,0
25.62931231505116,3.844726558186436,3,3.1438192075393623,0,2
22.887602548143118,114.26830602579744,1,0.18468032815465563,0,0
24.915505660436114,107.30524768874824,3,0.1978573748890291,0,0
21.264024473569805,87.73860030358401,1,0.48645837170311523,0,0
22.084111316296102,111.47679630317042,1,0.4259688234737702,0,0
25.56473856109476,95.81423515424662,3,0.2855411368771108,0,0
23.914607354360037,112.45416461214688,3,0.325768013831528,0,0
25.976887084262003,85.15076510095936,3,0.2315661525284014,0,0
20.219551671250514,107.93117986665209,3,0.1923632636416066,0,0
25.376355003990607,98.65660447245403,2,0.2275656492917122,0,0
31.629948234547935,85.82895498567792,3,0.4043091958911518,0,0
27.729782049051593,108.61977512372187,2,0.40791107341592436,0,0
24.62944265221812,92.01438499279192,1,0.4043770634221353,0,0
22.568187920412804,107.13690750087305,1,0.5458383367958319,0,0
31.115133923220505,94.43552716627316,3,0.035346378058534356,1,0
25.26986218326428,113.49707783258604,2,0.0,49,3
26.86969492599839,96.74999628636427,2,0.030809315339649146,1,0
29.611769716428572,110.32628757328696,3,0.25751365163658946,0,0
22.063035367939683,91.45605616051712,3,0.04237215774310954,1,0
22.761581629813993,102.4486687896758,1,0.5405510046903537,0,0
27.85818765529666,109.60878881827531,2,0.1331358308431838,0,0
27.91732892999653,2.122168234463866,1,4.015369257497504,0,2
24.863980950739414,90.58734814899324,1,0.06809587023004582,0,0
32.26347626847993,92.34368557088274,3,0.32338246477870314,0,0
24.363137451187026,113.37145325323073,2,0.05653996750138646,0,0
25.06537502490225,90.57199216015557,2,0.5225814162329954,0,0
26.997333211792053,102.39488728143175,3,0.42862283463255935,0,0
25.90394262828135,94.84765267832012,2,0.45755705473690966,0,0
28.614748123426942,92.13188086834761,2,0.0,25,3
20.95975696696113,96.86852397379805,99,1.323347289290652,0,4
30.304046898129737,106.15339439916985,2,0.5441040694961501,0,0
30.589497113863718,112.27795130366022,2,0.5109462593934815,0,0
22.24428901897457,107.39356386571342,3,0.183937486516907,0,0
22.05081357766375,106.31259403721992,9,5.546136400335367,0,4
-62.54422104870647,96.30216235992864,2,299.08254183865296,0,1
28.604306680885426,5.554128047301952,2,6.909639592001032,0,2
28.65329982726692,106.90747568588714,1,4.920964225263447e-05,1,0
24.810977204987513,97.25366744225448,1,0.1667103283907565,0,0
31.011519703801603,114.95834281112363,1,0.43002726619091547,0,0
22.433795496511234,100.38065533049526,1,0.12928415385463055,0,0
22.80499236325522,86.12713271196722,1,0.08972617747476619,0,0
27.796482057479672,92.67860995749791,77,7.303680043002224,0,4
26.42753098371062,99.2292599460529,2,0.24008472303232153,0,0
21.30773323211603,113.14947185953949,2,0.24437086378405226,0,0
195.961750103092,112.4940504599817,2,5.818854552875649,0,1
23.589002342151687,108.27631763409079,2,0.4725434068938519,0,0
22.830932014050145,112.0723909985831,2,0.05603481848655534,0,0
25.846601031717615,86.9999665382747,99,5.390875815579413,0,4
28.796307109705925,90.59919819393048,2,0.1430072824390045,0,0
26.973580668337704,91.73441503698184,77,0.853048600623378,0,4
25.26986218326428,113.15248826872185,1,0.0,48,3
23.618913795083987,109.17776200352864,3,0.4416680281289409,0,0
28.292551011976258,86.40893267223002,2,0.207609799546411,0,0
30.104480840241102,85.2432459065864,2,0.14636272532016648,0,0
-55.33291790861959,103.56062049135915,2,15.855611502483697,0,1
24.47951436858793,109.7902243285056,1,0.38458510137633084,0,0
24.454054285778348,3.873400280450303,3,2.438689538837796,0,2
22.503345637346733,1.5860596821808846,3,1.6957298396379414,0,2
17.518541938980334,101.95399550767627,3,0.5185419389803343,0,0
24.988235660525174,92.21594755540445,2,0.10643523352052142,0,0
28.84993613395026,93.06624548024544,77,3.334059525883916,0,4
22.26553098214638,93.43013496726141,3,0.321138812332741,0,0
26.183533789785557,96.83715095389715,42,0.24970934697232394,0,4
31.62409212595769,89.33427089783817,3,0.1959531973229609,0,0
25.94880111157636,105.64091556855944,2,0.2551216887580736,0,0
21.72154176678263,88.34778999871742,1,0.26951794421715647,0,0
21.864564885136623,92.52899984020894,3,0.3296196840585175,0,0
20.436757054837525,86.57065060562417,1,0.15622409281538907,0,0
25.994698818946347,96.19021299635682,3,0.5722671978386487,0,0
17.5692883255954,104.95110023638766,2,0.12062023252038401,0,0
23.694846284946877,112.33361504175872,1,0.47774548303253184,0,0
28.55135845942466,89.66770973155023,1,0.47947149856564053,0,0
22.32011854583098,94.63486457907861,2,0.07087114193592114,0,0
21.760670360376576,93.63262721686974,2,0.0,13,3
27.248313735243087,8.896061848726534,1,5.024399380122766,0,2
23.724768653358733,93.30262395853926,1,0.07473981007975183,0,0
23.940462379105217,85.82610159608396,1,0.017292360408720953,1,0
31.623975443918763,106.24071351993734,3,0.3462981181301643,0,0
28.163701891133403,104.61831016539779,2,0.0,10,3
282.22001473193336,87.69123854318893,2,343.96684316365514,0,1
26.698914588650847,109.22112819377469,1,0.5236113040778747,0,0
21.88863574575844,111.598126457214,1,0.44314754791176014,0,0
23.035304922439046,109.76319687245886,3,0.2163008259964485,0,0
20.514058768527544,111.37354922686494,2,0.09890306905808544,0,0
22.89945038497482,103.93922659275967,2,0.12850749446250376,0,0
23.27726956682071,96.27883306484061,77,4.4124088642130275,0,4
-84.4397320335846,86.39907701384772,2,369.02035167335333,0,1
26.215783288232952,99.45700501329932,2,0.17398168063650488,0,0
31.47256063197833,102.30282542307773,2,0.06917087201178873,0,0
23.69951236001689,106.52684147945607,3,0.3054546449532829,0,0
25.99803870705364,93.12023817895869,3,0.027895349390007596,1,0
25.218922501685135,89.67077793267799,3,0.5769134092666235,0,0
30.84785846674618,103.18950842123596,3,0.1218582076556487,0,0
22.405378933050503,90.83668483567816,42,3.7347044573388715,0,4
25.742111299259978,88.91059390129797,2,0.3490831624924624,0,0
23.463627763687636,95.27185369887579,1,0.07434710891353902,0,0
-97.35876777579317,89.75667904874986,3,348.4626946447131,0,1
25.42949937948113,6.550540235572063,2,0.19981293557003,0,2
293.95902570584417,94.36703561249512,1,348.09386843264167,0,1
29.548533331467375,107.4917724035063,3,0.14598290198082253,0,0
24.71842974837614,8.754082142111058,3,1.372386801833997,0,2
27.034851104965668,89.10265070840163,77,0.5225559083090587,0,4
23.905743775924687,3.5217271720672345,1,1.9735935544179561,0,2
26.418734720271587,109.79393828476549,1,0.35520647566873365,0,0
-72.0106571464304,89.30732390345786,3,7.592574300854778,0,1
27.610154542862045,99.11502157269047,2,0.21517999837626434,0,0
21.51904542713512,103.62785702435293,1,0.1813771018580077,0,0
27.31204331067148,111.99728630064016,2,0.5028459324344041,0,0
28.628505443369797,114.62008475738638,2,0.3877236590112183,0,0
20.511271471781917,89.8508365982196,3,0.5112714717819173,0,0
24.619337488541735,85.09364954069228,1,0.3270620951222405,0,0
25.709533877713724,101.92695450053608,3,0.20365839899749716,0,0
29.3719230038203,106.07188427621281,3,0.115715529060477,0,0
252.44466280330306,93.81510866865881,3,59.03389319764116,0,1
20.13618777175537,112.19063155284208,2,0.0909335889036278,0,0
23.22476468182307,114.4389127149174,3,0.27698515797687406,0,0
22.410454377163457,110.00932031425518,1,0.11615069264009747,0,0
30.483746425808754,92.93478620042436,3,0.519218282832604,0,0
22.111178109484108,106.54993526116012,1,0.027719872238435528,1,0
25.374080518544446,90.54515193841075,3,0.0859291793795336,0,0
24.809749534278705,109.86650097647828,2,0.19559618828245817,0,0
21.999544090582482,88.447989911787,3,0.11877420981265274,0,0
20.710415143938462,91.57961203634146,3,0.05871902939920659,0,0
23.927338372705087,99.63502955632038,3,0.2716314985670749,0,0
27.24608845887554,111.65928008088865,2,0.5777151374818814,0,0
27.2326570765836,94.1470937315519,2,0.4294293402209881,0,0
29.791371645232278,86.16438843435407,2,0.32549168883981494,0,0
21.33727395812848,111.11735275138021,3,0.45549822594183453,0,0
20.32782029124416,103.77045736784058,2,0.49029360981943526,0,0
31.809461876571202,87.05045114344584,2,0.27049454783156435,0,0
22.528673003281405,89.63822610211125,42,5.232626722862584,0,4
18.68890342565838,107.4241281440127,2,0.044958340640221195,1,0
26.354336211446352,85.813199570087,2,0.08597783931738334,0,0
21.690331049679408,86.47662743622284,3,0.45570288275321147,0,0
31.885435578341077,109.94920120507993,1,0.01894432108825228,1,0
25.04775040058429,98.13699661428737,2,0.5458183627052513,0,0
25.058330875959772,100.48849897593021,1,0.11349260983301335,0,0
21.174724584549356,104.58184371331672,1,0.10903952087413771,0,0
27.19501655047766,4.6999855889739,2,0.91033805260966,0,2
21.49675901233253,88.65667636241076,3,0.2849896748801477,0,0
22.337683617766725,86.16789889977002,1,0.33497666044439,0,0
243.34699461838164,94.45715885203063,3,303.43680333118454,0,1
25.048456203114153,102.75150906677202,2,0.3146544699770111,0,0
29.88241577714895,86.25918178730518,2,0.38770503480825624,0,0
32.5,101.94438343258547,2,0.00896439693073603,1,0
28.07444541827894,86.55236439007304,2,0.2711625351940157,0,0
17.67898789908647,111.89007455563359,2,0.24822272368678355,0,0
27.084348979393454,98.26462341359749,1,0.35681169361148335,0,0
22.629710274102642,112.87684160895562,1,0.36417929195626186,0,0
20.460644304076666,114.9671409928923,3,0.44560031080833795,0,0
17.04851080453271,107.23361947870177,2,0.5202044791598688,0,0
-65.32870789918633,110.11843821097175,1,254.67608542401652,0,1
158.39704272925295,105.0050884228388,2,223.25732473835282,0,1
22.1101395208707,107.13783306996402,2,0.5424749359668048,0,0
18.864674294343335,104.87566853061946,2,0.28946402207997934,0,0
29.035823737588665,104.01134799296587,1,0.19420150213679932,0,0
21.831292065428144,87.06141033171883,1,0.15296007148853974,0,0
24.108409981545265,99.23892627249441,1,0.1965654331461657,0,0
29.61578971038916,5.995495884517915,1,5.206978734203357,0,2
24.922624353406302,104.86953740618748,3,0.3298067709408805,0,0
19.68876250434771,95.35576625482632,3,0.2881140249086016,0,0
248.60895592419948,103.1695981546479,2,337.77107035810025,0,1
22.878012798441752,102.06866449845552,1,0.4914581676145673,0,0
20.726875248643616,112.91345801635093,3,0.12802718783746414,0,0
24.894045947140988,106.52394971835736,2,0.5356382501750012,0,0
17.923877067182296,99.62293594748542,2,0.4421615710774951,0,0
26.899298729145535,108.69593863106616,1,0.06320108800057511,0,0
31.903043853401364,95.89567371148675,2,0.14842581965400115,0,0
25.03655688246686,107.03331796226774,2,0.34344678271326856,0,0
24.370859845409207,113.37324151025382,2,0.5819149301297912,0,0
21.934807185254563,102.69753060563899,1,0.17929492943208203,0,0
22.994430318200088,114.57974716511978,1,0.12336903872011007,0,0
29.97463321090448,87.93121826160275,3,0.5499932237776655,0,0
23.85685378600725,107.44485397086089,2,0.4339457249496981,0,0
28.574480344843483,90.47875390759303,2,0.004430113484932718,1,0
31.44903342730536,113.2831600331583,3,0.24315252758838213,0,0
26.513644460821155,99.05670983773405,3,0.2085956950460961,0,0
19.467736089621507,101.33446998400788,1,0.5895934818770634,0,0
27.55461713098246,104.64027641716683,3,0.0,18,3
31.655545314991045,92.26977190738964,1,0.5866144952258026,0,0
24.3981232584364,111.14610418457129,1,0.5451095594249828,0,0
25.664096867433273,92.11763090971412,1,0.21242551996343195,0,0
21.776198194552023,90.84607246652202,3,0.0,17,3
30.300633081165483,106.60968749435679,3,0.03667816541514668,1,0
29.44736790283926,104.93430888719175,9,9.14964882876794,0,4
25.446880934339767,99.74241263868645,42,0.27412690760710134,0,4
31.56697606289032,93.65998908026381,1,0.3152187549553318,0,0
27.71304161046217,107.98912213356701,2,0.21928899077175856,0,0
26.55090198169555,90.01587563641804,3,0.34626221040990757,0,0
23.41129379286637,85.509073879464,1,0.17418009996108452,0,0
28.814719638223174,109.55882323409847,99,7.263783575513152,0,4
25.291744531818495,113.81439254682932,77,1.3857553133913143,0,4
25.74881857244867,88.5763132852172,2,0.09216950356590559,0,0
30.761088754062342,96.94129522312286,1,0.5842964570618534,0,0
20.66351171987981,86.34665234731264,42,6.812934406087919,0,4
31.586380611114638,96.20816978602177,1,0.5650856537398425,0,0
23.56370506111029,107.72407152169309,3,0.5060720033419948,0,0
26.834966170980852,87.25744053033799,99,1.9471969317611801,0,4
24.59142949355804,90.42930858128469,2,0.5656741128499689,0,0
31.374903946172378,96.17201998106069,3,0.2504729732931139,0,0
24.478023163212,96.50827121065475,2,0.5406042739069612,0,0
-95.43455612109196,94.64764792672148,1,19.831951583945198,0,1
31.36576625447528,105.5661586168787,3,0.5372775989260852,0,0
23.42039944599427,86.00270717306512,1,0.5495652797789461,0,0
23.57921259526552,86.84823955877408,3,0.26613937551741174,0,0
25.442052520017292,113.0843900629634,3,0.16145821841607244,0,0
23.100018527823053,7.604976413247791,1,4.238791204914364,0,2
30.901823061764897,89.25533192850955,2,0.22346142803312574,0,0
20.85157227520498,100.58835027409023,3,0.1167126183038043,0,0
29.72728696861332,90.24990486251752,3,0.5112441752748538,0,0
24.092507698369985,94.38758644086468,3,0.5348996426711174,0,0
22.621512743814296,114.75019158495034,3,0.3087420158417018,0,0
18.309490352551336,103.77674129311028,3,0.21749699648151477,0,0
18.77266365043476,103.47589564546914,1,0.46317329788342576,0,0
29.32427782978815,9.708636190840775,1,7.795774790283094,0,2
268.58881929756194,99.65063860843601,2,116.54014383364995,0,1
-88.27279496259735,89.3757740202745,2,1.0813407571873768,0,1
24.40653607549107,6.9257713716905265,2,0.07286658852272154,0,2
25.156199779377946,92.10611676923446,1,0.17589434483673827,0,0
-79.26336818149301,113.77021260293304,1,321.9062754145863,0,1
31.770704790707114,86.65652880251217,1,0.007148559677119692,1,0
22.52260073596637,101.23889005903212,1,0.5376344596182321,0,0
31.069632400847972,103.0992363516683,3,0.5118685381702051,0,0
22.36133098435162,86.36755473846006,2,0.17468661771291494,0,0
17.0,96.30833288274722,1,0.0,2,0
32.14885413951786,110.59040676963777,3,0.08651978036594699,0,0
26.516318733531378,88.90971840106984,2,0.22964082177125889,0,0
17.0,108.82075567810888,3,0.18129384569319384,0,0
31.16950655559259,98.20432619613811,1,0.27952687171276835,0,0
20.6726452902372,112.67302850968373,1,0.02989215255987787,1,0
-60.49629365183626,102.34922888411741,3,344.5944447154234,0,1
21.483341873719507,95.62813981651647,3,0.31015578995798165,0,0
25.26986218326428,103.15092903055626,2,0.0,42,3
28.3998190210506,87.37748818389787,1,0.3670694030362256,0,0
23.96045315108596,87.78971919469396,3,0.35303679753249995,0,0
27.55461713098246,90.51731395370395,2,0.0,2,3
23.746612995126338,90.09644761813443,77,1.7430099550918356,0,4
159.63528720861314,112.25390542781182,3,219.03362255731344,0,1
32.31626980673918,88.85731782390636,2,0.5455650160320644,0,0
17.042706735507334,106.92602425610933,3,0.4508433318173459,0,0
21.37073362377029,86.60303807173051,1,0.5117239749410807,0,0
25.350292127687837,103.84879685444658,99,1.477701725143497,0,4
23.07944941970918,96.59621520469084,2,0.3141578296532366,0,0
32.5,113.2592329643077,2,0.1996394410282747,0,0
26.9278190540043,86.94502656358574,2,0.37880238121417165,0,0
23.293204308119098,97.71424555520723,3,0.2564891575401802,0,0
20.956862073059064,3.8683943006034327,1,6.973755135976411,0,2
25.771767911908697,96.30958501860525,1,0.5564222264244592,0,0
27.65093298360257,98.4655409695601,2,0.10045808574677295,0,0
28.615912577796852,102.26077519387296,2,0.21903895144526686,0,0
24.373390906698607,99.50636940159774,2,0.5555122502850942,0,0
21.776198194552023,111.77278532608118,1,0.0,2,3
28.998857110772672,99.45984753198601,3,0.10797145590990809,0,0
24.538378812569803,111.3797949704747,77,2.4709108839245175,0,4
21.678789010828464,102.27250250560931,1,0.0,24,3
31.238631872066804,102.708972152668,1,0.5142264900509161,0,0
24.29353716338747,96.78205342672683,1,0.3298601187035395,0,0
23.76786151526043,92.245018839785,1,0.2234078301307001,0,0
17.0,109.43724160694146,3,0.0,2,0
31.287908730719558,94.65539905603961,3,0.1531438487792478,0,0
31.38715129582075,108.59102157885094,1,0.40030285882687267,0,0
28.28653612414443,98.46735167778371,1,0.15424399279863366,0,0
21.904875509659306,100.66729780164414,1,0.44752738481773946,0,0
20.43520185355763,95.22290468046661,2,0.0,15,3
20.088239766072945,90.12441118918632,3,0.07391340925463297,0,0
-80.79465926621039,113.8683418045739,1,252.64703836561563,0,1
19.04124008065277,100.56514171378217,3,0.4438756344745549,0,0
26.59702939560257,96.71686307281095,2,0.0,7,3
27.520455987057687,91.46077848563826,2,0.3593224084943145,0,0
26.96249981714611,107.90831438842476,3,0.020545065735998236,1,0
30.0,111.70662011663669,2,0.0,1,0
24.398553564386205,93.05796798743792,3,0.5607937336241626,0,0
25.603510738433364,101.97254692673746,2,0.0925482378398641,0,0
22.226184340632386,98.77719632790874,3,0.36768434067940703,0,0
31.6264296231842,100.71979502394001,3,0.57571652083206,0,0
22.722073443906172,86.84048881332005,1,0.4175701762456221,0,0
20.43780734035954,93.87258503860988,1,0.34831188473003394,0,0
19.16192040864119,107.84858845986153,1,0.20656265688705489,0,0
21.265618972434687,103.30323766108704,2,0.28203022342778894,0,0
27.99923029109432,86.26451250888803,1,0.40231075396407334,0,0
21.678789010828464,103.77308245245877,3,0.0,18,3
21.776198194552023,100.65366451412032,3,0.0,6,3
238.29655045740924,85.16904279584287,3,325.36453862554316,0,1
29.65736312530519,86.29041893140166,3,0.554660438322486,0,0
25.706291361756765,104.25914501329798,3,0.5716336967443958,0,0
20.97043921380907,114.90848252235008,1,0.5180884839798097,0,0
29.748408096439036,96.84970811647098,3,0.4480697494910615,0,0
20.89763749781703,85.02150576119739,2,0.27255743625831386,0,0
31.674395106253176,89.59340337316596,3,0.5675728565043663,0,0
20.088662781336232,3.775221779058308,2,0.9059531931856668,0,2
28.032749618014375,85.01204632076019,3,0.2039441890310627,0,0
30.058027122453424,113.6204741235756,2,0.2141562588925936,0,0
17.00263401239749,102.86155051960131,2,0.0026340123974897267,1,0
17.0,112.25351684000884,3,0.2307969611187879,0,0
27.908889431859524,95.93104882300241,2,0.0,19,3
29.160486762076435,97.20406835903142,42,0.42959767401082516,0,4
28.46585233337936,112.94605147465786,3,0.0011565925151018064,1,0
26.018334113673163,101.1262043092104,1,0.5528955633256274,0,0
21.678789010828464,111.3796497779518,1,0.0,29,3
31.925570698662682,88.9209476124494,2,0.3832005027586334,0,0
29.915337476494443,99.12117841947813,3,0.08466252350555692,0,0
21.93648751901686,94.08792716921288,2,0.09284496358366923,0,0
31.402488049714073,107.69433036521238,2,0.08446331949147279,0,0
22.580438940367156,92.37811642758547,3,0.0,2,3
31.51007946931677,89.18580341679008,2,0.36321097503154576,0,0
21.10271958964919,101.84067472568015,3,0.32372676886270213,0,0
21.99860297274199,85.41980230511388,9,5.494679584336499,0,4
22.462047685087818,93.8083649519425,42,2.5003040536116927,0,4
22.148964335742317,88.49388246674896,9,3.299194538777389,0,4
29.202289999446524,94.56091771856192,2,0.21216712161079698,0,0
25.46144470463377,104.5442826378721,42,1.2199359040511055,0,4
24.30240119452304,98.74085849751606,2,0.09723627146457048,0,0
28.106720567624116,110.60963438347933,9,2.8513132563669537,0,4
20.893064655762803,111.5105190306397,2,0.4681642635110599,0,0
20.326550345942024,1.1585044830275102,2,2.592749364788709,0,2
28.614748123426942,92.95919110361257,1,0.0,21,3
-66.73979482594663,86.85381432220062,1,294.9531011781952,0,1
18.190182639871598,92.73663056299607,3,0.16017386379137832,0,0
22.633412783426486,103.35162238703057,2,0.06522486301368247,0,0
25.23698386271309,1.2518743486429895,1,4.388033318210052,0,2
25.31398306996322,96.7568176280774,1,0.0,28,3
26.510511169779466,91.52381030811685,99,6.061654314812234,0,4
20.898579180000468,109.88276212558996,42,3.873196911111563,0,4
25.094670894045695,91.89981261889722,1,0.24325535486240923,0,0
20.0,89.26544129162055,2,0.0,5,0
20.581066906026017,107.12525078377021,1,0.5478016779593773,0,0
166.88317610482736,95.80196480652185,2,245.25446285465983,0,1
25.864906928772786,102.39903460609429,1,0.12222060777251187,0,0
22.066431793720323,88.92151970769272,3,0.1277335966724209,0,0
22.5,85.3493469850929,2,0.022438592567127102,1,0
29.385735543643275,113.25974340651615,3,0.4907012929457437,0,0
20.03866349915123,91.31116244589508,1,0.36786332638567387,0,0
25.545806715356242,8.098379813474065,1,4.758473032721426,0,2
26.114874806317285,98.19221459523726,1,0.5613137583234753,0,0
21.155818532416266,98.00748377897843,2,0.590016069327369,0,0
25.59348622267819,109.95824625064157,1,0.4161420022436957,0,0
25.666560776020624,93.14796770741194,9,4.246542587976645,0,4
28.873267235138282,86.34990463706274,3,0.419335687470884,0,0
24.25114324211554,88.65658280010842,3,0.1037410781695769,0,0
25.014698336938828,97.13582156721608,3,0.27923886070833603,0,0
23.55830378667661,105.46679130117974,42,0.11463568947507241,0,4
22.794397528481934,106.58675239796304,2,0.0548751307674884,0,0
26.294835944628947,97.41778174157767,1,0.16885226967266576,0,0
26.284678497868,0.9075216044389309,3,2.688287387464946,0,2
29.855193569028653,96.01347302021605,9,6.0787797392655385,0,4
23.753097758438166,97.30911165617987,3,0.20298498664181963,0,0
24.839095655261346,112.81002903772887,1,0.5909802025900497,0,0
22.138897981722543,89.85014308710886,3,0.30877224856132557,0,0
19.697996680709146,113.73802363170311,3,0.43887017891727,0,0
24.57557664575315,89.54336565806072,2,0.42783665157837447,0,0
21.916235482182987,99.5528397993862,1,0.4119914013454604,0,0
25.76789708497236,107.18234366370075,9,3.7056157106708056,0,4
17.754522927632603,112.67498143531887,1,0.23598098865226902,0,0
21.17481451104849,94.7402778067018,1,0.41994160236722067,0,0
28.012018735625148,98.82606205808956,3,0.2607991673506085,0,0
25.31398306996322,91.13531111667865,3,0.0,11,3
23.694950292692734,89.26411371380372,1,0.04076096705731658,1,0
26.786171151326663,90.43654130840852,2,0.32210041045319926,0,0
31.615198902102783,100.02204718432596,1,0.25541728387484497,0,0
20.124160891694235,2.127185044775438,1,5.301371546071881,0,2
25.47086506591195,111.49820804278671,2,0.4618245859257577,0,0
26.35458724943434,91.95370832849738,2,0.32506006330632076,0,0
17.34957301464041,97.2823495657372,1,0.14897868941896064,0,0
25.83006483004551,1.8971640932282625,2,0.5683116233495973,0,2
22.838737011833274,96.37121456149106,1,0.08243795239078366,0,0
24.478815244168263,102.78852554304783,3,0.1689199567202806,0,0
253.63808551067925,90.23339698572828,1,13.441830938473629,0,1
26.015346226306264,89.88258658642492,42,1.0309278219563183,0,4
23.766779212258825,94.25404844468451,1,0.01691453106151286,1,0
25.399114192869725,94.28408647265803,3,0.36929049783828916,0,0
27.583090951692725,104.247108866953,2,0.0841723570665458,0,0
28.96328325244675,95.70388766964804,3,0.03836608139579667,1,0
25.36304163156227,102.20204877693112,2,0.034592928746228324,1,0
29.173619850652766,4.905451491347548,2,4.943095907732619,0,2
22.77489719556359,88.49749223667091,1,0.4027133651053454,0,0
191.66460742158827,111.97435865335049,1,17.739044523763653,0,1
27.55461713098246,103.36328732502575,3,0.0,11,3
24.362860050750427,108.09239868571262,3,0.2775007072168485,0,0
24.80776155899031,98.8201837496498,2,0.39736885275955913,0,0
29.703319031941398,97.19909580654911,2,0.29668096805860245,0,0
22.860417154877474,100.07698229390327,3,0.3901936472875036,0,0
21.047737195277236,99.0220453374961,3,0.5336784267496917,0,0
20.249903234191365,88.48821040878641,3,0.1809935405871954,0,0
26.602063863135164,96.64399243006748,2,0.09688456775682397,0,0
24.00738709199759,111.26089719702281,3,0.36347275341161733,0,0
24.96235173869951,112.00831081383075,99,0.32888365150832044,0,4
28.40492508415747,8.40766097430064,2,6.709723480862845,0,2
29.439065652543256,90.83857762973696,3,0.18899307598193005,0,0
24.16909735301146,111.77407281856034,2,0.13739935230623246,0,0
23.794574074027263,95.410070062366,2,0.0698054206685299,0,0
20.767601507834833,104.0374725265091,2,0.09311203905738807,0,0
24.283568961304667,97.00636827549016,2,0.5361074936306878,0,0
24.31401530217922,112.67935418810717,3,0.5194412281519583,0,0
28.614748123426942,92.94188487996877,2,0.0,23,3
17.252493569115945,114.78894388357901,1,0.03324133090356085,1,0
24.443513650427644,85.44849913312717,3,0.4573769058285144,0,0
23.00948697974241,106.0790131925655,3,0.11003659476758898,0,0
24.565117567217904,3.081098853607963,3,3.8877635129833905,0,2
26.227863859427845,110.38581598463121,2,0.05122006812861457,0,0
27.2095072479204,114.79512368794998,3,0.1518429398487342,0,0
248.1459482301084,106.59967693098173,2,217.49470676152555,0,1
-96.94385623371166,93.71950988096106,3,39.709274642912256,0,1
22.183868719402554,96.06175466412537,1,0.22929873258748046,0,0
28.673455047021125,8.563148433354012,3,1.2328260356374408,0,2
225.55991179623513,86.04717577219328,3,11.66633464737572,0,1
24.25491413451543,87.90095156639012,77,5.073206015187136,0,4
30.305949910061415,107.68995359440477,3,0.24207724890694138,0,0
20.0,111.07297206174185,3,0.12683908855185066,0,0
20.881524052547533,95.93699282559594,2,0.2932005320018227,0,0
25.31398306996322,110.26023435515827,1,0.0,2,3
31.75015786372227,112.63208458898744,2,0.23553137804180935,0,0
26.892743824616144,1.1259278234947119,2,5.306763766235722,0,2
22.17067617259968,95.41865422917093,3,0.5507011620533326,0,0
23.013353448840864,90.1212508993744,3,0.3930636627288564,0,0
25.886196147419128,87.03511177315515,3,0.22546286676097438,0,0
24.865146792794494,92.16255313258073,3,0.2523264195141408,0,0
26.850829800659795,107.26603027363397,3,0.024786424480932823,1,0
22.599353676504958,113.6695449468926,3,0.46649769584277223,0,0
-71.12952758530913,108.89645662139495,3,10.310860607391177,0,1
27.41078804542796,3.502965026936831,3,0.5086802784332818,0,2
17.21960351694403,93.42889568776691,1,0.5454643435902504,0,0
24.583857334468103,88.37512399714275,3,0.5095813264862166,0,0
28.614748123426942,97.18982419140175,1,0.0,4,3
19.047769228734296,110.16694259337802,1,0.581809438754803,0,0
22.76055554616196,113.22353561509324,3,0.5171908888646222,0,0
20.55259548138627,110.26356769407126,1,0.5638972773775244,0,0
30.915371767616563,88.00095013201461,1,0.45331001063128085,0,0
21.678789010828464,100.00793522432386,2,0.0,9,3
24.27101252430527,105.96846485462157,1,0.49393806361857884,0,0
25.421594864425927,105.24358906502232,1,0.05428278893680627,0,0
21.1050135122769,8.379743077735812,1,1.7887937237800458,0,2
25.225389236878723,100.64798538973365,1,0.4188414159401681,0,0
24.743321827200845,104.45393670700712,2,0.19003066477127817,0,0
31.717649165174922,103.3153949227648,2,0.3078631920693802,0,0
17.94385100506958,92.7370848113482,2,0.3804864851391372,0,0
31.583687312821926,105.12280065134601,1,0.5757389758226417,0,0
23.36262671336388,110.76450313504463,3,0.3673643184757296,0,0
24.470698127703873,99.88226435501593,1,0.4382570580990759,0,0
20.2935956938874,98.11444315135104,1,0.04369245969603597,1,0
23.624598486145604,92.43208492105347,42,2.2426922980012804,0,4
24.212492399459663,86.95830272699392,3,0.5707223029879813,0,0
23.085886487088995,95.39572503858155,3,0.09272563572728032,0,0
29.846465600627067,114.24617600293729,1,0.5219448507154318,0,0
28.163701891133403,102.74001737682245,2,0.0,27,3
21.760670360376576,97.43950533385612,1,0.0,1,3
28.28876460803476,104.70168119370192,3,0.5065575906352926,0,0
-64.42728790678854,105.09827840091299,2,28.600795735712765,0,1
25.64042168596185,93.98150121116045,3,0.20849529835062341,0,0
23.814912932422274,87.9462666714659,77,1.7230904032875358,0,4
31.15016490504592,92.49876943718486,2,0.3999255384430178,0,0
30.39276906120513,102.84748062756614,3,0.26015726003924655,0,0
159.6998315775856,108.70497447792849,1,93.93825393309365,0,1
-96.2608372020458,87.39290276353213,1,373.86700596132056,0,1
22.49483586530782,103.95208530470232,3,0.0,11,3
17.0,108.8580193557967,1,0.13787854034860558,0,0
23.348278515553506,101.96900354312514,77,1.1602883106225832,0,4
25.26986218326428,101.13197712349603,3,0.0,58,3
29.140541058688676,103.78734468289099,3,0.0617489407578482,0,0
24.131519174437607,105.9435077225057,3,0.2698450242958579,0,0
24.984418404349945,99.82942744150179,42,1.3463973200265968,0,4
26.59702939560257,89.50058085369587,1,0.0,8,3
25.757169195182158,103.31089023454471,2,0.49536096048943534,0,0
23.30267388322916,1.694291623954424,3,1.1125130818794915,0,2
28.614748123426942,93.43668803264552,1,0.0,15,3
21.760670360376576,104.36405276554503,3,0.0,15,3
20.0,114.5970847233798,1,0.0,4,0
21.776198194552023,105.20900064515382,3,0.0,21,3
27.659039546888064,99.35473210321567,1,0.47034652874831195,0,0
24.79029965188033,87.17340663383676,3,0.5860553521102787,0,0
24.08535934353358,103.00754230298749,2,0.2737397248033986,0,0
25.22542841568087,94.49371392623249,3,0.2894491099625718,0,0
30.66071953507128,93.59977745341757,2,0.4955597218901353,0,0
22.914893853990915,95.38798152363792,2,0.4148938539909146,0,0
27.491585056920357,106.25737375194998,2,0.0607784199245458,0,0
32.29842461575259,97.10568299521688,2,0.4310186392933275,0,0
24.84904581689265,105.91072498012899,2,0.20521557663949253,0,0
298.434721235671,95.81235419053834,3,4.952384926290051,0,1
29.002806510107902,98.02146605434542,3,0.19428189176631605,0,0
20.40700083983399,96.34074848303206,3,0.26095096360506886,0,0
32.054575688515584,110.65943393088816,1,0.4454243114844161,0,0
27.649296174310624,85.34578042158955,2,0.3263258197199761,0,0
25.499921845412228,110.87921413447538,1,0.26214473678706085,0,0
20.49131540442305,90.70386298956117,3,0.49131540442305166,0,0
20.42828330625511,104.87115579738261,3,0.23683159123582342,0,0
23.560704755912234,91.039363234673,3,0.1447925757895021,0,0
26.622355837665847,114.96378807446963,2,0.11403769514857487,0,0
23.072381754275977,86.71007162655802,2,0.378901618112792,0,0
30.99320318548082,91.900013576452,3,0.41059923607366144,0,0
21.678789010828464,107.67142400803255,1,0.0,21,3
25.283446934365543,109.1070280420093,99,2.202569661156055,0,4
234.8251097033252,111.48435396602112,3,304.33890732721056,0,1
26.1237946598331,95.13243990204542,1,0.3856453478948403,0,0
20.456027238260862,4.519058687368886,1,3.7333811825404126,0,2
21.2903358255595,114.98382043179019,3,0.5952979500586864,0,0
21.499770241515446,7.94716761557872,3,2.6877747376866985,0,2
21.980771200586318,91.54276385219397,42,1.3675073149671881,0,4
25.684379675686973,108.3730775918736,2,0.5770261584037968,0,0
22.025694587302908,107.05685554304787,2,0.5680699607067794,0,0
28.783398200433783,3.18922617287858,2,7.586123060434847,0,2
29.218469286223385,100.71017199996956,2,0.221932836817615,0,0
24.1617626703493,86.53790377527994,2,0.12593599457184368,0,0
25.624788271114053,110.5614524741408,1,0.1880694131226619,0,0
20.64704196839851,89.32892206825838,9,6.9871361738082065,0,4
21.85574602745048,7.767910304719652,1,6.06158290254605,0,2
21.27053250238004,5.274051000442213,2,1.2359100487797576,0,2
24.03195217705015,113.09817076884885,3,0.03740343360123788,1,0
24.17961654278079,101.91211304336198,3,0.19352045307068266,0,0
25.091591292096588,6.901234384754967,2,2.7161410567753066,0,2
31.2776773257886,108.30580980694845,2,0.3768200826239152,0,0
230.32888240433994,100.98621037484521,3,43.793261559210976,0,1
18.715532594876098,86.10660842063598,1,0.2581914067470379,0,0
23.406349494563816,102.3575604577885,2,0.21350330962048147,0,0
26.411443779610206,94.86759334632173,3,0.008872912613952622,1,0
22.49483586530782,101.76496952664452,3,0.0,14,3
26.613083851382324,94.64387433843413,1,0.2334819687803602,0,0
23.02657950059636,110.72687012983852,3,0.3869068484019351,0,0
25.481346038785198,106.53028473380499,2,0.17133289617591174,0,0
21.51217283237051,112.28880458309777,1,0.48737125821197225,0,0
22.980573847621066,89.46387908215347,3,0.5328505125904783,0,0
25.26986218326428,94.15327570636246,1,0.0,31,3
20.9976712262214,108.66128568440868,99,4.221058501427571,0,4
25.899776046996,98.11236274869036,99,1.2978380831973233,0,4
23.28864996372979,94.08302822852275,2,0.1452529082249896,0,0
27.667322485114223,89.08700954637177,3,0.3953275463921777,0,0
28.65311671618311,103.53180772185382,3,0.03214417573872197,1,0
23.189989168730655,104.47966973730645,3,0.0689453822223065,0,0
20.0,97.94524359542928,2,0.3089262575439342,0,0
20.260208146828216,92.71288268185336,2,0.3297514797405583,0,0
26.21504888513026,105.74516637440783,2,0.0305183979715693,1,0
19.169877741133195,97.40928024755905,3,0.4507579211993864,0,0
29.75789336344115,96.13578959945573,77,8.383738365176466,0,4
-76.57309773921554,93.2197180141777,1,369.72779007194123,0,1
17.0,105.15678230796185,3,0.0,1,0
21.366557554880657,88.32161779978946,3,0.5721603942127906,0,0
26.58725166867021,91.8244481108062,2,0.034048361765684376,1,0
30.139680069001944,88.41287387441956,2,0.0760604887993992,0,0
23.622331821793832,106.19427179460703,2,0.1637162994523642,0,0
21.5471775295178,110.19404819993281,2,0.12115761882907705,0,0
-57.1399832837733,105.52629011765111,3,9.385979396930132,0,1
274.1221439635509,107.11263071513056,1,21.710568019494758,0,1
24.154323971858723,92.97056694598791,1,0.49834792845512865,0,0
29.519835064476418,85.00723014055404,1,0.04026532026429663,1,0
25.93516892113864,2.4710346127364735,3,5.55363286178487,0,2
25.60392065328232,108.92677301911564,1,0.2772079146778843,0,0
30.587867653841997,108.2343225782795,1,0.16109170917304994,0,0
23.762602021729954,97.2275262572145,2,0.5768872123001145,0,0
21.760670360376576,99.08664141980599,2,0.0,23,3
17.0,95.67018149394848,3,0.0,3,0
24.09444935925625,97.29013160127978,1,0.3173288736906059,0,0
29.678510560262712,91.04965633800677,2,0.4517051323253902,0,0
21.95210624944058,112.0582059024745,2,0.1548707902106834,0,0
24.362859265684992,113.965537547043,3,0.06323669249687924,0,0
23.177938346661154,85.85560074515945,3,0.38754804656592157,0,0
207.75230570334259,98.53492011062788,1,62.496358717867,0,1
24.463308694062423,100.08350325540042,2,0.07096398775556167,0,0
24.26957156807852,102.37389412105148,1,0.008103008368816944,3,0
27.078775855229644,105.79628626656603,2,0.563327250811053,0,0
30.063619580202545,87.69901836582882,1,0.42012684560620883,0,0
26.090221466251574,85.91270618962257,1,0.39778242784898055,0,0
22.17846687184422,114.9054785284432,2,0.4093154047393206,0,0
22.305276134098982,109.64910693131415,2,0.03459852128062124,1,0
26.961692084535166,105.86062752195609,3,0.41011110982168475,0,0
26.48796114969413,86.63830909640407,2,0.06922642942254242,0,0
22.258069881524627,86.99389977328816,2,0.058102995592275164,0,0
22.23200506665907,96.44849497327405,3,0.5775090928695334,0,0
26.83626717890942,110.0174980138311,3,0.48167992947508154,0,0
26.247957073338625,3.0590011794255925,3,1.823840628686284,0,2
21.760670360376576,109.53333651914885,2,0.0,9,3
20.806525585706204,89.6755460965433,3,0.2303128359199107,0,0
22.847191137997637,86.7139815802999,3,0.12361663603750728,0,0
25.31398306996322,101.32749143486916,2,0.0,25,3
22.45803856277866,105.21596181759065,99,6.746371802057524,0,4
32.13964517611122,106.87040263878906,3,0.30708651300887624,0,0
280.89550315367967,99.36060392441773,1,344.66393630871,0,1
31.621112089305566,101.61508247506661,2,0.03326284280543845,1,0
22.08468423570939,85.36309350328322,2,0.0013252025568704084,1,0
23.049178557626195,100.74206912984296,1,0.3922302731673035,0,0
23.094296420651972,101.57986803330245,2,0.32420792904285634,0,0
20.0,92.34399619005178,2,0.5017731973653738,0,0
23.39659742687642,105.9162814572891,3,0.39300758384786505,0,0
30.998507826981566,89.54763735706959,3,0.3377882919102859,0,0
18.246906663561287,90.96147044602517,3,0.3266937231559872,0,0
270.2486644212096,99.27677532488472,2,368.6758046589083,0,1
17.062524303181295,92.29516572998362,1,0.48067032868878456,0,0
24.06340240841368,112.62074202335859,3,0.07768526441213552,0,0
26.14270227946457,85.93640681016242,2,0.34714878561252505,0,0
251.68664187694003,111.56316293086917,1,15.599495535000642,0,1
22.073891683986503,105.20829495990085,1,0.5340205130981914,0,0
22.30162834903318,99.29310959031375,3,0.21420515850254063,0,0
28.8692391875814,109.42204862160042,1,0.4836013021817962,0,0
23.63164742093696,109.95355900555478,2,0.2730393791602843,0,0
27.300797430102172,112.55564591329363,1,0.013830768971391905,1,0
25.99703767645999,102.4520994226356,3,0.12216808073453578,0,0
26.621300030435894,108.4014426112013,1,0.24256872193174672,0,0
28.575590026512636,88.2783833610448,2,0.3052421111414212,0,0
28.782163102742032,113.66412971485492,77,2.766816876435769,0,4
24.74857231101359,92.92185954081157,2,0.23083070695327024,0,0
30.140110473564068,87.1410104166814,1,0.4613319613963931,0,0
32.178269160582346,97.056961238679,1,0.07753272464638172,0,0
22.990819776859915,111.37557317803743,1,0.5595883153506449,0,0
28.555341764155102,90.48681316987597,1,0.5903964108178208,0,0
-65.86102499029349,99.92560031360337,1,29.452731706720698,0,1
27.79629164458082,113.91748036219565,1,0.21514540201884813,0,0
17.0,111.98723719823705,1,0.29713125621150027,0,0
237.22624644361085,101.42891954140532,3,298.2710370766785,0,1
30.582603949407158,97.43562488170544,2,0.03142987804783459,1,0
24.03682899189951,91.43669563990007,1,0.4614863844699144,0,0
27.14722201809426,100.64184208788805,9,2.349719791097865,0,4
22.881479085082358,95.13985470554607,3,0.46800641018107925,0,0
24.780928572948408,90.41271466244112,3,0.5832335138357152,0,0
24.120687113788524,86.47475570864283,3,0.504236383289129,0,0
23.805661329472162,111.6222242190689,1,0.0,13,3
28.06209655172433,8.940101198868913,2,0.31427333510439226,0,2
22.807906066675564,111.03754883560066,1,0.16694392537860026,0,0
31.13476488194031,113.11337481764416,2,0.5880483105548358,0,0
21.679442268198027,109.8283078404746,1,0.2895704500209142,0,0
27.908889431859524,110.33000647598013,2,0.0,21,3
23.87214007466249,103.4687319004938,3,0.4332105855696149,0,0
31.079991942409457,92.95542625390968,2,0.4461240632354695,0,0
18.597364446178215,112.62525647852117,2,0.4504047825560811,0,0
19.712872091085053,99.85530730333811,3,0.4535541181862648,0,0
22.755001114856544,99.62713581020154,3,0.5215606109227373,0,0
24.93207682096946,86.81309634821692,3,0.5483901226445305,0,0
20.87368915040333,96.79962011155567,1,0.14753528279796058,0,0
25.192571833439413,86.58231856486653,3,0.5562467390092571,0,0
29.592989462891175,110.81813471049128,2,0.4102408251367642,0,0
20.74551542821273,90.61372811231504,1,0.5181760562814439,0,0
-52.638648632664456,97.50004149760285,1,337.4922077146694,0,1
18.063425833935696,94.75549966080241,1,0.22682121394120713,0,0
22.052521577745537,88.16951036346792,3,0.37907841196685155,0,0
24.497463125341184,110.8553146988449,1,0.08422465895976572,0,0
24.829663357297772,107.76604403253849,3,0.24041746663988306,0,0
24.524769800281817,109.21784947978752,3,0.5538524674573324,0,0
22.5,99.29861368931621,1,0.1546204549032275,0,0
30.680067711014797,97.95198471528548,2,0.35556022316119495,0,0
20.316145878610225,95.99085529881074,3,0.24942642175773955,0,0
30.122762119512146,103.31181599932161,2,0.21319385030286853,0,0
23.171245356892406,88.6167524921107,2,0.26876766655931306,0,0
23.297095618152312,109.73414552813648,1,0.2777957568517664,0,0
24.445421844824725,95.20013158179677,1,0.4254568718426164,0,0
22.786196102652184,87.92830114326975,3,0.36338042163832185,0,0
20.553362443825602,89.23378354897966,3,0.03294775646607917,1,0
21.82787899333605,113.37094441000846,1,0.40107055180406803,0,0
21.225554784576037,105.68602626716245,1,0.10268422503955676,0,0
23.237113692905286,102.27377413366929,3,0.045097365661817435,1,0
23.60741635355346,95.66479031324073,2,0.1435072049518098,0,0
24.384343368606743,92.05093896435756,2,0.3876042893363234,0,0
24.241611909415386,95.68201897357434,2,0.14776542449738983,0,0
21.32623977123515,92.5960349010993,1,0.16053994169674368,0,0
30.786543587303118,91.42157368682302,3,0.19721314975765836,0,0
24.55678779907073,107.1534762775398,1,0.08041951318400109,0,0
22.81633835875399,92.7479307366149,2,0.3163383587539883,0,0
23.629255463973557,110.65090604859805,1,0.20212236111936832,0,0
23.721590735988716,108.95667514391798,3,0.3076622496213659,0,0
23.038135669928224,112.17548169997917,1,0.40603476745848965,0,0
19.781538865523682,107.44219538288596,2,0.09890718984869551,0,0
29.90087245632771,3.563723574388591,1,1.0480441653587071,0,2
-89.46987536837459,111.27657164100853,2,358.083100869497,0,1
30.94944478649783,87.84305413103782,3,0.5516097123348587,0,0
26.59702939560257,107.08915047942732,3,0.0,10,3
227.76113171018636,112.61662514139168,1,304.55437235024976,0,1
23.80528672877584,87.2583614995502,2,0.15126565077695986,0,0
21.03487255723941,103.94256763655129,2,0.4446323595232613,0,0
-99.86962683036832,99.29449623565812,1,18.486517749637372,0,1
24.91219378432447,103.70757064008279,3,0.025149572726451908,2,0
18.878142607744444,108.55568629445224,3,0.5312691829129363,0,0
20.945832451349073,96.0312552438263,3,0.03698700468867244,1,0
29.576564743886976,109.67751196484296,99,8.864563759141994,0,4
25.26986218326428,113.13976200180596,1,0.0,51,3
23.125553110584345,97.97493634990396,2,0.5589865933838638,0,0
23.123028746859035,92.40936397216,2,0.28595317951691257,0,0
31.464484410711858,91.50059931116178,3,0.01126837402591363,1,0
27.81278854199938,100.75422555308889,1,0.10719797393727504,0,0
21.504244080837527,109.64165088702083,3,0.40334124384869696,0,0
23.065148991721344,107.49933395356213,3,0.46849142066319516,0,0
24.945909030771872,85.17311983878903,2,0.07575191267045511,0,0
22.016908865990406,114.40016389590451,1,0.27160033809425244,0,0
282.3594802149546,105.65463373934678,1,4.450187716503763,0,1
19.166548130983152,100.57096840388647,1,0.5561990890651067,0,0
193.98991286142453,100.344603076265,2,103.34977134192988,0,1
21.88895039960289,105.58273461830461,1,0.2817257729967899,0,0
29.145974658208203,96.30506683048498,3,0.5701489415824739,0,0
235.77698996794794,109.05761176767948,1,10.217078171712814,0,1
29.1962326345046,111.72986123932795,1,0.14499915932903207,0,0
27.38748029035623,0.78113923381939,2,7.263319398661995,0,2
22.801258123815213,86.66079450815229,3,0.3737591269820193,0,0
26.737638346297743,4.175629398001316,3,1.869647247583103,0,2
24.5214145203083,109.1701045885016,2,0.4130045387630368,0,0
26.556230595179194,94.93641443869365,2,0.5711797432709389,0,0
179.14982149106407,86.39059808302838,3,262.5170964458115,0,1
23.550112771796346,87.59859282564082,2,0.2874758977335219,0,0
24.148105544242625,99.12354991038121,3,0.05405906778960201,0,0
20.814373658753652,109.58874608642935,1,0.49104256344778463,0,0
26.59702939560257,104.5757895139794,3,4.820831201050545,0,3
20.757838209059027,97.49513295711637,2,0.32108115422150263,0,0
23.805661329472162,89.45762282864206,1,0.0,6,3
31.42138722847116,109.99628370730787,3,0.45842520067557047,0,0
27.488391884618512,103.43144919270262,99,1.2740980984234653,0,4
24.74773567076426,95.59014252915509,1,0.16270816080551498,0,0
24.04814394700464,98.28742294125891,3,0.10214599311255057,0,0
24.87957639790749,7.853586215988103,1,0.3573669245393951,0,2
23.392069910863086,100.54236298716447,3,0.27231502803262586,0,0
-54.13484272679747,106.7885939205436,3,39.78732579728907,0,1
22.580438940367156,109.07644910183738,3,0.0,3,3
27.532971205490817,7.110704357687642,1,5.135529476108232,0,2
29.5097843464376,9.413418488294122,3,1.8137828334902757,0,2
30.78681419147951,102.54270425011914,2,0.07109406787041905,0,0
29.638715735754047,103.05059825861395,1,0.3612842642459526,0,0
24.287698664921145,110.35118946689927,1,0.3661167744493632,0,0
32.253578683675,86.50056462706559,3,0.24642131632499797,0,0
20.665114897490934,107.24913455852862,2,0.3944719072005114,0,0
23.220858718356272,85.76343279717253,2,0.41464830333201164,0,0
26.941954751410112,98.60111816812471,2,0.3199244766502467,0,0
24.26094526090655,114.41106222826555,1,0.08157728688659205,0,0
20.290387826597744,0.8847565215782354,1,5.644781094540896,0,2
29.487638532880776,110.76253777572676,2,0.4499199892207777,0,0
22.94090432694825,104.85001778887568,3,0.1533920937037223,0,0
22.93260075675617,104.62523804422223,1,0.2921639250669017,0,0
20.676988308526795,105.88089390024919,3,0.5233857289929382,0,0
18.58052679757888,99.52231209130605,3,0.3040756380263687,0,0
-53.20995119726896,111.71266611337495,3,260.9622569006115,0,1
22.5,96.70198197242885,3,0.0,2,0
21.408081728474176,104.11604430424842,1,0.046227042450318834,1,0
25.15300903315767,99.07074819153651,2,0.08772632661203517,0,0
28.887357893866252,4.91151804172939,1,3.0117938740074663,0,2
30.400068303331178,104.53959691678718,1,0.5931348821496414,0,0
22.915079396467164,108.03582769377566,2,0.10218287212734367,0,0
23.61664902536095,90.46202534722869,77,0.00794946078465486,1,4
31.930758699861308,112.74242427593086,1,0.5692413001386925,0,0
26.88396704926908,3.0876535030012504,1,1.4183565980726272,0,2
24.476365860656827,108.41413415140465,2,0.3338646096797433,0,0
26.63826461422513,100.69774144466444,42,2.1449040198707863,0,4
23.808056576180714,86.16988037724735,3,0.13895194441704106,0,0
20.49753974541823,91.25955739475293,3,0.49753974541823,0,0
25.26986218326428,93.96051951442402,2,0.0,45,3
31.021294957374796,103.25714779521923,3,0.3340462854545905,0,0
28.883513770475417,7.678307652329635,2,2.168547070150801,0,2
-60.12555111434914,94.68004412529157,2,355.63704395084926,0,1
22.71680225312896,108.82631987648216,1,0.4502150232397817,0,0
21.10445685569801,104.36807731175234,2,0.571873227987485,0,0
25.085335217293565,93.81750281514802,3,0.37395241733382534,0,0
21.924305111594943,110.5654450095562,3,0.02419620133439082,2,0
26.024965982435806,110.66224486312863,1,0.2749089321037559,0,0
21.23591820320579,100.58157578511812,1,0.308101806826361,0,0
22.675206963651767,97.05336401962973,3,0.013322601849058202,1,0
22.538779189330647,111.99500037061817,1,0.1831880084893882,0,0
24.349455304073746,4.3573249626465085,1,2.842263924347506,0,2
30.41538527198416,96.30849915058816,3,0.343419203037854,0,0
20.562481492025647,105.08156271009608,2,0.25959041217123513,0,0
24.601420382893703,86.101388304492,2,0.2845588967479671,0,0
27.916231672244454,107.88397158627416,3,0.44829036691168156,0,0
21.029029288218673,103.45894075209407,3,0.0716118979579825,0,0
23.53870743448236,2.6214929491030494,2,3.181963270877038,0,2
22.114102114686645,85.43633997003646,3,0.4363542292958762,0,0
20.568146154292062,104.70340314172881,3,0.4734315600520418,0,0
19.565373119595517,90.00859266241596,3,0.5947640764196294,0,0
24.341405549548956,109.75148230540186,3,0.27621513584614377,0,0
22.55593784916315,92.45814653839919,1,0.30548323344688555,0,0
-58.28722482074141,86.3413082366469,2,253.7005304134344,0,1
20.83193479644373,91.94141909130545,2,0.06844861593004126,0,0
31.50191670275999,106.78318205108255,2,0.1318424819826447,0,0
23.69495891555483,86.98029532420725,3,0.1114722130492467,0,0
26.4925942917406,90.56576547109364,2,0.5618321134976654,0,0
-99.41866993573167,86.09894919548857,2,28.487914702557234,0,1
26.177774737099696,102.7852054152433,3,0.0998289651325166,0,0
18.497355587950853,110.30948992155471,2,0.5400251656083839,0,0
21.207383527089863,3.5968009158037155,2,74.6394651667669,0,2
24.103217799309775,93.77149331236579,2,0.3896918848164077,0,0
21.94206640742684,104.70188454164824,3,0.2672853026865667,0,0
28.64154116410501,103.78777823987281,3,0.44022625563247786,0,0
23.673256777998024,97.66576701642035,2,0.1018252152087058,0,0
21.190335718970577,96.79441388482046,3,0.22156350808065994,0,0
21.550936062710022,93.0398934638609,99,0.25885971334992774,0,4
21.53987117088831,98.74614415756648,3,0.04866321046671018,1,0
21.746468432781967,103.85511700250703,2,0.048462297920487174,1,0
20.137542144005767,88.0567716419804,3,0.22047582032483248,0,0
24.3065451671401,110.11039985091017,3,0.2500355720580423,0,0
23.87742261632316,86.64198120774958,1,0.18597979209052085,0,0
23.242950641563187,106.21259431800095,3,0.3534186533888999,0,0
207.66133963727773,90.98762487400295,2,41.09918043611103,0,1
25.342135758131775,113.15404637097437,1,0.058204873056666884,0,0
20.220392036676344,0.8826719525795791,1,9.612184072939353,0,2
22.386432305268208,98.50175918278676,2,0.4855668944723952,0,0
26.71458291566476,95.29080137770073,1,0.5279092474628513,0,0
21.978484070672348,88.87478245454486,3,0.05934703762788729,0,0
25.881128567960204,102.45914205743196,3,0.5229492755098377,0,0
27.807189780290425,105.11989948006298,2,0.46408127033508606,0,0
20.0,96.16921295719143,2,0.0,2,0
27.39518221100913,88.86263312104167,3,0.08746506429680068,0,0
21.67073656351998,9.75465783225762,3,5.5275665539795575,0,2
23.165522515556603,106.49895810106094,1,0.43121599291960067,0,0
28.685338169594132,85.93524727335763,3,0.24902738277365088,0,0
24.439336497031125,102.90880860536583,9,1.9749936890945676,0,4
31.218631835050765,101.80011967686755,2,0.48591542037817703,0,0
32.07455123490501,111.99949830635963,3,0.2280841089250032,0,0
29.128482789891684,112.86578649536696,2,0.025765956096574172,1,0
25.717587260285757,97.7977570316318,3,0.1969508871400194,0,0
232.77423363353773,90.12248482663475,3,300.03266571383756,0,1
26.871535470200957,104.22896584296274,3,0.16221303575064283,0,0
19.903160178630362,112.6562270506935,1,0.11747997457330328,0,0
29.083910185441194,91.9999846794798,2,0.2308251673852979,0,0
20.32521938664115,91.94046139600451,3,0.10737265877828506,0,0
20.657677698345758,113.34726060249741,42,6.735218589118613,0,4
21.6816860053526,100.4557667841464,2,0.4579624190104923,0,0
23.805661329472162,89.69744128536891,2,0.0,14,3
21.552546211840166,107.52007042844964,3,0.48141314786082745,0,0
20.76106171263403,87.91529481312305,1,0.08407340410723663,0,0
28.391854309986506,111.67914171484655,3,0.254474702194301,0,0
24.558894241342408,86.1643594308054,99,1.033615728703893,0,4
27.3700794050967,102.11684213873819,3,0.21425680970179428,0,0
19.9030383982607,100.42703315240834,2,0.3603914614099679,0,0
21.812582916298815,9.284151046311985,2,5.071384132970266,0,2
22.5,101.94457488659188,3,0.0,1,0
22.6094208678006,99.4911909267667,2,0.35360047355183966,0,0
23.51926387281211,87.0281424841715,3,0.4555637085480164,0,0
28.792845531688357,109.04250432725881,1,0.4508604438707273,0,0
22.08423220732649,90.35559367817797,3,0.4480354493779508,0,0
28.308740939502165,98.44512541063955,3,0.40728964513112587,0,0
24.24070701875244,92.46375366217531,2,0.2753288922144108,0,0
17.487766533157455,103.72713987741976,3,0.4877665331574548,0,0
30.407499061021156,109.44376004907689,1,0.5801554505271938,0,0
20.00853697437403,90.91617691693003,99,3.051615437771506,0,4
22.00400039857873,101.95065978577048,1,0.24294185841741367,0,0
22.138352556671308,102.15429983823051,99,1.6622287723964249,0,4
24.965755369282533,97.21492895401374,1,0.17384188316913907,0,0
25.003413297331523,93.889774056994,1,0.1244248494021356,0,0
29.323823908112296,108.13674445871212,2,0.3361008284819569,0,0
-73.374256512174,109.71431565641053,3,17.32735673978651,0,1
22.580438940367156,102.29379569377701,1,0.0,7,3
23.805661329472162,86.68809832644132,1,0.0,18,3
28.873502280058688,110.88312332377677,1,0.20225603413678073,0,0
20.766854537978805,103.8251638965511,2,0.02414925563530801,1,0
20.66305765684891,104.97353204406613,2,0.19648123283272767,0,0
-65.35454242159597,114.69524145866706,2,293.1156741317823,0,1
30.078550854470237,113.63912956019405,1,0.3758185767413522,0,0
24.201571923817195,108.06768346322923,1,0.30411350670836157,0,0
26.826860517704837,111.45564402462048,3,0.18737531021693243,0,0
20.59379667204343,114.84457881897853,3,0.5417157724341983,0,0
26.261491020285444,91.45014304810086,2,0.33687927603440215,0,0
28.600707824769987,111.82274107773537,1,0.05240889141312266,0,0
23.771087621483826,110.7366755573872,1,0.4283023254992244,0,0
23.418504349694828,104.34235745730456,1,0.012450645539704652,1,0
22.50754642135881,109.32805578017832,2,0.32367770195625667,0,0
23.277746435026582,87.13474855520299,2,0.35150902894697467,0,0
25.26986218326428,93.32586375955086,2,0.0,32,3
20.788066980454076,95.4705613762733,77,5.388313524981374,0,4
20.58738677234236,105.71868226244024,3,0.41131720188692,0,0
29.483407089420705,98.14998326843062,3,0.1347760618163072,0,0
23.80643112860408,97.22629093097292,2,0.5068207983940738,0,0
29.07705960033346,101.04402930757504,2,0.321271962251398,0,0
23.6012435712487,103.5857860010891,3,0.40454355339678116,0,0
22.36196763613585,111.29952285484602,2,0.233274941411743,0,0
22.49483586530782,90.42707462373738,3,1.310825464164342,0,3
-67.22170495215133,94.4406692161398,3,276.6083775665538,0,1
28.163701891133403,108.70165917212653,1,0.0,2,3
28.614748123426942,97.08103858695891,2,0.0,27,3
18.524952544294536,112.76705538720329,2,0.5212404177228187,0,0
28.94515803668913,109.94554999336671,3,0.48669732280742295,0,0
28.433026752039908,102.34761536010156,77,4.653145589940291,0,4
24.305290928368162,111.05228571840803,1,0.32222974348164257,0,0
22.183316282703046,90.19882960212537,3,0.10925646670287747,0,0
20.0,109.09913720554101,2,0.0,4,0
30.48352383729953,104.68719679745075,3,0.3478417288556912,0,0
20.22461247192351,108.23960593543546,3,0.18035612430498205,0,0
17.0,114.69880697169836,2,0.0,1,0
32.5,102.07424711362805,1,0.0,2,0
24.068538524434565,99.09536304951024,1,0.19443602491142542,0,0
26.518823651007228,90.50373654276595,2,0.4972805366126778,0,0
24.51284819111538,107.94649784626385,2,0.12948611135213284,0,0
22.45406404347497,111.38179170421586,3,0.5764182207037827,0,0
29.656889165603694,92.26516369141831,99,6.236594019557664,0,4
25.748821242452138,89.32936131062445,3,0.09914046983943336,0,0
18.591956040462247,99.53568955573064,3,0.1554334766503409,0,0
27.74311947258821,91.64503152561558,3,0.11506818270845187,0,0
22.006051849668662,91.57641962074133,2,0.44614027991064376,0,0
22.423214306867294,97.78363713856692,1,0.539312275410925,0,0
23.42337426399137,110.84874850251936,1,0.3417074153988544,0,0
18.83693485737929,87.45277095846616,1,0.15348046738909105,0,0
24.684625225377296,111.3783866847102,3,0.1644205915153556,0,0
27.855881869276523,101.42835952428428,2,0.27088577980931916,0,0
24.010377843146355,107.56342998090925,3,0.29202335137668456,0,0
22.799383690681353,91.50442827787325,2,0.16366626097192238,0,0
20.187730801177953,91.33624775763855,2,0.19625957781898862,0,0
22.701005623821455,87.30409144943265,2,0.19413327896596755,0,0
20.43520185355763,108.73479061270204,1,0.0,2,3
27.35523020100361,94.81020305488306,3,0.5767185052581425,0,0
24.977251873016236,110.90000948715476,3,0.14425706378492364,0,0
27.64414577589887,87.83669034323165,1,0.23825257630719676,0,0
30.778986804493897,112.32255438214442,1,0.514736082687147,0,0
23.323443636490772,85.4294583300118,1,0.24645672438456856,0,0
30.024849628673405,112.84026225323662,2,0.32658300576895627,0,0
240.22066513218113,104.39291733976009,2,323.7350563614709,0,1
27.908889431859524,103.2736186663989,1,0.0,29,3
29.182817516064922,99.59215106608535,3,0.07186863821494072,0,0
26.114632355090233,113.21511858638208,3,0.37646801246667394,0,0
26.183310090730586,98.80964170172194,2,0.14873468971366677,0,0
28.09158933987366,107.00205548004718,2,0.24586936777885882,0,0
24.80030800680306,107.47651495272694,1,0.44940635404569207,0,0
25.008728180613037,101.00769190331226,2,0.5836586059546711,0,0
20.58055662434315,109.86746422452032,2,0.21707943210809333,0,0
25.31398306996322,92.20115256292449,2,0.0,18,3
18.616484570133125,95.05591724937703,2,0.5342860334135615,0,0
30.419767785905357,85.63074421658807,2,0.5950474143904749,0,0
21.4135913088615,98.11267360418113,99,6.42314462133454,0,4
22.253938943168297,100.17432050559145,42,0.27473406011310786,0,4
21.573377058000478,6.34559714837262,3,2.767386883968719,0,2
21.746134069607127,98.4533656593496,1,0.15820465460375743,0,0
-75.40298086953217,104.70193618670386,2,283.0643205068099,0,1
17.16538854311309,113.4535992088647,3,0.24664108854969768,0,0
29.050944925887528,102.30643603933626,1,0.46846118502632095,0,0
22.942411262770097,109.24804633648834,2,0.15052014019991233,0,0
18.303636066928235,101.08289099032362,2,0.23779405682369514,0,0
29.435035356332392,7.846854578092581,1,5.5747248660701985,0,2
31.082833918907195,94.1233002202851,1,0.49226604169237476,0,0
21.046574627311248,94.142532861584,1,0.2720051904843892,0,0
-85.76510155562222,105.72865360507816,3,4.223851654944468,0,1
23.677317992103866,103.73842144343595,1,0.0760744208551678,0,0
20.206664291669778,106.82737966404832,1,0.10577726022660272,0,0
25.16233097935829,111.1947786214848,42,3.9412047656983518,0,4
22.753593893436193,100.46788085737751,2,0.054312173239370765,0,0
22.634527750744763,90.21685747658462,1,0.5938893871757216,0,0
23.831377825092925,90.58407693260044,3,0.1093563639102193,0,0
20.211855761766756,100.54232494121034,1,0.3938046475708106,0,0
22.650997620282386,98.56645300305155,2,0.5599089242679796,0,0
27.379863822751616,112.59804195344185,42,2.2826367670868066,0,4
22.371517342211675,88.49075455493488,3,0.09879960501960738,0,0
24.781316577311514,93.74987736127909,2,0.12002465774316562,0,0
18.40295570272736,100.96340455795946,2,0.014012930538800816,1,0
23.733049776838104,101.93752175127669,77,2.2599541133256196,0,4
32.5,86.60885171114347,3,0.34052611493321905,0,0
17.0,90.72063161991,2,0.0,4,0
30.022298026006805,85.62535719423103,2,0.5024650741909333,0,0
18.603700487263758,105.7568559307808,1,0.05848054723990259,0,0
24.215677438361368,92.7468043977995,1,0.1471818273236245,0,0
27.232425716455,104.50277353419794,2,0.497759426928404,0,0
24.163836452092223,91.48998332892481,2,0.14014156086329876,0,0
22.56471280472705,85.43144338216256,3,0.3215781836294269,0,0
18.74587237037359,89.1256283243798,3,0.5240759864840818,0,0
21.77070197348371,102.10860816194172,2,0.06416613145182026,0,0
22.13241915626965,106.2921125440306,2,0.11551029027924287,0,0
27.793790783033206,5.884263356597569,1,1.8607910013648272,0,2
22.921174964224058,110.33997727270673,3,0.048355838148367525,1,0
30.78125065719153,111.52735521786863,3,0.5375449934926415,0,0
23.243775103079273,97.16415028991256,3,0.0624340123413738,0,0
22.12784087279052,102.9597545259111,2,0.27839273017368527,0,0
27.303225119074735,94.76510014378407,2,0.5279121979740218,0,0
21.852139943183918,91.40534098932015,3,0.38134239582833374,0,0
27.690232387826477,6.843682239386088,1,0.7268252644029971,0,2
26.198592613967513,91.52763819794933,1,0.0476051392286827,1,0
31.88219481784565,108.55608603738474,3,0.3524609109422556,0,0
287.4939422966969,101.26289527594956,3,377.13970105231135,0,1
26.137721607069338,112.96084316530053,1,0.15914627176073637,0,0
24.733541793328012,105.45715499382315,77,2.250356963079586,0,4
20.43520185355763,89.91128957527151,2,0.0,5,3
24.126916622900893,109.89818779637329,1,0.15363655748344485,0,0
20.0,93.93931706487531,2,0.0,1,0
23.25893455095296,97.82804001110011,2,0.2465529963401849,0,0
263.8145626052816,100.93440290113037,2,4.774256692280346,0,1
23.747043699671895,4.956478262039154,1,4.1092243432080835,0,2
20.96325843273472,111.63112548274898,1,0.07016339835194785,0,0
24.92426056077462,97.33085409420114,2,0.1331771866211895,0,0
20.65255189125006,8.66451461318239,2,4.87012563325262,0,2
29.687938684468357,87.50137161306279,3,0.3120613155316434,0,0
-64.37110283763695,110.06785490823191,2,25.387834808570318,0,1
28.4539315476674,103.17990901813076,2,0.44283150840698937,0,0
22.32863989790841,109.38470184006985,1,0.0,29,3
32.5,99.14104330518992,2,0.35720711279203243,0,0
22.050310095693302,103.50350823557623,2,0.3596615785588497,0,0
22.36410007272135,107.73538331393107,1,0.17283278561848547,0,0
29.398331562584858,97.21521215796626,1,0.39943882215683146,0,0
28.217584043902285,89.86550117223632,1,0.20556530827713715,0,0
-96.7613900237399,85.760129588439,2,1.177026084668796,0,1
29.868768469417205,94.06748184739592,9,2.4911133383248156,0,4
30.542782665429264,112.96485157640898,3,0.4797217461884564,0,0
25.27919742421765,89.68950912126583,2,0.12360940535102927,0,0
21.875739669176,105.14719586778399,1,0.4637308893604448,0,0
20.064870060152252,112.92498592527423,1,0.06487006015225205,0,0
25.848100488852488,98.87370451195444,3,0.3429701810932215,0,0
22.49483586530782,94.36695518862206,2,0.0,4,3
20.91052570325818,106.43162686111877,1,0.09695619582416981,0,0
30.726000259090533,95.98759017995422,2,0.3822510958866019,0,0
17.054477118092304,113.41850018835446,2,0.04559303562703931,1,0
24.906978549243373,100.22403201282509,2,0.3985610135492905,0,0
22.91903590656315,94.12823950517968,9,3.4439908116274083,0,4
25.282332327149582,96.36647138653704,77,4.177988614062418,0,4
21.760670360376576,110.10818074873151,1,0.0,6,3
24.333669486968347,7.70740190452442,3,3.7284270647559836,0,2
26.413668192253024,108.22403976122281,77,2.5892311417114193,0,4
-88.45911074061092,102.46602702271862,1,343.74574603040236,0,1
18.52698734903285,108.7216949451689,2,0.047389550850404305,1,0
25.55356104799381,107.7787752075542,3,0.5676921574947578,0,0
24.44919190184925,112.27525792160758,1,0.4746754177582062,0,0
31.648038411664057,93.61637713382085,3,0.06602222904635013,0,0
21.665681099085216,108.07751677724761,1,0.38616175110503903,0,0
22.14872937533512,87.18208785331589,1,0.05218131429961659,0,0
21.107029406962845,85.7183879581145,2,0.2815299608526409,0,0
21.769151467104898,101.55063903419385,1,0.5236782763466437,0,0
19.872856914256754,108.96349707320996,2,0.526881238215477,0,0
24.54888890919106,90.76947318353052,2,0.00915954155849974,1,0
23.03826401894618,112.92423017034285,3,0.3378277554396796,0,0
21.10215813499308,92.90420337081545,1,0.3197034789331674,0,0
30.51694989796664,100.26628754228004,3,0.4702075773177832,0,0
24.826422675522185,94.75570192674084,3,0.1880839974495494,0,0
25.2925554095075,113.46820393852781,42,5.041014111276368,0,4
23.904686800097245,87.98991766230327,1,0.2268323743403613,0,0
28.029606558940344,96.58709185897268,2,0.37021246211025627,0,0
31.696248203391,92.16959763267029,3,0.4842711644367377,0,0
21.62320658146236,100.9908660173842,1,0.4981080820884536,0,0
25.9785753353086,95.25616498116058,3,0.5555904046307951,0,0
18.479597798182446,94.4587101349183,1,0.5215723910412677,0,0
24.927996609648588,89.79248380701833,1,0.2634539222879333,0,0
24.18681625392112,101.33383996447506,3,0.004445849399232316,1,0
32.491035603069264,105.37386494004585,1,0.37468744633049766,0,0
28.598514719156633,7.889215362717215,3,1.2201663321731466,0,2
29.935826266098225,104.01337118629752,1,0.47955900588593536,0,0
22.815585696814704,88.5265390045066,3,0.3244822070952367,0,0
29.94772620236737,92.34146791071103,3,0.5352907416825978,0,0
29.63687165956651,113.40369330175477,77,8.496008555175536,0,4
21.028143862310536,94.37709200568871,99,8.827049706718118,0,4
22.897643334056987,90.2536942039106,1,0.35511166457220256,0,0
25.62651232262588,99.90300576577508,3,0.11337160222340614,0,0
26.211854946883747,89.093192576702,1,0.5853426242578657,0,0
28.271501955038772,8.262709180616376,2,0.6340095326558846,0,2
24.155779555281146,106.48149919726433,2,0.5876586048771699,0,0
24.366534291921287,96.78685326679538,1,0.08873983928281248,0,0
22.84700333586299,87.11650191129684,1,0.04574521204777682,1,0
29.121312200183464,107.98471304748334,3,0.4427041659543569,0,0
21.91272301921011,89.94444447188312,1,0.5481915170435876,0,0
20.952492237865123,110.90474351388454,2,0.424015797130469,0,0
31.330038132386846,88.33291626537971,2,0.2618855939775422,0,0
29.92191273458524,112.05225028121926,1,0.4764462195008221,0,0
31.93881659868673,92.6100837736509,1,0.5523027902417255,0,0
21.760670360376576,88.49645090300662,3,0.0,16,3
26.88664757600942,89.7560847549977,3,0.5379771841066407,0,0
29.234668082871373,105.79508080761538,3,0.5523196301904783,0,0
28.163701891133403,97.47366704731759,1,0.0,12,3
27.812717817847595,102.71278309323674,3,0.3563370048187764,0,0
22.86169670980854,97.88970438216805,2,0.28884388936107186,0,0
198.18827601208687,103.08842892071813,3,18.68916911772078,0,1
27.558706573085722,109.0574185850838,2,0.3228248273663219,0,0
21.678789010828464,113.70928569130932,3,0.0,20,3
21.243247768893102,100.23692248010143,3,0.37364130429110887,0,0
31.131119753929553,98.64880952179033,3,0.12252219615281845,0,0
28.41308351499702,6.933305892779462,1,2.1024257333200573,0,2
20.345642179490028,93.91642341535288,2,0.34564217949002796,0,0
23.193145238288462,100.7276416161321,1,0.16587802569292265,0,0
25.254322433115316,101.60288683491183,2,0.08059570549606931,0,0
31.34406400130674,114.09462355723122,1,0.3521842020842598,0,0
21.737441042153826,111.20083353524313,2,0.3557866700017378,0,0
168.75205351737145,89.3912781600447,3,37.96914708419553,0,1
20.73841929644252,110.9369082856801,1,0.047570074557690134,1,0
28.972965885332947,0.7002662740711011,3,3.5070232503605006,0,2
23.10084589181495,104.37783679069118,2,0.4240625314081896,0,0
21.732546694904237,113.66004059511785,2,0.4705016267282822,0,0
23.773484566398125,103.54601028593675,9,0.041428366024149454,1,4
-83.81686094820998,99.18742133602416,1,13.54190682758319,0,1
20.02496578600174,102.8880963544616,3,0.5555908383414092,0,0
26.59702939560257,91.30555310864631,3,0.0,3,3
25.92772384384698,91.57885847514493,3,0.5429786913514683,0,0
22.353152499298066,91.78375993749016,2,0.5676937955668002,0,0
27.348319664705375,92.34235238910782,3,0.5661703914633343,0,0
29.412435460684772,112.36763683303467,2,0.5252455384552412,0,0
29.391586616699342,107.97352878147173,3,0.23481319585840765,0,0
24.48035782592487,104.05970040124963,3,0.042417321673987374,1,0
23.81477498493048,109.67972405441282,2,0.19913659929655836,0,0
23.922145849524135,88.13440950261874,2,0.4901250574467184,0,0
22.599164738577237,94.01861679566926,77,5.231509963012925,0,4
19.93760738524052,85.62834883092738,1,0.28194428600999544,0,0
19.409351181092664,90.87948587257435,2,0.49380899753769825,0,0
22.714150075196727,6.635431093210515,2,1.7147810095105314,0,2
24.116142186272324,91.35237586157258,1,0.3642156396525458,0,0
22.290714389084865,113.14192418704394,3,0.42477477684364473,0,0
26.54351834068886,97.5024718187216,3,0.25940865234771593,0,0
32.35558014397002,90.79044956217096,3,0.5461182673988212,0,0
24.21645571247658,92.70329703161524,1,0.016953888976409814,1,0
21.888598406890946,87.3501465328602,2,0.43333622407370953,0,0
27.936544475172163,107.24809059211626,2,0.13241109325426237,0,0
22.290490472766738,95.44766401069901,3,0.4849904333924968,0,0
25.016691605601533,99.76833569344105,3,0.4252621120434945,0,0
26.59702939560257,107.72580982398534,1,0.0,16,3
24.01533348325374,90.87137920298947,3,0.34207670525571743,0,0
152.048675463912,89.24807726838965,1,211.03142471153546,0,1
20.52305772083321,7.556644528968541,2,4.0151014164104915,0,2
19.154138316423314,112.27961206236347,1,0.5587337746617393,0,0
24.34567353973362,90.45290793283583,3,0.2277176595063537,0,0
21.262045068175954,108.5504963151117,1,0.04866387791281568,1,0
20.155662611231847,104.69435821994509,3,0.37412374570816453,0,0
21.038417904626048,86.95613773781476,3,0.5673990945293284,0,0
22.580438940367156,112.75984161592491,2,0.0,24,3
23.56990036087534,109.85407898347351,3,0.21218555862887456,0,0
24.784185738767555,97.05381011000091,1,0.1913880697495003,0,0
25.517822283941037,9.801955777639142,2,3.960562164707582,0,2
23.805661329472162,89.7707539229928,3,0.0,1,3
22.438577641314343,97.10448598637191,2,0.4519843231900147,0,0
27.26818419542124,98.72895623635526,2,0.0022191356986205335,1,0
29.016229102381015,87.89934502863257,1,0.22209786649332486,0,0
22.765291590055945,91.09669273258262,1,0.2570597333689548,0,0
22.6020118243075,114.76406918435748,2,0.04607397514434908,1,0
23.558466370037348,101.97195891987373,2,0.2136193830708777,0,0
22.917465162015358,113.39369539451216,2,0.4729131630399017,0,0
20.669523514795376,88.2097378352387,1,0.46163869159314075,0,0
27.39497454448578,106.8278002991423,1,0.15197241997411126,0,0
23.092979974350083,99.76976440003546,3,0.013530554640901471,1,0
29.0308299579903,113.40373516844862,3,0.3296659471312111,0,0
29.927397963712615,90.81981868670192,1,0.09690090081723923,0,0
30.0,99.51390689748389,3,0.37509403349891457,0,0
24.879874839675455,88.63908994016603,2,0.27130182178062157,0,0
30.549599231291268,87.75688276231318,3,0.4265831456351492,0,0
22.721967197820035,97.33286807802119,3,0.038904818730259194,1,0
29.652494227896742,95.37848553589609,3,0.37592040708315366,0,0
23.539562885705667,114.39743298347142,1,0.12115145754203382,0,0
-90.53218861596675,98.23737629293532,1,302.7939079671366,0,1
24.340763941969197,2.3237673056627592,3,1.0887354375119322,0,2
29.115276764174027,85.03336282588562,2,0.24501108300415808,0,0
31.23563649345864,102.6763517035786,3,0.48450421063114035,0,0
188.56719945062176,94.6732381244991,3,94.15326269340764,0,1
24.11302918085849,97.97038679210041,2,0.1579833434467801,0,0
27.232899483428163,87.12004570924235,77,1.0950672542497841,0,4
22.580438940367156,86.24152587099164,3,0.0,10,3
31.180542483623203,87.13620152623697,3,0.05290087557346368,0,0
23.656782797373705,101.32595987511107,3,0.5685604960285779,0,0
21.331870023787566,89.55708080536883,1,0.4463449932506727,0,0
21.173426256416903,105.17381494075087,3,0.37375127310089695,0,0
25.40280682956868,109.73051341748048,1,0.20771055709345987,0,0
25.10975144767537,88.20941916480875,1,0.33581447418137245,0,0
22.341485928041074,93.88530296676996,1,0.4380258167140312,0,0
20.37024341342522,113.66344574314202,2,0.5065721764694757,0,0
25.93268965183771,97.021125005034,1,0.17432573192374434,0,0
23.432020792077417,98.65986249425806,1,0.34857693082496155,0,0
23.650506541055307,8.121102530227367,1,1.87945928583391,0,2
22.211232968057725,99.88968313853137,2,0.07264155076986967,0,0
28.340252229234135,87.35608728378396,3,0.31038035539500086,0,0
26.246197753196196,110.31438590974918,3,0.5635754333603948,0,0
23.071284703238284,92.70494723701177,3,0.571284703238284,0,0
30.717574820177685,109.6188218025711,2,0.49348117237760647,0,0
26.90393338593684,89.36268577286319,77,4.878942889895889,0,4
21.678789010828464,95.2878882819455,3,0.0,8,3
22.792823802868387,101.10923268680241,2,0.3314188622128533,0,0
27.417634586406642,88.83549210980401,1,0.012255499773747403,1,0
23.192622303059725,109.3542015505266,2,0.3146095046179731,0,0
22.026452467437604,85.38296279553693,2,0.20089863664059848,0,0
26.865881130170752,93.057388129989,2,0.25575975002064766,0,0
28.212751772861694,7.1381704943841475,3,3.211270941217702,0,2
31.76256875837949,109.71172858410962,3,0.44715355675996804,0,0
24.519854544694002,98.26881416353406,1,0.308076200482283,0,0
26.858935811884553,90.4197262393391,2,0.4434404061779773,0,0
21.81325856104313,5.02006974244871,1,2.46660316108278,0,2
23.4501306114258,86.210524805791,1,0.31020421769175854,0,0
25.430980638427343,96.75227351686834,2,0.4478111729394989,0,0
24.04552764690758,88.8061848418928,1,0.033813265707621554,2,0
23.031048553609807,87.92100681373664,3,0.4290367293023074,0,0
29.99090387948217,110.45253179291532,3,0.003057128066426884,1,0
22.51583350753572,112.1833300639749,2,0.11387676656692136,0,0
21.760670360376576,86.83340728385033,1,0.0,22,3
-55.03302954907985,109.3935337590694,3,285.6138630070248,0,1
25.31398306996322,102.31919254569243,1,0.0,13,3
20.0,90.94392225470732,2,0.0,1,0
30.13864381516316,94.62293242065101,3,0.48601602602722593,0,0
-70.33644535060039,92.69561281977424,2,327.45467446094625,0,1
23.234939437683302,92.49870839192863,2,0.2282317496130375,0,0
26.819974472807335,95.1242408511002,42,3.0869246959692305,0,4
28.163701891133403,113.33454325280348,2,0.0,15,3
25.733416015323435,113.51598462863227,1,0.3716100435190661,0,0
20.15611610554055,93.92950832704841,1,0.5277276661196417,0,0
17.931562116335094,98.42237100470363,3,0.47139358639226714,0,0
21.678789010828464,103.8600978009488,1,0.0,1,3
20.0,96.00165725781397,2,0.3581442060614286,0,0
31.704139202827218,95.81598753554943,1,0.09125258464408503,0,0
-88.48426623050773,113.59764567162503,3,4.291800819424154,0,1
29.87715868744671,107.89559313888421,9,7.604134615061472,0,4
30.7502393666029,105.57628825259394,1,0.2792680984959688,0,0
26.59079133124084,114.73767981106565,1,0.23092338158924264,0,0
24.676195664226235,88.81331472601072,1,0.112290305297158,0,0
23.196700017851917,86.16814050062997,2,0.314763149401152,0,0
25.51847555228956,93.61773084631203,2,0.0842024909843957,0,0
17.65353320410961,109.46384285364502,1,0.5933734594516764,0,0
23.40210729320337,96.34589048584657,1,0.5238787339896085,0,0
18.748210250458875,114.05466332783152,2,0.549658531882038,0,0
31.90437989942933,98.31750094139619,3,0.331323320033178,0,0
31.842201394936858,103.7753999815183,3,0.33212192562008624,0,0
21.515093251315268,89.22605811852584,2,0.1423094281162527,0,0
31.154255200495545,108.31483588616786,3,0.40151891459836975,0,0
27.39770424859434,95.95281760695417,2,0.1885426068735292,0,0
24.219857915376288,98.02058098521626,3,0.20616869566882556,0,0
24.433941275735766,95.86706324956864,3,0.3786284962396316,0,0
20.288013705693334,4.440891382945063,2,0.8516061078881876,0,2
22.131861144219354,86.34733896986847,3,0.591906018507558,0,0
21.02106410313339,92.4267931083966,1,0.2750324063556313,0,0
27.342468334880945,88.23887344332506,1,0.18902973697643333,0,0
32.27455379343807,101.01869640804802,2,0.20508494362228902,0,0
-50.12925336912874,110.72244539952402,1,218.7573698430473,0,1
26.44412528401218,85.5409602947569,2,0.4914665141246424,0,0
18.901875634412924,100.53881583137736,3,0.32777024870240723,0,0
22.49483586530782,97.84143375826224,2,0.0,20,3
20.709134731800678,99.99723870087423,42,6.117850315957693,0,4
23.150540599169613,113.22037735346021,1,0.2415293116934727,0,0
25.661710956983704,114.70855511754823,2,0.018200434063906812,1,0
26.757693122779582,96.48472623890511,1,0.3934944745788762,0,0
21.658142492822332,90.50326589210303,3,0.058447064364894885,0,0
21.924522199716872,111.65977240796195,1,0.4524951858415349,0,0
24.30151264888129,110.48800524947374,2,0.04873319318967617,1,0
19.97976071135142,85.2352477231575,1,0.4232363468652345,0,0
22.059065319479714,105.27468775312221,2,0.10419297935073502,0,0
29.22680542793732,95.43213506677947,1,0.4651404300855475,0,0
23.847116498652365,1.7649547250848494,2,5.111230268249255,0,2
23.718274506678533,100.28526619672606,3,0.14172355867403752,0,0
27.977724370743918,91.3095566885738,1,0.24711904538786555,0,0
21.599306435121115,111.85353222119609,2,0.19122470664693836,0,0
23.264277982114926,108.05403386992401,1,0.009771754328223636,1,0
31.726407211655076,93.63638510004535,1,0.04677704934014315,1,0
25.693679422818285,104.5503938463528,1,0.37736882969073804,0,0
21.715063241321445,89.67983561008607,3,0.4127776314690763,0,0
26.687144804547838,92.56935781209062,2,0.2271724945232272,0,0
22.56656651720048,101.4858860768505,1,0.5557381339070098,0,0
24.596633109484795,97.27547762375465,3,0.5882069369162544,0,0
22.399696550288045,98.34557298482622,2,0.5538608785650787,0,0
20.809115487926164,91.63716089338192,1,0.40909045248348974,0,0
23.788209135447502,94.80227626090122,1,0.5433780204030079,0,0
27.829185299345454,89.93964064768089,1,0.3768623117057146,0,0
20.400025035442674,99.46396296759525,3,0.039968254938710146,1,0
30.5437624973299,97.912657242639,3,0.167444365020895,0,0
22.650117864836673,86.10366750156493,42,6.181641841306558,0,4
29.53927042258545,92.35931493957939,3,0.28501865434022733,0,0
25.18484004640105,106.04695796808826,2,0.5269133481177803,0,0
24.136302974585725,102.11829239916489,1,0.44268598137446347,0,0
18.039488132265728,107.66653415629146,3,0.10754049235724494,0,0
23.430954995234533,102.37943399985814,3,0.08127278151726713,0,0
21.097051966938363,111.43315445069697,1,0.5131712907104067,0,0
-74.88007360782322,85.90484114520517,3,12.335852559116752,0,1
25.009378190981533,87.98484006618894,2,0.15984201522447705,0,0
24.495388658933802,94.47005443492198,3,0.278228124465695,0,0
21.859163174726113,110.221090840336,1,0.007023231542195418,1,0
25.01232726678408,7.195943876414697,3,2.761410620837278,0,2
24.310832988430434,106.26234093228929,3,0.33843370520446214,0,0
28.897201601602436,92.95104754421642,1,0.26946398425138796,0,0
26.875269778378296,98.93050749646426,1,0.3367327329645029,0,0
19.037380753559237,91.27556396223784,1,0.06535003350973057,0,0
28.272817902975756,113.3536734623466,2,0.21059202099726448,0,0
21.31070894608877,96.83428835710106,3,0.14893405782507685,0,0
32.5,103.1832879955892,2,0.012817444944879242,1,0
32.107160133341615,102.4331873409369,3,0.3697479442771723,0,0
32.08387833996304,107.66483971042645,2,0.08948256689238576,0,0
24.115944767569445,103.13838140515665,1,0.2955058732202467,0,0
23.388815938689277,107.53531410862128,3,0.19429635916441512,0,0
30.94118005998936,111.03116379300064,3,0.5491961697707666,0,0
20.565572300367965,89.18481581956125,2,0.13422347366685372,0,0
27.28696666113078,87.67029204688026,3,0.5178532885278244,0,0
32.5,93.74730308727295,3,0.0,1,0
22.320138473074266,114.54575208287427,3,0.36803222363368704,0,0
24.08862466569648,94.73001259346127,3,0.03954934386160147,1,0
22.893807236056947,6.593748046169743,3,4.936039259703346,0,2
24.747550617686375,104.35317029759176,77,1.7417795371461544,0,4
31.679630162314933,113.91452983564541,3,0.12450318382031256,0,0
26.45997231002461,99.94389830644127,1,0.5501052481840887,0,0
29.07289561452572,9.249780402511119,3,3.981304322429132,0,2
24.77177609111203,97.97440001265782,42,1.2438445971069712,0,4
21.75669058635057,111.38804490135286,1,0.5391277274947406,0,0
24.06629587142403,99.42918669658371,1,0.10584272033806741,0,0
22.881581725292648,102.63083408593937,3,0.3815817252926479,0,0
27.05417551128471,100.378457323096,3,0.5662143615905819,0,0
252.41157594405615,107.13730160994967,1,33.99576601647425,0,1
24.623839757584403,111.04813841539776,3,0.1024252372761012,0,0
17.43771082314225,98.22288240814684,3,0.029268323193097245,1,0
23.871941223324825,91.91915920642792,2,0.5684305618202394,0,0
284.0981510635871,89.20970559303478,3,364.1283836614096,0,1
21.965282221685456,86.12044566247643,2,0.5633997000731412,0,0
28.28598150283544,114.37454665301847,1,0.44885376434476854,0,0
24.791693473954417,90.59250565630555,77,4.936435140747729,0,4
22.794923326412203,86.78574101043316,2,0.29087133559953315,0,0
29.261303548355613,90.60317584693388,1,0.5534406543253354,0,0
28.21122779390716,97.79195070404867,3,0.1576503912579028,0,0
20.619555611064627,100.1742766777699,3,0.15674082290089686,0,0
26.855427197556253,99.25325094795507,1,0.05173431391527927,0,0
22.764079291215467,87.00250764552271,2,0.08560743414369298,0,0
23.86846183924464,89.01924600249343,1,0.5005182062061522,0,0
-64.86028200909988,104.69239402689018,3,16.345520251116426,0,1
193.90866567596578,103.02001803116818,3,38.470431359736665,0,1
26.115048920685,96.65593444018126,2,0.3359204942583709,0,0
21.654495973789537,88.26047618124076,2,0.3162190124018558,0,0
24.29423290346966,93.36279617243659,3,0.3653246492154061,0,0
24.46489223550518,95.27935439567565,2,0.42369369169947646,0,0
28.780277143018566,108.7798743025485,3,0.5515105771310793,0,0
22.19771666998697,105.1510205321757,2,0.32562863339584425,0,0
27.96184680501441,109.12608721893343,1,0.532546667049548,0,0
27.793632650477182,92.05466710025252,9,5.611882887697462,0,4
17.7600972978359,111.70791351672749,2,0.5404937808918717,0,0
23.86664556802004,111.40646873456703,42,4.403453248449196,0,4
25.139597252451672,97.33141580668175,3,0.2807044443452398,0,0
28.73483526718021,88.0852777647243,3,0.43867485980664256,0,0
21.776198194552023,103.66253517419864,1,0.0,25,3
28.97774068255051,97.04353022837115,42,3.5432887971315843,0,4
23.83502116668976,101.07483053419244,1,0.3588795736091335,0,0
-60.38550233345489,106.7932407432225,3,323.25180330066286,0,1
20.99870397422928,101.97589220678859,2,0.4332400799666871,0,0
20.37231201752292,110.66043006050867,42,5.584622940612764,0,4
25.434451885418927,102.54460109960088,77,0.3751893404972222,0,4
208.25503165073212,108.99844444877147,2,283.9079959887697,0,1
22.69855044595446,114.09779576035572,2,0.5125485382373398,0,0
22.241722767469017,3.911544458192173,3,5.360333477822586,0,2
24.819465130388622,85.36209805901854,2,0.2834327100643712,0,0
22.227054611958803,111.42685481634257,3,0.11691509108810294,0,0
22.304511342656603,104.48939946977106,3,0.5312781289621498,0,0
24.303610299318603,85.30140943164494,3,0.14709047739933823,0,0
25.172861396837742,107.86855404329847,1,0.3694151303295108,0,0
18.747389517112587,91.28047970010131,2,0.3785747767723464,0,0
28.730175006713804,89.51832859205557,1,0.17525633291591447,0,0
22.770942890512316,98.30140043137563,1,0.4710279479458137,0,0
31.70246454463689,108.83656883265117,1,0.5433646178990088,0,0
29.151937114245666,111.9481799347766,42,4.882392659280896,0,4
28.054264238261226,111.93387419176078,1,0.48285748735782263,0,0
23.684367384801945,99.01782988022508,2,0.033827114107626954,1,0
20.069678303867562,97.96230648832588,3,0.15339957139498495,0,0
24.189408420801275,7.903694520535126,1,2.1625263950177,0,2
29.06471580865204,99.28170106453186,1,0.4838175228153361,0,0
20.0,97.3288182410771,1,0.2166997115025211,0,0
18.227286432749885,87.22133955202271,3,0.32552441602313564,0,0
23.605035876263354,102.12559076632938,1,0.06745970486119646,0,0
26.708410597048548,102.81117348854303,3,0.5194875208441445,0,0
22.74569584496642,87.62250423613251,3,0.4893134923802158,0,0
31.654374932111004,114.72404067837815,1,0.1081938262684865,0,0
25.468365102699867,93.36551590260294,42,4.43086632150742,0,4
31.870616185977628,95.89567588272547,3,0.4894687204953989,0,0
25.28965896724464,113.34122145017446,2,0.5598701272566515,0,0
22.29282974345154,99.52639418042925,3,0.562577628693365,0,0
22.95568693883627,86.31217216926842,1,0.09263986408146252,0,0
22.580438940367156,103.9696793783275,1,0.0,4,3
25.182887398739243,97.28002018945129,3,0.5807731775517944,0,0
20.331963150655618,87.4477489116078,99,5.136401952044249,0,4
22.228148765066877,101.33490877311596,3,0.5058530204194511,0,0
22.5,100.44788486177448,3,0.0,1,0
23.90783789124148,98.73293838112403,2,0.3078395471198867,0,0
21.470797547355584,106.77939729955887,2,0.4419254718545247,0,0
20.816455570807957,93.21964298409915,3,0.552226272665095,0,0
27.29085163340254,89.19756931680982,3,0.022667437981297667,2,0
27.55461713098246,111.89169664258078,2,0.0,23,3
-81.85306103873309,93.20151754341336,1,14.407776163312718,0,1
26.29890606634775,105.16788819797698,1,0.1483349547186279,0,0
23.46996052895316,95.80409222414558,2,0.2842649161069879,0,0
22.893150141014747,97.10803007084773,1,0.46403579432704234,0,0
23.995293331207126,100.5404604672556,1,0.05352611370247118,0,0
28.007755214581923,92.57989006513847,2,0.5947250421642067,0,0
26.40407784347004,99.74783640224311,2,0.35937032795959567,0,0
23.438929489092875,109.51306399007845,2,0.006890758026532495,1,0
21.332024756060097,107.86098163117154,3,0.06501750653855964,0,0
17.528638090430444,101.28173330042789,1,0.2327381333605203,0,0
25.102897840452993,104.74851350278472,1,0.0863767770724273,0,0
29.722213709670058,114.34671005744124,9,1.876172456225376,0,4
28.401541045058394,113.0786546118581,3,0.19234254739669865,0,0
23.482159173693802,91.33020075122579,2,0.3595922146842696,0,0
18.00320928880868,89.57617128742784,2,0.2486863611760768,0,0
27.06689053861812,88.13114374248487,3,0.4840893070353509,0,0
29.4809248852145,97.97001699635996,2,0.13896697808882763,0,0
-93.0280836425013,104.6375440057438,3,273.1898118115821,0,1
23.330991192293183,93.73589364989873,1,0.3231184917515364,0,0
18.660063692499204,101.83831592708489,2,0.3129420583402762,0,0
31.008597557776735,108.38825927627396,2,0.5338025436248834,0,0
29.410270826575747,102.08890312809991,99,8.004479539944924,0,4
28.094785841221682,103.78644972575636,77,6.214298309752596,0,4
27.2565699327038,100.12210239245273,2,0.3506113902493979,0,0
20.01504399326833,103.120149932185,2,0.2785517006190723,0,0
28.614748123426942,114.20521550720709,1,0.0,5,3
32.32991794111674,87.46699664531802,3,0.2373564396750254,0,0
31.852058325758588,92.96632554409724,3,0.30097365764932604,0,0
22.686179570937995,102.00442977606036,77,0.5489680427178207,0,4
21.186027396630788,86.29300326844972,2,0.1772075348969544,0,0
31.512010373828716,96.51321791066871,3,0.5702288039489218,0,0
25.406681359529394,109.07920937058789,2,0.25617654128745215,0,0
22.810543711738184,93.61797492975244,77,4.248076897224379,0,4
29.789418121813775,3.9682755157208813,2,9.016483190309117,0,2
30.694099835772764,85.00728803303538,3,0.26004416640275707,0,0
20.455042377902963,113.52904559357198,42,9.20047536854834,0,4
17.0,96.93566797137225,3,0.0,6,0
20.355946466260615,107.84531895152416,3,0.42840998153659626,0,0
24.138115243798136,107.14452264525069,2,0.3425222158885788,0,0
19.81582100620967,96.3728214601581,1,0.582367933614055,0,0
21.678789010828464,101.50792293577534,1,0.0,28,3
21.206884678462405,100.32990375803027,9,0.20921345224100563,0,4
20.651696114539256,102.44274684607261,2,0.5707308082678821,0,0
28.038582511198577,86.60729678822224,3,0.08437500939180609,0,0
17.175100689597922,102.12334914006736,3,0.17510068959792235,0,0
234.2633178816585,96.62000262570078,1,288.865181955606,0,1
23.04272160568202,92.5959672103843,3,0.15219948529808036,0,0
27.326719700006684,113.5956293111742,42,2.6385010192400387,0,4
20.431095208360663,112.34025448649226,3,0.0942767187352267,0,0
27.915410063332004,111.47816871186525,9,2.0688090316143892,0,4
24.76876453145616,107.25933188541958,2,0.24604908762431066,0,0
27.92928602688943,106.1231308231491,3,0.345791745762849,0,0
28.23865674481556,111.6924697088614,2,0.3160402422359887,0,0
22.02933248260053,110.45276137271574,1,0.29027559235045786,0,0
21.229918019253372,98.01554947713919,1,0.39215775610798076,0,0
27.91569469789368,92.24518680568184,3,0.5955364070183293,0,0
21.433501540537215,2.0969257537827932,1,7.090053063337635,0,2
28.84440538248535,88.78850417753706,1,0.20286421838033775,0,0
25.880387782299817,98.24641866639492,2,0.2337848758460659,0,0
32.3013656954814,91.7048294276752,1,0.026547507452725938,1,0
20.44292720582093,7.62255618601677,2,1.4261681424498427,0,2
244.14455323526818,89.84762505274205,3,316.9994466613872,0,1
27.378348386983486,5.609965288357611,3,7.101449519395732,0,2
22.246942256996142,100.2508164074884,3,0.10841722855052893,0,0
19.34187484163958,111.88273899770479,1,0.3689281861968752,0,0
22.447723335030588,111.31271743054566,2,0.2690789180983728,0,0
31.65854525695341,85.53635452104454,3,0.22302539088179074,0,0
30.05603912394487,87.65898924248742,3,0.5751142387303716,0,0
25.880547658468156,2.67941391672876,1,1.000971260560668,0,2
26.250088252861342,96.87811678587849,1,0.21079548264848924,0,0
22.96302134135244,92.92828789475918,1,0.12286514573655438,0,0
22.17798657412352,94.68869418823738,1,0.01956041796143282,1,0
17.0,96.6788684212593,2,0.0,2,0
293.48233630938097,97.09691583842464,3,45.2465409917063,0,1
23.637521002479506,86.14608351272173,2,0.03248512621615163,1,0
20.08198298129351,98.18523341342656,1,0.08198298129351045,0,0
24.985868890499052,89.41826690656274,2,0.39901069308707093,0,0
25.0001500151797,99.37545632889193,1,0.022898142163462865,1,0
22.810568333800838,101.1406811609171,1,0.22334940393303526,0,0
28.940546127021445,5.217926233600128,3,4.352647474117866,0,2
243.48862645096972,94.08188131569122,2,339.72088163952515,0,1
23.266185939886537,98.08144893917763,1,0.2698923262033013,0,0
25.73874095658914,98.52710959279445,2,0.5968414133044924,0,0
25.968999320242006,97.33340250984546,1,0.5698851273722809,0,0
-99.11010016395254,107.93197607687722,1,34.682812257164,0,1
26.791138141854148,94.99725221652183,2,0.5706327948250838,0,0
20.117697549969122,104.5491928143183,2,0.43607891561859446,0,0
24.53173411893882,110.2891720614569,3,0.0,16,3
24.817178092610536,112.20956555314731,3,0.18787524287958135,0,0
20.326847790067774,105.4902032024907,1,0.48666844709288526,0,0
22.20467738750771,104.56672778636417,3,0.014799517654481065,1,0
29.232737395763415,97.19771612078416,2,0.5007216798932177,0,0
29.032083249834052,90.0159138840441,42,5.547129767374024,0,4
22.026882025783575,1.5625364660775127,3,0.6199277871761133,0,2
22.228867773377637,91.47463082490529,2,0.32399226371833123,0,0
27.36351626857853,108.93407116625824,2,0.49584715417700664,0,0
24.987473385344074,103.4620226412772,2,0.12106884053108757,0,0
192.88913394809825,89.5219722188941,3,104.15917696107564,0,1
23.970917332824484,87.69102757044537,2,0.1951691059712637,0,0
28.665742886485354,107.28464504754598,3,0.26152442834708367,0,0
22.959164820623176,101.11827021004115,3,0.1869849207928702,0,0
21.460182636413958,98.94564342439813,1,0.19436380734076053,0,0
19.594158285458608,98.78994611207983,1,0.36835858906079366,0,0
31.068152538409304,85.00473233734171,1,0.39633187230255373,0,0
23.301810231528798,96.35425152182114,9,1.0180656927227751,0,4
20.556407726877378,8.10936575060499,3,4.008709840340526,0,2
31.403057039467186,90.09377918652842,1,0.5868436162421489,0,0
28.121254578540253,98.33439933933373,1,0.2644478552786431,0,0
27.55461713098246,102.23700710980143,2,2.2847549477181808,0,3
27.41993415935271,96.2649586606216,3,0.28449090284142287,0,0
25.177344220434495,99.70937468229485,3,0.033716987322574,1,0
23.137129530267497,93.43853690659103,1,0.31320278374613864,0,0
21.825971310870994,6.357584461676841,2,7.5387965562054795,0,2
22.88629098835648,104.63026016478159,2,0.22466641294757395,0,0
24.714474186344066,108.33954914712811,3,0.06375096575947481,0,0
17.092240394203678,96.39077224501801,2,0.2886918798824496,0,0
-61.04479063306767,93.55477088530202,1,327.83499443815117,0,1
26.796699732515226,7.668028718854046,3,2.6303812313211097,0,2
24.361490127369137,93.19778580994628,1,0.18541345713736135,0,0
25.736603502238413,108.440686551856,3,0.06706439378951146,0,0
26.189533129927522,91.74660340676596,2,0.3008455799944656,0,0
29.654581784398033,8.188172011528614,1,5.751182644278494,0,2
29.24608306514577,108.39462652030204,3,0.2747270401261872,0,0
31.3943152134382,103.13142157248424,2,0.3614058039543906,0,0
26.86821215992296,5.894347868296047,2,3.7797740684983694,0,2
20.590104895224197,90.15081723116349,3,0.24257531541819688,0,0
29.70681812685316,109.16742479323702,3,0.037596951207810037,1,0
31.157624223462996,95.78335078546718,1,0.4444929942699609,0,0
31.5717080521172,93.82965232693708,3,0.19660840201787977,0,0
26.528180236539406,2.7054143613608717,2,4.999291780091443,0,2
18.493169418053725,103.69894380482674,2,0.43572411105071396,0,0
29.36962348974445,108.14639371937133,3,0.39417276745537677,0,0
28.901358514560027,94.17231872341873,3,0.20767077079598906,0,0
20.325631999567197,85.40919537507644,2,0.45784595388662197,0,0
25.6772603001538,102.9568897965328,2,0.3412865678553558,0,0
18.308784297151963,93.35939392709834,3,0.5382254985000117,0,0
-78.76582541515198,92.57228755210917,3,28.274086027922245,0,1
20.97938365382856,108.71525143519469,42,3.0685322893767832,0,4
27.691522867310383,98.5847441585298,1,0.0107508485064578,1,0
21.551770819432594,98.97176733002493,2,0.5221208645539086,0,0
29.0425098669518,95.69788527958617,2,0.25456445505672676,0,0
17.0,88.12325745953721,1,0.0,2,0
28.269002037180787,90.23941557688988,1,0.057774243273627235,0,0
25.70020258544939,92.19459856619771,2,0.4049670235425289,0,0
21.149867423675747,94.5276038578335,3,0.2983742809514389,0,0
21.776198194552023,113.94469376416743,2,0.0,8,3
27.48657277825937,112.27016766507109,3,0.5137119392202649,0,0
20.254623130461113,86.88068864865598,3,0.2483717849468583,0,0
17.219252238212384,111.73429341094213,3,0.5482081056593096,0,0
21.05292858255945,2.7746808873037447,1,2.9993292467338897,0,2
25.544624633384448,93.48296371180295,3,0.13533223054775334,0,0
29.00922230583384,98.6228978013261,2,0.5135210414844273,0,0
26.370344253778494,111.97746754867607,1,0.17841954402883786,0,0
24.087195066022726,94.70573841211113,3,0.3118180847735843,0,0
21.738653738916195,112.36622713747546,2,0.5226276273106301,0,0
20.0,108.88205576190812,1,0.0,1,0
23.650540270694318,111.31382685695505,1,0.4253814206551674,0,0
26.70416946334027,86.17759159213,1,0.28493972397599876,0,0
25.89741168362125,110.76016164788489,2,0.07808673964403212,0,0
26.84474858799399,92.01222376110233,2,0.053213865161186646,0,0
25.467071531228864,99.94999084882711,2,0.42398062399990266,0,0
24.072188805598586,98.75090438278919,3,0.1756888502737084,0,0
29.57850953985107,97.28343812881927,2,0.23438273954926103,0,0
31.74017979245828,87.90854177880144,2,0.31637643902786294,0,0
19.650050855897362,97.98448006628408,2,0.05589257043875406,0,0
23.898947642129997,97.06978770275984,9,3.0061186779813625,0,4
22.32863989790841,104.46544986083545,1,0.0,13,3
-68.08142352146962,114.78443386766617,1,316.602551750053,0,1
23.424999930081373,1.2300698876817249,1,5.892885500430367,0,2
27.486016595521598,104.83339723433178,9,2.293382450643154,0,4
24.318252678896375,94.9873628869421,2,0.1516310178399607,0,0
29.380702024728063,114.90201310883144,3,0.5393945180869935,0,0
22.889531988174287,100.01872804211254,2,0.5077655096686051,0,0
25.31398306996322,103.74420573199782,2,0.0,4,3
27.47644612596773,110.50356604168336,42,1.697729357189516,0,4
21.415589544359467,92.26066239942631,2,0.1652258962751212,0,0
22.32863989790841,93.55468866225054,2,0.0,8,3
22.361521469187352,100.90157017637142,3,0.12064172184769717,0,0
23.91640570547585,93.05671421861923,3,0.024978703372898536,1,0
26.320108759458172,108.21808386471017,2,0.18443843148609673,0,0
24.523141747634774,107.03341833396064,42,2.875413728515916,0,4
26.197048238384134,109.59604442581015,2,0.22436957435810356,0,0
29.11094887784998,103.1521376031323,2,0.0023226969370320205,1,0
176.27622955562714,89.6873234275575,1,246.20784820612383,0,1
22.08305392210005,85.97977182353488,1,0.03788658322407912,1,0
20.797636056451243,110.33648195605211,1,0.43445118118717474,0,0
27.686309298014187,94.517656493491,1,0.3632232353087268,0,0
19.96982284656628,93.11179859153577,1,0.16771929743948633,0,0
32.092218399233,101.97453978578405,3,0.4023956849912338,0,0
19.106667280444366,93.78466110102895,3,0.358457029985491,0,0
27.881531400452044,86.57041535293939,1,0.2849876514202023,0,0
23.473041014162188,85.74091893058333,1,0.17983670604309054,0,0
27.598492012264284,107.9728996314262,3,0.26470370324476633,0,0
23.398018028819582,93.08318338910965,2,0.20487279053111962,0,0
22.652431030754855,87.31562590679404,1,0.24406502141148678,0,0
24.192677005854577,103.99454126782067,1,0.5479049605742183,0,0
24.272759514749094,99.10888668074725,3,0.5041365759871539,0,0
212.9480764006516,95.76284702398414,1,276.897024435514,0,1
-86.56014519165112,90.6936033230373,3,316.889027595991,0,1
21.39749629155193,92.4003659356487,2,0.5888020562074878,0,0
24.41914310286369,107.65811261490424,1,0.49305068146077957,0,0
24.118945277817136,106.87101228488483,1,0.4632887605146294,0,0
27.227898117892693,105.38655509718052,2,0.11325673169346828,0,0
22.536932858339835,92.43192968503473,3,0.09647992508665126,0,0
30.671390652136342,93.38327266707682,3,0.045006871185073294,2,0
23.13150413922466,111.16318191239743,2,0.015863970993382992,2,0
22.960585076559834,85.98399622830688,1,0.27012521009149637,0,0
25.825162849376316,92.09829348122523,2,0.13702349318281293,0,0
24.241508800582665,92.26542154518259,99,1.8913551377486328,0,4
20.64837699878199,112.29829431563176,1,0.0794190965081647,0,0
32.092561501441715,109.77014337938434,2,0.5255854385513956,0,0
22.580438940367156,93.99829770441374,1,0.0,17,3
30.319699583548882,95.60646562613012,1,0.10507412657975834,0,0
20.71899418657496,7.298900880125725,1,7.981485779488956,0,2
21.760670360376576,94.8182557999435,3,0.0,11,3
23.53767203435867,102.89180799077384,2,0.040176250493740184,1,0
22.32417306895232,97.19099215832384,3,0.46412253208904986,0,0
17.02220079710067,88.82740908386691,1,0.08200854452438477,0,0
26.44355513686192,91.63664542546897,3,0.3126135425158445,0,0
23.554854216241498,92.27061085410287,2,0.5727405878123157,0,0
28.448056670360003,92.75856313931429,9,0.2772527959430704,0,4
-57.061235738576755,114.57915831851031,2,14.41076167437835,0,1
30.557763862677767,85.33084252806701,2,0.08414069025018378,0,0
22.49483586530782,102.24415674616841,1,0.0,24,3
23.20385811111548,95.71725904510409,1,0.10341882490600796,0,0
24.130645520091775,110.54274873235288,2,0.5905896177879768,0,0
20.0,110.08236702385842,3,0.2920234746840151,0,0
27.576640240900183,86.1867251968784,2,0.13866314783181366,0,0
32.164848480640686,106.00564777882158,2,0.4316745402026818,0,0
27.338809732737417,3.204226238189124,2,0.8106294961980112,0,2
17.714045930855676,87.30939729486379,1,0.325442201410052,0,0
196.78352247066368,106.20083141027544,1,292.5150835043354,0,1
30.687248671920205,92.0082709610871,2,0.4408255669384289,0,0
28.166519051872246,104.30109175209282,3,0.5546585920851861,0,0
293.8046612048098,101.29354915591776,2,94.98431290331641,0,1
21.69022150749689,114.50701619540989,3,0.3824882753808616,0,0
23.599667264943516,114.35576405167421,3,0.19726745487619013,0,0
24.016589077489368,94.20382849330304,1,0.35094800296711526,0,0
24.324397886206665,100.52203869474899,2,0.2965740254849294,0,0
26.810631750507515,92.77105432310042,1,0.3459302498049972,0,0
21.912030490600017,109.23107107132171,1,0.18524755555661088,0,0
296.5862347500673,114.17453686828478,1,127.77905044859526,0,1
25.07819199371974,102.21884552504889,3,0.5331173681983188,0,0
21.54834923163119,91.12106903886696,2,0.3600851624389918,0,0
32.01906364221253,108.90962964276956,1,0.44735559009533077,0,0
23.71793895782744,86.47445171035531,1,0.03515880061072707,1,0
25.36180597180437,99.4383385365771,3,0.2067008247530353,0,0
21.067149718683755,101.49992456462073,77,0.28509314957280907,0,4
27.270403331119862,95.33685723963626,1,0.0978638523405273,0,0
20.168933550715185,5.0571515440686845,1,9.611408338141665,0,2
22.51446635680188,106.07196163241795,2,0.2763090409514781,0,0
29.997723574969417,102.76570541287654,3,0.23113613211011952,0,0
23.868522461557156,105.43353561894949,1,0.38262078055838344,0,0
29.07639293309544,106.46081920149409,77,7.310851010667037,0,4
30.0,92.2213775699052,2,0.4958166234856627,0,0
22.30727785975851,108.5095903822343,1,0.016787386991772735,1,0
27.61211515165474,108.12318064631822,77,0.49460541596937446,0,4
23.43905992446328,100.50208134820193,3,0.5437495350095567,0,0
24.53173411893882,91.23664165789434,1,0.0,10,3
25.117348587377403,106.28166465473159,3,0.3954752588196584,0,0
27.15660931781265,107.18743531665228,1,0.11537117945987774,0,0
29.345404728534618,101.97234851839868,2,0.5491579755271054,0,0
26.389764968869457,86.64234946778785,1,0.5871359341276623,0,0
22.932319070360922,90.31449368342157,3,0.4417707052530062,0,0
21.958355922521164,86.05934064820717,1,0.3131889120337128,0,0
28.503627876578506,1.142898598250842,1,3.028743545083792,0,2
21.32464521264618,97.89020090065443,2,0.37219330795164396,0,0
23.308973010390062,110.25800700375426,3,0.447276300581521,0,0
20.698961805708443,89.7070787243836,1,0.07671542373682527,0,0
25.987366050196545,91.32379304650085,2,0.5147581331471969,0,0
28.743870373028095,6.18798357187611,2,4.328802940136384,0,2
23.322051980583016,106.9736388740119,3,0.5771479088708489,0,0
29.440402123041,110.58868341021247,1,0.06847911922070082,0,0
25.475877653362733,86.60043990966693,3,0.11178986284736325,0,0
30.34374916320393,96.40723499240171,1,0.5974308967854292,0,0
17.548916109937657,105.05929659773292,3,0.3949348951319216,0,0
22.963049951653275,97.13558573374705,1,0.0868892711613185,0,0
27.108271561779862,100.41627504334701,1,0.4902204504844221,0,0
24.647735200888544,100.4445206178907,2,0.06563369399680141,0,0
28.074725049904412,94.10092846642512,2,0.03883228183357801,1,0
31.397519615419426,102.71768973215755,1,0.2768754908337492,0,0
24.998326828689258,93.87779046940865,3,0.37915075821426214,0,0
24.405859160723466,103.10462999789365,1,0.07279211329940694,0,0
23.493270359759112,110.30447478442858,77,5.667216402317322,0,4
22.32863989790841,96.79851009978373,1,0.0,4,3
22.625436185286127,89.27669665099347,3,0.5387768004564002,0,0
26.48266357456908,92.2480382930729,3,0.5800089220970719,0,0
30.33731124658063,90.67051848239491,2,0.14852662878102407,0,0
27.179290720622014,107.87960469734453,1,0.26092134105390485,0,0
27.908889431859524,87.47374233951862,2,0.0,3,3
28.614748123426942,94.88161965959789,3,6.9359591125984785,0,3
27.908889431859524,87.67843228837448,2,0.0,6,3
31.338936799366866,113.7475351669751,3,0.4585678695842752,0,0
29.98604952452758,88.94712135636779,2,0.59204734579221,0,0
30.0,106.59878618108439,1,0.2910552962008772,0,0
26.58280123158277,92.38812202309519,2,0.23965569258520603,0,0
31.731415790502265,99.21759282733575,1,0.49072058150138176,0,0
22.82205055446049,109.16946416090026,2,0.398836247593195,0,0
27.979453583744807,105.3202553824455,1,0.25220791990819436,0,0
30.335955969815014,96.86467228550711,1,0.03532288864953159,2,0
27.018555106506202,0.8686429782939789,2,2.4384088633467442,0,2
32.222136372003646,103.28705601695393,3,0.05728789136296086,0,0
28.87141998694144,0.9678218133787466,1,2.618582478145459,0,2
24.741226524237117,104.84014341508637,3,0.5853841975001508,0,0
22.464342807936557,86.91873690457419,9,4.682879210157704,0,4
26.175303284572973,111.82163815611659,3,0.004292275606310625,1,0
29.483066253129692,89.06550620682262,2,0.15717872110659314,0,0
-61.58175036536998,110.90035313569182,2,2.321558998368779,0,1
21.678789010828464,100.9052430930137,1,0.0,13,3
22.67710296475275,86.58867401353973,9,6.9797862008509455,0,4
27.680324542540824,0.6201047133001757,3,0.9181901766158092,0,2
17.0,110.39356875203555,2,0.1254485213479164,0,0
25.25175789934224,8.430010570381192,3,3.3445977970442904,0,2
21.678789010828464,91.98339053312436,2,0.0,15,3
20.160984310574037,85.53621804200242,3,0.5494881724363658,0,0
236.92124860405627,97.69043338725288,1,49.415207067000864,0,1
23.805661329472162,110.0271528892192,2,0.0,23,3
25.953559899580803,104.61489891483033,1,0.42223929358033985,0,0
27.20570504259351,94.27804334499086,3,0.4435911317171133,0,0
-81.41884948211161,113.89343978154639,3,17.63088882278224,0,1
28.650632584629136,110.96935109118196,2,0.005116152951636366,1,0
21.126464566148957,109.79372398323224,1,0.006302846937430218,1,0
20.553776465587717,93.85904432715498,1,0.12930254670326846,0,0
29.47956974421212,96.30431883322638,3,0.1792287702514237,0,0
25.779180975505323,94.46899646101457,1,0.17583216952713698,0,0
296.09108753598855,91.79331286311677,3,378.641340770893,0,1
26.375799193161143,91.89884246203103,3,0.09983419425965678,0,0
20.63319246972321,9.866636001813465,2,0.1902652639022797,0,2
29.045438646213913,113.2690281370362,3,0.3811977797061381,0,0
28.495126983642468,106.15189852616138,1,0.5508261333001307,0,0
24.743438160158316,113.90080961338114,1,0.26206074947324254,0,0
25.31398306996322,93.15306093021393,1,0.0,15,3
23.237379816426692,105.75332917425948,3,0.40366055503406884,0,0
25.477710213606443,94.99899579611575,2,0.11577600907174812,0,0
23.957754739513938,89.21658902735082,3,0.2259290829362861,0,0
21.871571500250425,111.32051359398517,2,0.5196316655696727,0,0
27.785733822677578,89.69587640247224,2,0.4849363925754062,0,0
28.634335364756858,85.21289597484662,1,0.0638734093924711,0,0
24.90040206440562,4.34648441981913,3,1.8769644460155277,0,2
23.593192004483704,89.2415066264902,1,0.35469405150910305,0,0
23.311958096045124,94.84699317035017,2,0.11183423885793076,0,0
31.29121921421743,109.06866449091063,3,0.1855457949564645,0,0
20.42819550626649,114.70667603845222,1,0.458931301054875,0,0
25.122185494248026,85.11490871500968,1,0.5325289444137802,0,0
24.589656549834245,101.89493165361864,3,0.4068186819751496,0,0
28.998375023944533,99.92698250166177,1,0.5588425184360268,0,0
20.43520185355763,91.47599192978466,1,0.0,3,3
26.783517742356196,87.73734523912766,3,0.05025620793146501,0,0
-79.65679462303501,85.86941770749928,2,11.48273638590301,0,1
29.045518103537553,97.65322725808377,1,0.2159285229797021,0,0
25.20868259690381,98.37708119130245,1,0.21995445192780494,0,0
22.790775397753357,101.34474027020295,1,0.5079432252167244,0,0
29.20300270572748,4.766827040364214,2,6.251442317509095,0,2
20.550211283510546,94.50766015468832,1,0.4213640058202266,0,0
29.561656838882705,97.72479049017967,77,4.26991230706421,0,4
20.0,97.76069488809951,2,0.018222967094359888,1,0
23.97328006541745,92.10161427561499,3,0.34708428068411123,0,0
29.739939393447997,93.53621830816168,1,0.5334192695185074,0,0
23.0711884407799,107.66311817546743,2,0.3366261633084271,0,0
30.0,108.3554764018499,2,0.0,5,0
25.538163551561453,92.24976762457555,2,0.36016509930249185,0,0
22.975131825069766,113.10873469093188,3,0.4948287038833925,0,0
21.716589557187227,108.74674607774111,2,0.19964592499576028,0,0
24.235354822226086,85.78590125596195,1,0.19858645350968018,0,0
23.707770533400904,102.3080837003452,1,0.3794245326218224,0,0
21.80979577605995,101.22129864748591,99,4.5299383083444695,0,4
22.903832733737413,110.17439824212258,3,0.14065907951635026,0,0
21.776198194552023,86.33980086631671,2,0.0,20,3
20.70458025107384,105.51610374727096,3,0.188484404688964,0,0
17.137878540348606,110.25486330274816,3,0.08936773581589463,0,0
23.879339025393886,114.48218622731159,2,0.4339540863353335,0,0
18.261909127770057,97.76309315849251,1,0.2115849163149086,0,0
23.351032906265825,98.51112808774556,2,0.48398826042393495,0,0
252.41353871002798,91.82831735925318,2,306.34365931001815,0,1
27.646116426127712,110.80743432932394,1,0.5792258875095904,0,0
20.475888236176846,95.56692925212236,3,0.5426623623823126,0,0
25.465942634972446,1.3386428331998896,2,5.377279853636214,0,2
27.888701098180803,89.27930312069529,99,6.928944131219673,0,4
31.2595857384711,114.38261541032799,3,0.4818749411988108,0,0
23.606093647759014,110.94984928623329,3,0.4934720796525198,0,0
28.40670876628284,101.73430377206303,2,0.5809943148661496,0,0
25.31398306996322,93.75900881952606,2,0.0,22,3
26.903385206551043,112.34017570235892,3,0.1696541016556914,0,0
21.767049554462762,98.47116303790378,2,0.5700340054595401,0,0
26.44602841174086,97.12956304312877,2,0.2341734648571112,0,0
28.098815857057108,107.53461110936735,9,6.11804465647079,0,4
25.375302484161864,105.78726733074303,3,0.06006759087736668,0,0
19.190561621095025,92.25556872701355,2,0.03558069402720676,1,0
25.64660290645375,88.45032810484294,1,0.20822014418071078,0,0
20.558270947900017,88.38574434138286,2,0.5729177001571486,0,0
24.682333018562055,88.22351657886725,1,0.1152523145731763,0,0
23.2745731914162,114.82990908057144,3,0.557291723032229,0,0
23.188772842061816,2.1751431107963803,2,3.5170276662075395,0,2
27.6050200441724,5.470191093475257,2,1.9047643022651997,0,2
28.163701891133403,92.31151396502578,2,0.0,16,3
22.721377334653013,97.17143272542843,2,0.13851469803951133,0,0
276.74100630281623,101.1769158200945,2,373.6848625365279,0,1
278.41429983545754,105.6574961793647,3,344.275324825751,0,1
29.10337364812792,86.13352665436739,2,0.5520151887032618,0,0
28.163701891133403,99.7341560708748,1,0.0,18,3
24.53173411893882,93.10007443363585,1,0.0,25,3
161.4929720894473,97.7368371461967,2,96.92133283650722,0,1
24.629302849730955,88.10425190939753,2,0.4749788778722319,0,0
26.59702939560257,103.85918469890703,2,0.0,24,3
23.929864698207336,95.83648176927436,1,0.391243552915995,0,0
23.562471807848148,114.042291443522,3,0.41943327479280157,0,0
31.169271807286087,95.05669540640716,3,0.1925122305501965,0,0
28.78069820416838,112.8209922838466,1,0.4793437014646038,0,0
24.991405565651696,94.35638307291175,1,0.5881306153042374,0,0
26.70243233207093,90.52904190850298,1,0.2618099960454323,0,0
20.853069518763817,95.64495566629488,1,0.5697610862147151,0,0
31.223481336469018,111.03242170245193,3,0.452585880445433,0,0
24.955071145659126,88.37771399587584,1,0.2704459202818299,0,0
21.64516701048745,85.15688840628738,3,0.0650718169584188,0,0
20.459245574023797,112.99578751147055,1,0.10740154356314591,0,0
21.878197274920623,86.0401080017945,2,0.3534939344402268,0,0
25.393701599855845,108.93994105657671,1,0.3542371091325478,0,0
22.48400355508521,101.64195409847062,1,0.14143263020091723,0,0
18.756715769862954,103.96792863758591,3,0.09670602033365228,0,0
20.528655296794554,92.22078135497514,2,0.5316910052936485,0,0
24.72554587403327,111.79270615586245,1,0.4163626250484711,0,0
17.08225848981403,96.49415584748492,1,0.09747537012951213,0,0
28.28378343358127,105.29451248561813,3,0.21080474717817665,0,0
21.776198194552023,85.0099047777843,3,0.0,14,3
31.175099300333915,112.52277558413503,1,0.17659147335234948,0,0
31.071202983210966,97.08197109600899,3,0.40135764876736246,0,0
32.30263534383001,89.8668871328949,2,0.07583771093779035,0,0
23.308670023353894,103.17337748358071,3,0.21254476768201158,0,0
21.70433201879996,3.8483964517927784,3,7.7445582433495765,0,2
26.955287825486874,87.49669198624217,3,0.2365995051484191,0,0
31.56747606660142,87.51042964743093,2,0.5656822183303767,0,0
22.97664505929314,98.2393333716538,42,1.5769388206581034,0,4
25.8185094252888,111.93893940543366,3,0.3087395739306018,0,0
20.35814420606143,106.2168498500627,1,0.3581442060614286,0,0
28.654508770719566,110.6532826599232,1,0.2743423259044988,0,0
24.29780125410109,102.59871754850988,2,0.30616034093423394,0,0
23.17003735731103,87.36093025586197,2,0.45484720531380773,0,0
24.900890556256158,114.86549345770975,2,0.40491951760382605,0,0
21.985611799602246,98.2632110403916,3,0.008957543142852131,1,0
30.60931618177538,95.00103514349688,1,0.022649169819786152,1,0
27.39289628746437,112.48561444221663,99,3.8654461622934484,0,4
21.711044579159168,113.31299146636043,2,0.36482377835788427,0,0
23.18571480942984,110.96731436873657,1,0.09273483507975655,0,0
22.494953700015746,101.7362102698022,1,0.45364021541334765,0,0
25.90265465247201,102.2963496985342,2,0.06634466776999659,0,0
22.442294942790202,87.41804541271374,3,0.4398240331008658,0,0
21.952674464989883,87.13467036633729,2,0.5255502996521351,0,0
29.32555565955941,101.24518846367464,2,0.20880164528382394,0,0
30.476619847476204,88.24370057431288,3,0.4692000121644284,0,0
30.624659841190386,107.55396833556125,2,0.2907119264261766,0,0
28.905511487694657,4.580883011667722,1,4.651958744407818,0,2
20.517788888401807,103.38053034023821,2,0.17418513188320972,0,0
29.56401636613782,101.25280959823046,2,0.37527948516561693,0,0
29.33038784424578,97.04959377293142,1,0.0995981756619777,0,0
20.38028538651111,107.83113370752349,2,0.5592570061544109,0,0
24.386555895593474,87.77081584334135,1,0.5258298471729326,0,0
24.668888123143198,85.32145893086077,2,0.4328951150583542,0,0
20.0,112.32478794058946,3,0.0,2,0
25.874869595725453,99.32248568441061,2,0.4182812227560433,0,0
22.249593678699856,85.37822559927277,1,0.40531991306102455,0,0
27.63970320905239,104.33188486845597,3,0.1481181521320316,0,0
27.176586061377073,113.18694109704037,99,7.16512655509451,0,4
26.41436952496683,89.24834051853698,3,0.533981742667013,0,0
26.289081642823337,112.29790474479155,1,0.002334486158211746,1,0
18.955357751754136,92.26165814534501,3,0.5827805449327208,0,0
24.268493648294598,114.32314552612037,2,0.4371049762801178,0,0
297.9544352545322,89.06135788033303,3,392.9296972925445,0,1
26.66124605539268,100.03142133383255,2,0.019688342274804427,1,0
20.000882941516824,96.62946416366941,1,0.007423151451686039,1,0
30.65779445314741,93.8744008825408,1,0.1956422545838059,0,0
23.77447285829974,89.09700780109901,77,3.630710788524752,0,4
22.49483586530782,105.67852245252894,1,0.0,17,3
22.285284690262344,99.44032454905971,3,0.10061520218428655,0,0
21.634350281677296,107.52370693539363,3,0.5960199335216139,0,0
31.468620681239784,90.94312582723262,2,0.48531041078058124,0,0
30.063872661154473,97.52368213281224,2,0.21740706052740677,0,0
23.824437050541604,114.62369850880232,9,0.5427885310150629,0,4
23.66344940619917,94.92744297340586,3,0.5056479468122888,0,0
26.219543553930936,94.4780746715691,3,0.0037602656979842664,1,0
32.027693673811356,88.64868672040282,3,0.32526919663266796,0,0
25.794339080871556,112.7392537338591,3,0.21835246596657498,0,0
25.666013469501912,85.67340901485346,42,5.354927627627752,0,4
26.86386875236764,88.87213740792645,3,0.3687883242159593,0,0
30.217581146992394,98.27473941004112,3,0.20762685210871368,0,0
30.0,100.6069146730927,1,0.0,4,0
17.02804418200749,113.19496370840426,1,0.4597223511499635,0,0
20.216446287009155,109.70656679835457,1,0.1689495036207731,0,0
23.432038731066342,103.66088437756028,1,0.08915224765028995,0,0
20.848950544503037,3.0765926260550023,1,2.202632760869861,0,2
22.143003493847345,7.932290876773217,1,2.036929260144152,0,2
29.596313925427737,96.92904957198259,1,0.36164584255636356,0,0
270.70074267833377,113.02439245138336,3,33.667898124752696,0,1
23.932525509679113,103.31640265046273,3,0.07294727850034022,0,0
22.0299403458514,90.55990538586143,3,0.4707629977675829,0,0
23.788944915279416,107.81393818828201,1,0.39787133864170343,0,0
29.424326169767443,101.09822527791323,3,0.3670454754648347,0,0
20.318020408196706,112.08738675900307,99,8.658119675227145,0,4
237.55983752401875,101.41712283637851,2,38.955644178941554,0,1
25.121361298071232,104.99221914084757,2,0.5814910756513356,0,0
22.19137744002528,111.12065366372317,3,0.19505486524292692,0,0
26.015620688219002,107.59563111544523,42,3.3655028233823288,0,4
28.32262885970149,5.951328657294932,2,2.6662761726900506,0,2
22.472068146560762,100.2668221020964,2,0.210704128280927,0,0
28.614748123426942,90.17921922340874,1,0.0,6,3
19.62063566233258,85.57982892752803,2,0.19518534387708897,0,0
17.117880150553653,94.66237496749535,3,0.5759145626667284,0,0
20.399513450972314,101.70635329516287,3,0.1395605831108675,0,0
20.466576424016182,94.28895430008538,1,0.47925602733289097,0,0
28.614748123426942,89.29895029042976,1,0.0,3,3
28.556699251935797,100.7641092206768,1,0.24797589427078748,0,0
20.591017544194365,92.22011544271459,1,0.591017544194365,0,0
23.99126934539113,91.06762541573605,3,0.27486876202036115,0,0
198.6041933450772,96.75084326532519,2,294.9583427487269,0,1
19.988698204008745,96.42672569893065,3,0.11295685842256376,0,0
27.908889431859524,92.04520814606755,2,0.0,18,3
28.853085018055896,91.78817290009559,1,0.3222975970958437,0,0
29.0742314040387,88.07183388379529,3,0.11741234178724014,0,0
20.404968596228493,93.89606743862966,2,0.17609830979752417,0,0
22.11981785734928,109.22433806955726,2,0.11913302138831128,0,0
-60.089808712802906,101.75548459482475,2,321.7859281645838,0,1
27.03947081305203,101.68572077890035,3,0.3879278552160379,0,0
27.685805180734544,85.4579451893809,1,0.24608263703536437,0,0
21.00560217717103,94.0985767254785,1,0.049051172055982306,1,0
22.25840373974873,100.31742272378679,2,0.1915061326628873,0,0
22.511220459162587,104.99389142580507,2,0.4744153069838042,0,0
22.815991199841775,97.32101201759629,2,0.18834719304838643,0,0
31.450447522106273,91.4420537536469,3,0.547223652583881,0,0
185.57221098547532,114.13015550918925,3,244.38018522691561,0,1
26.59702939560257,105.86359370165465,3,0.0,12,3
29.057167639336726,95.5406780396478,1,0.40231918933472954,0,0
182.90520975979052,103.80330922138691,3,51.358108121867986,0,1
27.576581701358695,102.12049525215936,2,0.330491417510995,0,0
27.840113022059363,94.81663549484361,1,0.3249774259971865,0,0
19.894545061546076,87.50502150096007,3,0.14848849736290148,0,0
23.16347021303232,110.1434586894433,1,0.23115114267139703,0,0
25.26986218326428,90.3170859331706,3,0.0,39,3
22.87081411069266,86.36946236507151,2,0.03300797399218425,1,0
31.596768609808905,106.52936759028228,3,0.39954986239421686,0,0
277.60616875927474,114.12372971707089,1,329.6578014514124,0,1
31.001793848271042,105.69907036425175,1,0.06661077407457938,0,0
24.53173411893882,94.26595603036473,3,0.0,27,3
32.05887532456853,104.6733190535254,1,0.2492517927488933,0,0
20.68446254929053,98.42500817570964,99,6.241311244678528,0,4
24.10663758945945,86.03130575055175,1,0.034448783860863585,1,0
22.73881278820425,89.39121976486747,1,0.12160436667322472,0,0
27.325697144538804,86.8462910240451,2,0.1865929279271228,0,0
32.5,91.144045748175,1,0.0,1,0
23.02343761839009,9.87306783822957,1,0.8518842834794427,0,2
26.284109688341143,103.3693386652119,2,0.5615237794865493,0,0
209.01532341552905,102.45341832777163,2,305.776713439269,0,1
25.390580389410246,94.97280076523096,3,0.08508846450257224,0,0
31.391049365020585,103.65645891671181,1,0.39086558579836606,0,0
24.624851925815964,85.2585700777534,2,0.4273486135322635,0,0
19.54891455737863,106.67356345784516,1,0.36570841464234505,0,0
23.415883366785817,88.98147262129181,1,0.12369206855808557,0,0
30.099605853404746,89.87884888947151,2,0.5070170430594096,0,0
21.184763575923284,110.98528437324805,1,0.5302996653981609,0,0
26.718295790697322,101.63467342963511,3,0.38589323011300536,0,0
29.263245052780096,95.36742620046093,1,0.47205687263349105,0,0
17.94470768862121,93.16921979558107,3,0.393984856982037,0,0
20.730802983170097,114.09729556485983,3,0.5752986068450383,0,0
31.233443359196666,93.93542045080065,2,0.07266213204849592,0,0
20.223077875262547,91.73846835531556,2,0.5137003683912589,0,0
25.429559149557928,106.0242525400522,2,0.20139297352591967,0,0
29.131101750751238,91.41210063945732,1,0.26232448882823434,0,0
22.19660028179531,89.97864685887355,2,0.16160552790472948,0,0
25.031051269474286,109.88697494285105,3,0.1344326947225376,0,0
17.76506786053428,112.03474031472967,3,0.10117717430772188,0,0
26.690110247295387,4.0120244360023225,3,0.8829457060533663,0,2
22.01864036075698,106.4209793340057,3,0.48913320306786545,0,0
23.242171121418473,102.08491775555729,1,0.46916866162884574,0,0
21.502696942155175,86.15091584067103,2,0.38148501219892594,0,0
21.678789010828464,93.71998784798132,2,0.0,27,3
20.0,94.61203858420645,2,0.15611610554055133,0,0
28.450961425015485,110.08355846635128,3,0.06512421491655829,0,0
27.260058672505384,87.56225448424796,3,0.45461344648681745,0,0
25.812857684236715,92.49232537688066,3,0.05568848905455681,0,0
28.369388448099564,3.2544023897925896,3,4.345081191621645,0,2
29.57837103320979,108.19912120343126,3,0.3753922620876651,0,0
23.524963997022805,105.20936252424723,1,0.4075615126563079,0,0
22.483184830248426,96.18258160201519,77,5.463436712691191,0,4
25.42968419731599,90.06575390111185,1,0.44765177641824394,0,0
25.768404690708014,94.62200746934714,2,0.010776284797309188,1,0
20.43520185355763,99.10990264914301,2,0.0,12,3
20.501158663537822,113.92235249470325,2,0.14721833524416894,0,0
29.261446626517255,85.10968934033947,3,0.3680493692940736,0,0
20.60350816889334,104.5181956975631,1,0.016121396550982325,1,0
187.90194416090236,99.90118389090287,2,28.266656952289225,0,1
21.760670360376576,100.84420171821262,1,0.0,29,3
23.186075058278757,85.00681114654766,3,0.3364380856865168,0,0
24.057891956591543,110.04841617083211,2,0.571550695626577,0,0
28.21310108833904,89.566846417506,3,0.13982265290994889,0,0
25.384879583586123,88.02934320453284,1,0.27772539905562965,0,0
31.041796708739074,113.27030523014072,1,0.519843507285394,0,0
24.71138279995974,94.12283907913852,2,0.3194945673124536,0,0
29.706211129937103,94.0009144178649,3,0.4334689390648414,0,0
23.805661329472162,111.82322795193842,2,0.0,9,3
23.773729442790174,113.22976967723311,2,0.35272216014222124,0,0
27.930617209035475,4.283948494703928,1,1.395682448358123,0,2
28.685260891921832,108.1672082767983,2,0.2124884551901367,0,0
30.187153489326317,91.89478125377609,2,0.27068189707193824,0,0
-87.06798816813392,102.10380924486743,3,282.9768679005603,0,1
25.237777108625167,100.14386794913584,3,0.5379975340104473,0,0
27.685871622224315,98.56548818080324,3,0.17967315519680582,0,0
281.07296644200784,104.85162017178186,2,339.36019126274925,0,1
25.171823485792785,86.20856556333996,3,0.26647927704454233,0,0
21.949576846959438,97.56843370562426,3,0.45476999941776697,0,0
24.26954445496477,86.18712885434061,42,2.7003788610196153,0,4
18.94170546448234,96.24611738571112,2,0.5546070581694487,0,0
18.031693126979523,95.12845514210883,1,0.4561615591995789,0,0
24.005472788179453,107.4506756099722,2,0.4305171352193682,0,0
-58.202544454421584,93.52407592616196,3,1.0982568169129863,0,1
23.529995823698965,101.80347949028045,3,0.23641561672111422,0,0
29.188736880972204,90.29235731283659,1,0.005919364907281732,1,0
-57.501211644520225,113.98955475721299,1,24.30753631559375,0,1
28.40281539015097,86.34254301778715,3,0.37286480753421003,0,0
20.12884727769032,96.55293185805776,3,0.24666132951649544,0,0
-95.73156103367174,85.9396535566648,1,276.7199278595606,0,1
32.12124188562363,98.29227798800346,1,0.3787581143763674,0,0
21.657752584797855,100.60509676932253,1,0.06300116088946695,0,0
24.627520671849805,89.06378610384073,3,0.5696287152582613,0,0
27.55461713098246,104.42978756920884,2,0.0,29,3
25.26986218326428,94.6199417866855,3,0.0,33,3
28.787945411895073,85.00092156536147,1,0.4581376532506951,0,0
25.274962809065393,104.13791468738997,2,0.49077707029783824,0,0
30.63802034410167,111.5348960438159,2,0.2299739152412279,0,0
28.25091460797843,85.99893350695515,9,4.757644248219318,0,4
20.0,110.09319212128369,1,0.0,7,0
29.591934864585216,0.5564466805213669,2,3.2016098891182416,0,2
22.496887023806448,91.53342405302706,2,0.3481576484713287,0,0
25.31398306996322,110.83165273652774,2,0.0,8,3
27.683368379999507,98.13993243686662,2,0.21320002583943065,0,0
27.191719228421253,5.845669051025142,1,2.9903736865902495,0,2
24.752597424319678,99.33602064739408,3,0.16792811768312887,0,0
19.709377506871288,95.14802517983495,1,0.4462851043605589,0,0
21.738857427025074,101.2528289280269,3,0.13271407322535111,0,0
28.137693122467518,114.00955054084113,1,0.27995588323534193,0,0
27.99819828647593,97.08668736869892,2,0.5514146108060345,0,0
24.068316896181535,107.70114730334409,1,0.2901677702954082,0,0
32.02977513080464,100.19503603110776,1,0.47022486919536277,0,0
27.467467725125942,5.845334416235165,2,0.6378517897052944,0,2
28.7487722831136,106.11807721983493,1,0.2383627073183483,0,0
25.438984207131476,7.525735912982433,1,5.1124338611894515,0,2
17.0,89.90967828597114,2,0.0,1,0
22.455950589094243,106.20410788631516,1,0.5065452130904511,0,0
26.108242188219076,86.86110290886344,3,0.14659294352737717,0,0
26.867669114401522,102.72615768922776,1,0.34063702522689354,0,0
24.419031240204255,103.52062752964201,3,0.02247125780687398,1,0
19.345975676041277,100.86811402081636,1,0.44964200722104053,0,0
26.44724102106638,88.96485332575071,3,0.21400503432630202,0,0
17.461747674352196,89.83663861762014,2,0.2522982565034795,0,0
25.018178383079814,114.59987779801439,3,0.3095459809649661,0,0
19.584578635068098,98.82336304098177,3,0.45523695467927894,0,0
24.479896351657697,108.85034610785411,2,0.22997208236798272,0,0
30.60144243496046,86.49767456990138,3,0.5217686373783721,0,0
23.883425808329275,113.43064077893412,2,0.3698822520110667,0,0
22.49483586530782,114.41776371414362,3,0.0,22,3
29.193662184223776,88.13447185923503,1,0.3945783073978504,0,0
29.127648405994275,100.00835605623281,2,0.07670348010674743,0,0
31.145822900433686,104.54008317400617,3,0.06931771091767303,0,0
30.5598228963853,85.21659841011153,3,0.026847916760161183,1,0
23.287447850311406,105.85688967243206,1,0.5846922243510839,0,0
27.848538142588865,110.27392320506726,1,0.5381101866497922,0,0
27.026036050236222,85.53873591250454,3,0.07047079589991867,0,0
23.899023399995297,97.90428196290479,3,0.15676235397969762,0,0
28.51123110491201,91.2786328459036,2,0.05462072045357047,0,0
166.5621592011667,85.57897396680954,1,262.88124612448263,0,1
30.621099985897956,105.67689209088856,3,0.093994923245166,0,0
20.327757814143666,107.74121263033649,2,0.3131203391099646,0,0
20.952451904694534,102.90835670239518,1,0.4687901465542126,0,0
31.940093803701224,105.84015188790872,2,0.29818435238831853,0,0
24.53173411893882,86.96393056442938,2,0.0,12,3
22.367902242967,94.36569209707389,3,0.005347130003226397,1,0
30.524763100197738,88.905833796111,1,0.3471605389297814,0,0
27.0,98.95028552579282,2,0.5197941216371653,0,0
31.900485882069045,107.36509256058318,1,0.5385523809716055,0,0
25.90464616845318,89.80676802929518,1,0.09936789772250876,0,0
23.624632602299265,1.9431074843949263,3,2.966730182135013,0,2
20.350458371533044,110.29434595089236,2,0.14555597330260994,0,0
21.164134560870323,112.15896997031547,1,0.45108590999987186,0,0
18.45221502013912,85.73202344669615,2,0.3204486302956404,0,0
-84.19246541108357,97.13966253714,3,14.127051473166105,0,1
21.961393497338715,4.949080920001274,2,5.184023517161336,0,2
31.677970842598842,90.00514703262505,1,0.11241236178530656,0,0
26.561450425593584,9.844777639519863,2,3.4839552595153833,0,2
20.54754229885552,88.69156370770975,2,0.5546158361375575,0,0
23.805661329472162,101.97183734032876,2,0.0,15,3
29.501585762769388,85.67709089720329,1,0.01399810439479765,1,0
32.14355364544459,106.54018630322943,2,0.41199882587032377,0,0
27.908889431859524,96.70114832962915,3,0.0,14,3
21.828714276190233,103.20148605910012,1,0.3083122141524157,0,0
28.23734413038553,2.508986672405853,2,8.224145440542234,0,2
25.433043509342532,103.15304866711452,1,0.5649951977111094,0,0
25.509769851358197,97.544343644884,2,0.39487631709498316,0,0
21.973650235971462,106.81507209298924,3,0.441927006490058,0,0
26.206976203275627,91.80511306976486,3,0.39508765985953787,0,0
22.126662936801825,114.89001748170226,1,0.32585431040244117,0,0
20.43520185355763,89.72908107498942,2,0.0,13,3
22.834074863847086,112.94664742928443,1,0.1903936259277188,0,0
24.565956555027064,85.27294543842328,1,0.5114315836975507,0,0
22.55045634398252,91.38892484526733,2,0.24489572171906815,0,0
24.957200017450457,112.87418560046387,1,0.5138185177367411,0,0
24.505612425336928,92.37455761067724,3,0.04327648385413241,2,0
23.70807837736694,108.30839165177564,3,0.2787486809108337,0,0
20.03326522806664,85.36325425704662,3,0.5144919266816892,0,0
-66.48681565862042,108.8692403465637,2,362.57790319460895,0,1
27.449651984608934,104.00296093845881,77,7.2025081907240995,0,4
-85.75998128752246,113.06187862551101,2,277.99306069675185,0,1
24.878535023663122,2.5566759997373647,3,1.2280284826078152,0,2
24.411462376765428,113.03308080416542,2,0.5276791316525262,0,0
-81.44038819270031,93.2371808703879,3,27.59467915467178,0,1
20.681966048729794,103.41910918975698,2,0.3281740487566722,0,0
30.778068004788327,104.82182179327455,1,0.21968349022814948,0,0
20.271071150759834,91.004626337481,3,0.017485339521361,1,0
26.86251241266452,97.67337370092638,1,0.01168261200472287,2,0
21.322337164474646,103.69943301277172,1,0.20805371310239096,0,0
-83.4545708460987,104.64433900091073,3,11.982900689789034,0,1
28.482827792176682,106.42459439176523,1,0.09796435388544822,0,0
32.300360558971725,114.57922953056558,1,0.2258093240667165,0,0
193.1030492612995,96.89818376052918,1,276.91991020950945,0,1
25.10513471605418,95.9021179599828,3,0.21194068026300883,0,0
24.84819769178918,98.93748293317738,3,0.43707672271386855,0,0
25.4680238424534,102.18317529211328,3,0.009686371153044604,1,0
29.024587650086097,110.7858311574247,1,0.31246820156615485,0,0
29.523727943216176,102.42905759894778,2,0.2226790730263133,0,0
22.569884768806112,108.44386266264128,2,0.1419420252164656,0,0
30.118422212630612,94.37217693038895,1,0.44657541850956406,0,0
28.372138468176097,107.89884735991845,3,0.07958745619983887,0,0
-63.768433155030316,91.92305169941064,2,313.81386258726127,0,1
21.813158207431904,100.04548884061599,3,0.013610878633127044,1,0
25.111366072007797,108.05199786846339,2,0.050830740590786405,0,0
24.845585035368217,103.13077959144313,1,0.5284954831762292,0,0
26.107015383761453,98.55218427944331,3,0.5972992668122394,0,0
21.4912079604216,114.05257391501223,2,0.5049250195632915,0,0
25.56166023443575,101.64729501476226,3,0.17708072215339143,0,0
27.965292575855827,95.0849601573874,2,0.2633642775760592,0,0
26.874182337063235,94.91802429910005,3,0.015109110320754127,1,0
20.746132406573572,97.08686833093017,77,8.890739252992937,0,4
25.758767569708155,97.79218169475918,1,0.41188446288084535,0,0
25.18927461752542,90.64175699437227,3,0.33245998973069746,0,0
20.42447391888445,105.33439600930133,3,0.34111118498825377,0,0
24.855180922654444,114.65262981890443,3,0.41255819048328135,0,0
23.6607143432477,89.14696260356011,3,0.20477577090005283,0,0
23.22076739352433,91.48094321179217,3,0.020878517206174507,1,0
18.296965187038946,114.22583331449071,3,0.175750489965516,0,0
29.364767867076473,3.5154532703056596,1,1.0421390073749848,0,2
-51.284118139779295,108.69005388341509,2,14.07042428181667,0,1
20.798846938877123,104.72060446510386,1,0.34560713436161095,0,0
22.30054367746897,87.29705925460348,42,2.981788649680613,0,4
25.261753206695914,1.7161526194326453,3,0.3433341340838183,0,2
24.333338755249414,113.88940744195816,77,3.991441245069673,0,4
23.991640913166854,113.18705767075497,1,0.5032615137964775,0,0
23.96367704468393,110.57998459305162,3,0.506998675563004,0,0
26.45232847596626,113.04189746464903,3,0.10526432660200058,0,0
29.510508603508455,110.9170994888234,2,0.3028829444633594,0,0
23.11274299581611,99.0538371126126,2,0.44522531048740177,0,0
23.88442888863829,88.27792630928865,2,0.3594305813659169,0,0
24.09309410305425,86.58807806706454,1,0.16045633655217273,0,0
25.276399504037855,97.23682710340572,1,0.5913985580183692,0,0
23.51939939691809,87.74059728170667,2,0.05577163323045298,0,0
29.588240491621626,106.457105604479,3,0.5989129977046908,0,0
20.897113760530342,6.626125413622702,2,3.9961945557120195,0,2
23.74736270393295,105.0360372010244,1,0.5537907894889358,0,0
24.53157494661936,93.15582180177748,1,0.341897725457887,0,0
24.57626685102261,86.05477750813583,3,0.23149470796770188,0,0
17.031856113214634,106.667577051792,2,0.3248983257208309,0,0
17.767460343871694,114.09636480122917,2,0.5854146303722203,0,0
21.826880762877423,92.19622338267834,1,0.4792350257717608,0,0
23.088222301345127,96.93053243299164,2,0.10602266517978265,0,0
26.43849481151015,91.44233507225073,1,0.11542679370300135,0,0
20.528476440734654,92.81999147686305,1,0.5284764407346536,0,0
23.737103992858827,88.20630769284232,3,0.2508555140669202,0,0
24.399655663680292,88.96538973261616,1,0.26359829693830505,0,0
24.002871737617237,100.150841384463,3,0.29592227092875234,0,0
22.080020052467795,96.13116288953807,2,0.18487800894364526,0,0
18.06584201010454,114.58632233438809,1,0.5692737691993983,0,0
171.85237909940525,105.25970580421497,1,256.2921111329899,0,1
22.856084891265386,98.63036269202965,3,0.34486443210279916,0,0
-76.7932406400634,108.35261834607111,2,293.3449705883823,0,1
27.21697292451901,114.04066516137216,1,0.4087261382743179,0,0
29.42140568367361,96.39937236896183,1,0.05864736185111852,0,0
22.180658284557566,97.8995564236318,3,0.015281575079939103,1,0
26.59702939560257,96.28260138506806,2,0.0,21,3
24.367225581556667,104.56341935871245,99,5.150850436334991,0,4
23.210620581225957,103.36475976829686,2,0.3289423044797104,0,0
32.438026305018376,93.64448467100125,3,0.3307855623912417,0,0
22.740209789744497,105.00592772638313,3,0.013384103691695515,1,0
24.53173411893882,114.99774480499529,3,0.0,29,3
23.805661329472162,94.00479629337934,1,0.0,26,3
28.343267493287517,87.44796160014515,1,0.5835811022871837,0,0
29.676532451988486,85.13933449254966,3,0.5731588038605651,0,0
21.503458747317666,4.5234788768597145,3,7.9473332307606555,0,2
31.780221527317217,85.9234930671292,2,0.47053441882929903,0,0
27.42462476011606,100.92577102865428,2,0.26168453789812673,0,0
28.13836820269105,90.71370991090137,3,0.26677340198844846,0,0
25.117473212308635,88.76930477236942,2,0.05376130233131704,0,0
22.32863989790841,92.5850860922437,1,0.0,3,3
21.726841679844497,106.37863999295539,3,0.20964583917236368,0,0
25.604553467327165,3.5649645202493447,3,0.08673118338612795,0,2
29.49148404181142,93.251207768222,1,0.038556103639283634,1,0
23.555023178161733,107.76145963491763,1,0.4898741864403888,0,0
24.06154574904554,106.22861757221605,1,0.4412425175030883,0,0
25.08639505394031,109.16296987899959,1,3.263573135235287,0,0
24.858892808106432,100.34402620127852,2,0.5539685907783642,0,0
28.663831930176578,111.70907671340561,2,0.11686627399180338,0,0
21.760670360376576,113.11163900697326,1,0.0,24,3
18.465959789979493,88.39714137522266,3,0.05899275431504236,0,0
17.125448521347916,109.63771914016039,1,0.18950190154091118,0,0
25.26986218326428,87.18498186969966,2,0.0,46,3
24.69192765922788,87.4056027043634,3,0.39412640512679076,0,0
20.97473183399817,101.82034884816849,2,0.030893974827655768,1,0
28.614748123426942,92.78174822262568,2,0.0,10,3
32.07788054596443,94.74251826901606,3,0.2973658062864999,0,0
29.19164374582594,109.7416949223076,2,0.0045888886786613625,1,0
27.55461713098246,91.51700423777304,2,0.0,1,3
20.7660361631371,7.206113358603253,2,0.6025695107751758,0,2
20.089495455629507,105.93971414493377,3,0.23613654393768968,0,0
32.14551233715013,90.44523884864486,2,0.3544876628498699,0,0
25.748266556555972,107.4022992339448,3,0.4403292513966157,0,0
26.169859027798775,105.39454375659909,1,0.261312653779477,0,0
28.189689025800114,99.3038567170115,3,0.3299515211469597,0,0
22.32863989790841,86.94620913505322,3,0.0,24,3
32.24215981021685,90.86267759915047,3,0.2578401897831526,0,0
20.043033558908977,107.60134555776824,2,0.5832012765874452,0,0
23.046702924501567,86.4608454519979,2,0.5517492244858211,0,0
21.065685063675218,101.48235496182893,3,0.5212486941866175,0,0
22.5,94.40108219291074,2,0.0,1,0
22.296951113213552,114.98673109751316,1,0.11629282865598611,0,0
28.614748123426942,94.68497168309406,2,0.0,29,3
28.31078000043145,85.59704451220233,3,0.5809979513798567,0,0
24.488449416503812,92.6050304831732,1,0.252777107733305,0,0
26.41407105914028,102.35160751019228,3,0.26920658055448854,0,0
23.64104037146076,114.74873028883684,2,0.39886925004228857,0,0
20.43134882670111,93.73687420594126,1,0.08166597762945926,0,0
23.71585840912535,3.3200943256598583,3,6.153178255227207,0,2
22.503496717062045,97.09631899551468,1,0.15578478532165008,0,0
21.45972042721798,96.39254568757953,3,0.3918047395739741,0,0
26.343145538997565,107.1168303174948,1,0.35355817837201897,0,0
19.465717366002348,97.54729108871857,1,0.1360982351229474,0,0
20.43520185355763,108.6822385701817,1,0.0,26,3
32.02025361886063,105.21134943162546,1,0.4797463811393712,0,0
22.5,102.89423732631857,3,0.2640792912154666,0,0
27.55461713098246,105.00268183922131,2,0.0,10,3
23.797176438118605,100.07893727890391,1,0.23874470659882263,0,0
24.519143618714725,97.56770874378756,3,0.25250617801489383,0,0
20.53876682860678,104.37432437965617,1,0.46430988025112185,0,0
26.05950173007711,99.4373036613051,9,1.1704978658603835,0,4
26.67749984520981,85.51782956491721,9,2.3671377403134777,0,4
23.565938976884212,94.66202605587189,2,0.550203209388112,0,0
-56.943487847760935,97.53106530035816,1,245.45472804899333,0,1
25.710566502650895,114.55621977733281,2,0.30858069636892793,0,0
31.938301953004665,111.82908679955943,1,0.08624362724607693,0,0
29.854373843696603,3.7342816076642547,3,9.23894737459764,0,2
242.2136083110973,105.43413097217172,3,50.7056086797524,0,1
21.265818829073197,97.26781707270015,3,0.5348082444609652,0,0
26.12158493415943,105.94223015435946,2,0.05361790792568755,0,0
26.826043376178863,102.66808067687643,2,0.5164249587020819,0,0
24.558527952568177,111.80377162501348,2,0.40227514901521744,0,0
22.959866167688766,104.1732354098412,3,0.26988134212905024,0,0
20.269347820286967,113.49883551850675,3,0.338095334561924,0,0
24.641877213311087,107.55394490760798,2,0.4123654300261492,0,0
25.26986218326428,102.8765091300703,1,0.0,53,3
21.678789010828464,91.13211324296608,1,0.0,19,3
26.875824434076875,3.8830060454301147,3,2.5592109222555166,0,2
30.983310270459203,90.76125980677013,1,0.0803037556774413,0,0
23.116067611863322,93.42049646547923,3,0.13293608529092182,0,0
28.52045965868098,85.35295283100993,3,0.5222613722050511,0,0
22.5,111.80603750495311,1,0.13465529162097312,0,0
22.696414731377963,104.50977059040811,2,0.5697517945761383,0,0
24.563905358929077,110.9978706578651,3,0.44783784104788893,0,0
17.096806777979406,112.88587432743478,1,0.1813580801484065,0,0
25.3214857992016,110.40349081506488,2,0.00835785415175394,1,0
22.427942743589647,102.36269429079998,1,0.37542116584410934,0,0
23.238115803579202,106.75979172207634,1,0.23602678544783728,0,0
19.153042549670563,92.96748498875819,1,0.45575132505531,0,0
29.494710742340693,113.27003484805111,1,0.20289602023473918,0,0
17.0,101.6253400754738,3,0.0,1,0
26.201572441764313,98.30317308508133,2,0.55994666507533,0,0
22.428226505491477,98.25561124273192,2,0.08674057745040287,0,0
27.882398352206067,111.25026099231911,3,0.08378890986682563,0,0
20.931311774419214,92.78625349528271,2,0.08344773548052586,0,0
29.71489929803546,92.25293522439044,1,0.2851007019645415,0,0
25.26986218326428,93.07699535722949,2,0.0,40,3
31.210622504037524,107.9273686255714,3,0.10468431270144762,0,0
31.12425107653361,94.53817989120469,2,0.10520286176791416,0,0
24.78645165483747,87.59372521360457,3,0.2348308898149618,0,0
24.138477852819463,100.31297467012696,3,0.06201713355669369,0,0
155.4382343162291,105.73220819813709,2,14.987887038006562,0,1
28.90484083763107,99.80024764157142,1,0.1245636946125046,0,0
30.764145218356873,88.48160378153706,2,0.05818030289895049,0,0
32.5,109.64939791493501,3,0.0,2,0
24.155624728257518,107.93583383964153,3,0.39302270652756377,0,0
31.76831645413508,111.99278846104772,2,0.03263464306473196,1,0
32.5,99.33671982837248,2,0.0,1,0
25.515876608066343,114.53382873921596,77,5.227228213486036,0,4
28.55616750569231,95.43310292813314,2,0.035573432442159714,1,0
23.39375090089249,97.60748805422625,1,0.13624492280647615,0,0
23.94459394072349,91.99056893190505,1,0.27866304757466764,0,0
27.626605870552666,86.47820960748314,2,0.3960392203536891,0,0
32.29675954583145,87.7095568089722,3,0.20324045416855085,0,0
24.911382917615768,107.53819350813238,2,0.16364724685150733,0,0
24.718618538504312,111.54565353088013,2,0.5365937554802969,0,0
-84.71202564282478,107.42384810445262,1,11.763540095965354,0,1
22.506442551159797,2.677259774596369,3,2.6086410964965907,0,2
22.49483586530782,93.06025137594699,2,0.0,13,3
26.882280421776912,114.37088078275417,77,0.38784412522032596,0,4
26.791534722832804,102.56763051617838,1,0.47341988704675586,0,0
21.15643777846473,106.07452251961328,2,0.2364188891943222,0,0
32.5,88.966345684609,1,0.35114586048214136,0,0
26.566175197711313,94.50151366075649,1,0.032122688723390525,1,0
21.524261126192894,98.8161849182242,2,0.30605031449553266,0,0
23.972399283225972,109.78202890757585,2,0.44674381963771737,0,0
22.580438940367156,100.91518300268629,1,0.0,12,3
22.010436081496586,103.70946334870798,2,0.11885350458045707,0,0
22.20791032524061,111.65211016926044,3,0.22323993914717732,0,0
18.52359621709517,99.68274890929422,1,0.30039838936897567,0,0
27.1216408801914,96.63292985589248,1,0.12819547852288338,0,0
228.59613040285709,97.96308692234885,2,290.17788076822706,0,1
21.9945693427451,86.53881546943647,2,0.3029620051037938,0,0
28.607285593880846,0.646442105259873,3,0.20236050972337694,0,2
20.45365054697375,90.04354292793175,2,0.33979203483348286,0,0
23.54214967917081,95.37418295231275,3,0.2740450252075739,0,0
19.734312634829536,105.38860998205323,2,0.0007242853856475051,2,0
21.243292502394592,100.55224065835613,1,0.5200175513271716,0,0
25.436167524583606,100.11320331173903,1,0.10931445664273554,0,0
17.20059432522145,93.0419092246863,3,0.10835393101777058,0,0
29.835205210253015,2.8041249960250982,1,2.218442355790529,0,2
32.04674646541672,110.45762971092634,1,0.45325353458328266,0,0
26.59702939560257,111.46256436614705,1,0.0,29,3
21.478886582755976,106.42357422774748,3,0.49690753415661604,0,0
26.59702939560257,92.60407423728682,1,0.0,1,3
25.92461174425104,109.27103650721025,1,0.03838598192493947,1,0
30.903223869522392,97.83075364100384,2,0.00561882367930977,1,0
26.125685524794754,111.62689215448574,2,0.43649932188962737,0,0
29.249352727364776,96.4917641926301,2,0.5191777206509727,0,0
27.531498071857378,105.8809422096734,3,0.13379382326303713,0,0
30.0,90.50738882065438,1,0.49485419491063,0,0
26.70797186489568,95.87236756680642,99,5.5494440948580355,0,4
22.640962141296963,113.55435356269717,3,0.5940720228787093,0,0
26.50517929537834,107.30632808911884,1,0.1237327282931524,0,0
20.489482476576544,108.92542135889457,2,0.38516203507009905,0,0
31.55742089658935,112.33768455502864,3,0.19356475474424073,0,0
25.36314174697932,107.08106201278197,3,0.34619190086187857,0,0
22.32863989790841,104.92776931420413,1,0.0,21,3
23.104960871351945,91.6151279030694,2,0.2073175372949585,0,0
29.111535418494867,97.40027379613576,2,0.5271803172591802,0,0
22.00080711818644,106.40822098790414,2,0.3146250134328987,0,0
22.449909872411617,91.1334511739282,1,0.5634435764292469,0,0
21.309999409612065,111.22667574055527,1,0.008894326461369673,1,0
20.942321878846716,98.73098815477881,2,0.08072503677635368,0,0
29.415385812308017,103.13466946775378,1,0.5755180671741513,0,0
19.320789653876112,93.92047022117652,1,0.23690432069620826,0,0
24.51774160406032,93.15838118255346,1,0.35548974064964156,0,0
18.15569483395095,98.38017318873867,2,0.5402848245849619,0,0
22.32863989790841,87.50990230153549,3,0.0,28,3
24.40327495034746,103.68068622849393,3,0.2474953950663128,0,0
19.102730787068968,89.97249339460468,3,0.5473200688283946,0,0
31.524674447855354,103.29080708122116,2,0.355167892262763,0,0
20.0,88.82224215086288,1,0.0,3,0
22.368778970108185,109.56607811561415,3,0.31829469393003507,0,0
30.47058664498994,103.54112574030871,3,0.14205474698807663,0,0
23.734406573349464,114.06833191522874,1,0.17702375468419618,0,0
-72.47848060264397,112.47851411537033,3,11.10790471944847,0,1
21.854210081506874,111.4898147448932,2,0.28384227400175277,0,0
23.465620155357634,96.68445684707261,3,0.5533625824891111,0,0
25.643510522919797,105.84910399364428,1,0.052544484470097075,0,0
26.022084642482035,109.02813087462569,9,5.804195144859481,0,4
23.615638385633922,112.96800651762916,1,0.08023011995291185,0,0
32.4523923817334,101.99399817938902,1,0.047607618266603424,2,0
259.08634793549686,102.10309874641908,1,108.88630201187806,0,1
23.526541783605808,97.9295566153989,1,0.4999622830094488,0,0
32.4407481101298,97.71699255990995,3,0.059251889870196806,0,0
31.146868494285226,111.86953691205755,1,0.5099734933284985,0,0
21.738736755770255,105.40335656340918,1,0.24136751330096828,0,0
23.37690595325449,109.21321060958539,3,0.16076608110418178,0,0
24.099565727411534,110.7694164136666,2,0.22285532258961638,0,0
27.908889431859524,106.73381269754236,3,0.0,26,3
25.80536055150448,97.87448475874966,3,0.019802297871834185,1,0
22.8029246379419,96.03822253906253,3,0.5496881761432562,0,0
25.26986218326428,106.21101664101509,3,0.0,56,3
25.728866011799063,6.051338461330072,1,4.4888360655576385,0,2
26.296809380044046,110.39652327459589,1,0.1279765935026873,0,0
22.03602715734655,3.168905664251078,2,2.337585758279598,0,2
27.838509700905608,97.36280828897617,1,0.07953155660229427,0,0
23.458855124416438,86.44636116581668,1,0.5992964709247985,0,0
20.065011468284155,100.8668189959553,77,3.146781121390486,0,4
21.302255306020207,106.06776298094994,2,0.00774410359185751,2,0
26.59702939560257,87.54761017069643,2,0.0,28,3
23.34721352504307,108.71540822600943,2,0.37072543278436854,0,0
22.3303305335024,9.333110319923366,1,3.2886504965118633,0,2
22.256382352586204,111.92596979566252,2,0.019347282522890197,1,0
31.9622733204073,107.55628733107572,1,0.0438656052129609,1,0
32.5,85.85893581506959,1,0.0,2,0
24.3402159092227,111.25400855863457,1,0.4507849902829548,0,0
22.03499475389058,105.03759996410881,1,0.5809323828437982,0,0
26.030199012388962,97.32194630473036,2,0.24131710483712254,0,0
22.456863035630555,96.51516649134939,1,0.4626148343209131,0,0
21.730252114758176,101.17581382381942,2,0.11433220932486421,0,0
27.966187262072893,85.70298866102165,2,0.16989561749207382,0,0
32.5,114.30913163878782,2,0.0,2,0
24.4660838896286,105.07804875252505,3,0.4404139282927204,0,0
24.53173411893882,111.8589651312684,3,0.0,1,3
27.55461713098246,104.22913972366413,3,0.0,12,3
23.143306218873253,101.60283102361204,3,0.16493445446148414,0,0
21.68618210475354,101.87966268708227,1,0.3922414166080337,0,0
24.374306855228223,102.12068984730544,3,0.10570349502563658,0,0
22.784832419204655,101.2793390412273,3,0.0412823782410463,1,0
27.935212646403244,94.72463208886519,42,3.5755199863994633,0,4
29.7244183085947,109.68280729096996,3,0.2755816914053,0,0
25.633018394936887,106.56720833814371,2,0.3742340397991022,0,0
23.002089018131365,85.73933213908968,3,0.5168067066748776,0,0
22.307791295452073,85.89920769618034,1,0.43241849429242407,0,0
22.235790239211184,91.2262280861711,2,0.2502469038074473,0,0
24.889001466599332,87.64403292930075,2,0.44357962177460664,0,0
26.45096941494337,107.60998413728744,1,0.22409911141341254,0,0
26.33405316689141,99.03274692872739,1,0.38424262380591045,0,0
27.240972427723847,0.6870484637696352,2,3.2894813427474787,0,2
17.0,102.58689496050391,3,0.054477118092304266,0,0
31.636508923786266,95.09106135651129,1,0.15256607287334134,0,0
157.58633491185157,104.54736783940756,2,43.267947549734885,0,1
27.55461713098246,86.16974214114985,3,0.0,6,3
27.058620608962563,95.07890945660957,9,0.22365443798171114,0,4
22.556973820579515,105.89521550430668,1,0.5863323982937381,0,0
18.877460085494913,99.2142948519384,1,0.29693328791603335,0,0
21.678789010828464,94.42271365700734,3,0.0,3,3
30.65124146858284,94.50835865906757,2,0.5263066298127548,0,0
25.128173149517835,102.4651138052882,2,0.5191792782374733,0,0
162.5853812742297,109.0725486153611,3,54.87371497433759,0,1
20.0,114.7627656108646,3,0.12258009946241089,0,0
31.27504465576403,87.55130863918214,1,0.2669201076268948,0,0
28.309939203041523,88.001940146996,1,0.03984079724284939,1,0
24.35090165275737,105.31382465721705,3,0.0326479856380999,1,0
23.928475511368514,101.04398398843577,3,0.16615177468445097,0,0
21.880487531469086,85.12181758860628,9,2.4528512237803284,0,4
24.86461680542027,110.47294059876029,3,0.029429141720719088,1,0
31.019048214765697,106.21361841833144,1,0.07157787132809545,0,0
20.0,100.00593806568355,3,0.29039785182316535,0,0
28.889222032692523,91.17661932299798,1,0.3206800729910668,0,0
21.80801425453548,95.65868929657957,1,0.1736639728581828,0,0
27.20916164172081,85.41847056075734,1,0.3802535830725411,0,0
20.769106387353347,2.4483906603742946,2,3.1762856950709093,0,2
28.614748123426942,113.37560612193565,2,0.0,16,3
25.185905778064722,102.30944837253045,3,0.44629567353660704,0,0
21.776198194552023,102.13770704891134,2,0.0,28,3
25.692715228276676,100.57840247185814,3,0.3407103349702645,0,0
22.31418093492015,101.1499582976714,3,0.10133869170891074,0,0
31.591371619223903,108.49870277316599,2,0.1172463863084161,0,0
22.404400789625857,100.64337067130768,1,0.42683531260504637,0,0
24.598699586763146,104.38929800972144,1,0.3862071873034836,0,0
-91.31005714323801,95.97960703008421,3,306.0148756014383,0,1
23.228662117356432,106.97838097721197,2,0.1327322643997526,0,0
24.839340774654495,97.91039597116601,1,0.38181881659519235,0,0
29.530040145450705,112.5106513564167,3,0.06294931744047005,0,0
27.48264727530593,87.80560370793728,2,0.2153241307668914,0,0
23.105637324298,102.3602622571718,1,0.44043779534693783,0,0
24.111907006529773,92.29539940792678,2,0.4525445611947454,0,0
25.26986218326428,85.35814899862548,1,0.0,44,3
22.97781712381268,95.66589391456023,2,0.19423237465800725,0,0
23.8001995474598,105.29540157331739,3,0.2274321012378735,0,0
18.82498243800562,112.59566849238281,2,0.044874723525506255,1,0
22.76438327195249,94.59162548019563,1,0.542042887668643,0,0
24.609099216485486,88.04118692659478,2,0.3011277580359817,0,0
31.725031778903784,93.81029240075308,3,0.5283793838871169,0,0
23.754225445060147,94.09385067835986,1,0.5566075433702871,0,0
24.05645116621841,92.51076188712567,2,0.5095053888086554,0,0
22.183321054921613,93.36615778782894,1,0.5182952791169484,0,0
25.311532087984304,85.93402248653534,2,0.344274355169901,0,0
19.468564746219368,103.93415877991788,1,0.47045586621253577,0,0
18.162194668247583,97.56776348513644,1,0.0019586727126252867,1,0
20.62412855147486,109.05477699626545,2,0.1648829774510645,0,0
21.073877436938588,88.46183926536752,3,0.039004879699177764,1,0
24.53173411893882,99.30843298568604,1,0.0,23,3
24.33727062646016,4.84434808097053,3,4.915199243051493,0,2
25.867290784146885,110.28821919631784,9,2.67518042527416,0,4
26.628912023671493,98.11101176349312,3,0.41240227392859197,0,0
24.702148000496013,112.47443044572232,3,0.5585383615207462,0,0
23.805661329472162,106.27471497104392,2,0.0,29,3
29.5499680207339,96.6617904362964,2,0.1285623370602913,0,0
24.38336207976325,101.00807640180635,1,0.09620684307279959,0,0
25.593568763289543,88.53917450884185,1,0.40099692985013036,0,0
21.339674281232522,99.26077203042605,2,0.16879321138105396,0,0
24.685000946019485,87.22224721631343,3,0.2150060394455906,0,0
30.821014445541543,96.98519425781693,2,0.570034919479042,0,0
28.262062422994997,100.19649999725641,3,0.14464634328784243,0,0
20.134998576190565,105.70140665228348,1,0.569581674883274,0,0
23.13939773600875,105.14104026690387,3,0.5764673610308968,0,0
22.321300499065917,100.82198866368029,2,0.07170682036606024,0,0
20.68154482940882,95.07838460136801,3,0.5329137431164384,0,0
31.637942983698412,112.02890488116292,1,0.487142303033572,0,0
30.80954048075626,86.36650467896058,1,0.15808465215370404,0,0
29.842752743793703,85.17411306528824,2,0.3432794606387439,0,0
31.843010192513542,85.96359268203443,2,0.20650126872727625,0,0
30.0,112.34730661789158,2,0.0,1,0
24.391888232647286,105.80132615556558,1,0.20474487683750908,0,0
27.94193583353362,91.67810909623714,3,0.24363803996895683,0,0
27.764321508736874,105.61849013239383,1,3.8421756592127387,0,0
22.34176788809483,107.13752180062076,3,0.2914577924015269,0,0
22.71548916592851,90.7604825422011,2,0.15320265259057209,0,0
21.455262182817236,102.08447164409776,1,0.19578275826341596,0,0
28.518394768628024,3.929228831869582,1,8.09489729386388,0,2
27.253912461589444,101.47660299660592,77,5.203098883925694,0,4
24.451928990806913,108.3407572943396,2,0.37792767424864593,0,0
22.899732470286658,100.18425588520732,3,0.22582064029768745,0,0
28.323943137772083,88.81307841312221,2,0.2271351854710062,0,0
-98.17150938185209,86.03210883142883,2,8.745025384339414,0,1
20.823495303375044,107.12301306164457,2,0.4197971990195484,0,0
24.64034729900575,106.62679657156293,2,0.24251662605539082,0,0
261.69611945178093,85.77883055061763,3,334.77067580107524,0,1
27.504286557257114,110.17364809318494,1,0.3722470194040035,0,0
17.0,111.90296273879275,3,0.0,3,0
23.77081510480641,90.27670850255986,3,0.25466424621259165,0,0
20.014326356818312,100.81022873744601,2,0.014326356818312291,8,0
28.301354502703777,92.99132924290072,3,0.03854156695053845,1,0
19.379598851933896,94.35591573750649,2,0.2130507209507435,0,0
22.570317916067857,101.95990763714829,2,0.3622828406883123,0,0
23.45128337238877,90.64696599307136,1,0.37609188375219915,0,0
20.65431607253845,85.54372123137189,3,0.09687400660077472,0,0
22.982113628429182,86.1779515494598,1,0.5988679016788439,0,0
20.235554120607933,96.01833103842128,3,0.024654026220282788,1,0
25.81943641505783,7.968096754129758,1,4.229785474831523,0,2
24.08711995521691,85.29907704203555,1,0.030656184186572233,1,0
26.59702939560257,103.3374811850118,3,0.0,26,3
22.580438940367156,98.75197320835301,2,0.0,27,3
27.13203953785311,100.23682628593832,3,0.1208408927690563,0,0
27.85626804287998,9.448150176089058,3,6.316694785361555,0,2
28.30742497921426,92.46075428413405,1,0.07834675194477825,0,0
29.431855359496552,89.03728801312323,2,0.18872288948651317,0,0
23.19925193651858,103.80351451155533,3,0.12806349573867948,0,0
23.309786937881796,90.20385994344439,9,5.197519907978577,0,4
32.135813395227004,106.00919061651422,2,0.467682401739669,0,0
20.832770442162936,85.29936329975348,1,0.29607313977274075,0,0
27.803539185930614,101.95221374440317,2,0.04599164641189546,2,0
274.66266110348926,105.81961209457958,1,66.40762945275713,0,1
23.436517339957504,107.48108309934871,3,0.37629623417523206,0,0
28.08823099982795,5.922241705139061,3,4.4280771239091905,0,2
21.433581824694986,90.95933730692218,2,0.2774428619637632,0,0
24.863846180227338,102.57425182645733,3,0.25751511784389436,0,0
32.0356337393157,110.4304359388665,1,0.46974464777370173,0,0
24.2023263280146,87.64847495754749,42,0.9005160964858021,0,4
22.423205269582848,105.16178507985207,1,0.2819432551088603,0,0
27.655376039062315,100.35706363808872,1,0.2865597944713052,0,0
27.896568405838938,93.77838182270396,1,0.2568651967865492,0,0
24.676770739147432,86.75695915853602,1,0.3494028774064937,0,0
25.985050851908255,103.88064827886815,1,0.5658511297872941,0,0
20.523513990720584,104.52173153001401,3,0.1730556191875401,0,0
30.900857243164683,100.39208268590315,1,0.38592209768570385,0,0
26.656648349426618,100.19796088550379,77,1.032158936712431,0,4
31.216460852726403,98.29960962318096,1,0.4352101955348715,0,0
23.718466967297786,109.71233385736899,1,0.25068000750189867,0,0
25.054242643337236,112.45295363470089,1,0.13161828993093394,0,0
22.580438940367156,90.30589636281746,2,0.0,13,3
27.643691333920188,99.8438306482562,1,0.16805855631606903,0,0
28.6455164316775,90.74563966150444,1,0.2643913721442672,0,0
24.162251863410678,104.7853230592231,3,0.38619713590243165,0,0
26.941232412474594,94.48314663822687,1,0.3958287117874093,0,0
23.206101063792964,111.4375204504567,2,0.44171779184047466,0,0
22.272482424813195,106.87929401431619,1,0.20605063109287158,0,0
20.43520185355763,87.75499923565481,2,0.0,4,3
29.54617371504054,1.9806734920772326,3,5.386847344716326,0,2
25.113363035325143,88.86609602420336,2,0.3909801006777158,0,0
23.07714932804835,103.04661637899471,1,0.28160863493344124,0,0
27.107528962791093,96.95506086411942,2,0.3097130728898918,0,0
31.270732367409405,106.1058502054459,2,0.45567484424567084,0,0
31.912701421324037,111.22889680666523,1,0.5148916323081885,0,0
22.096548061035502,95.55129453876425,3,0.15281144412702474,0,0
25.430697880703512,101.74695250838982,3,0.4444805557270044,0,0
26.574719065094097,90.16582802277263,2,0.424738155617451,0,0
24.202164612032227,93.03322943812353,2,0.015091459109054739,1,0
22.132855980662185,88.88544763848412,2,0.2812799488935518,0,0
32.5,98.06308386706107,2,0.0,1,0
31.211016980153016,87.48781457529178,1,0.41669948199886164,0,0
23.82468245983909,93.76746870218163,1,0.5809073567598162,0,0
20.363184875264068,99.22642649972391,3,0.5331197869361191,0,0
29.1995216308457,95.25135638025066,1,0.19577739527978721,0,0
21.341895363066705,110.24342659254279,2,0.17715006406841383,0,0
22.8482318217349,105.13472420139067,3,0.43161057816778126,0,0
22.947779523846197,92.80473372886154,2,0.09744801711100592,0,0
22.636209116974694,92.66009121289733,3,0.15185046584075224,0,0
21.72668195635677,102.16145930107902,2,0.3631028154957754,0,0
23.516150858593818,89.99510641148545,2,0.09575141259954734,0,0
30.3684104513425,88.64854470458948,3,0.2301823033500625,0,0
19.914622972020975,99.77553081456591,3,0.09228466155163062,0,0
25.911638834878133,88.60627166111826,3,0.38140105941002744,0,0
26.214293786195046,106.0694355515725,9,0.9693084029487693,0,4
-68.76335740521928,99.0940622709304,3,14.28748812787218,0,1
30.071966068946306,87.17045529692457,2,0.07739396705608925,0,0
24.19126210332035,86.26601405743895,2,0.20481446702099504,0,0
27.701972009429905,89.85017006661134,2,0.36728661566318266,0,0
23.036785534446498,100.47038283089493,3,0.12071320003273911,0,0
19.460408147396258,90.31332038221147,3,0.17456675508860187,0,0
31.39221995644994,98.91027417319535,3,0.1464379732304586,0,0
28.155869805157685,103.82336829450827,77,7.409737398584113,0,4
27.78674664894156,101.9177337376289,9,5.324698963853741,0,4
27.76129972614399,113.6028095020244,9,6.075703005581772,0,4
25.015294840663366,110.80367191567613,3,0.233978263351851,0,0
22.89773148148299,91.82265186170588,1,0.12753699641635663,0,0
26.265656880508836,93.52312447682299,2,0.17283793100131462,0,0
29.41425594835272,5.192856404574814,2,1.2259269562115414,0,2
28.163701891133403,108.00017456008462,3,0.0,19,3
24.88155956087309,1.0476056081752376,1,0.5831089491338908,0,2
20.43520185355763,95.96183615869269,3,0.0,10,3
27.09650684613614,110.41890236606481,2,0.10535448607964781,0,0
20.43520185355763,104.15575138574994,3,0.0,27,3
22.882118975891068,99.48906616256066,2,0.05017573591452873,0,0
21.477580297512354,92.23604372798624,1,0.5854550704273294,0,0
24.113717871629884,104.13466537778231,3,0.22586682383397516,0,0
32.1176581650109,107.2737269264067,2,0.06609912172518051,0,0
31.93839207685834,106.48280447469884,2,0.28001256944099495,0,0
21.306101590015135,106.24217733388136,2,0.12133801409185097,0,0
22.53226765670444,112.17735013703943,2,0.21692964265657366,0,0
32.20996412217996,105.65887869701629,3,0.12608578221691857,0,0
21.692992678628578,87.58407314647108,3,0.2641336002179351,0,0
-71.43933376987519,87.56992582140919,2,294.42433631106593,0,1
25.31398306996322,85.78088649451405,1,0.0,16,3
26.73639353281442,93.3702487104339,1,0.26093967897763193,0,0
23.750827067646302,110.17299096398835,3,0.1959728514048038,0,0
25.31398306996322,103.66874127512925,3,0.0,26,3
30.50191539627356,112.82268509448286,1,0.014289287682029084,1,0
21.376879784592724,110.22355215817343,1,0.04485502853262702,1,0
25.890275232227904,90.92458844956097,1,0.08661185203409971,0,0
28.803251102603987,109.80182945188847,1,0.17433330638827726,0,0
24.21177834421172,114.72037471197297,3,0.09714045586581577,0,0
282.7204621440294,100.01269730897602,2,56.09972906739728,0,1
25.46279104790284,2.5751633273924632,3,0.5374732378062426,0,2
-95.11479481547033,103.55790884503304,1,13.695945333358722,0,1
219.38024149435591,113.21936030081571,3,309.89206358705536,0,1
21.833948235904167,86.10164087502463,3,0.33711742907777165,0,0
25.240767722493207,90.60721889350354,2,0.3510477211456049,0,0
24.05650959508206,111.01882602879407,2,0.42069807491309064,0,0
20.64096451567594,96.81045657971839,3,0.11441551002173966,0,0
21.94765354896091,100.38249699381788,3,0.4449566068057358,0,0
26.563875284955927,90.68082627375588,3,0.514900570273717,0,0
22.9961380742744,91.48114547528799,2,0.16899157762824757,0,0
23.214480248921298,108.6211587444782,3,0.5864369560931735,0,0
23.04913822117802,89.06984401481134,1,0.2910249402090379,0,0
27.928359716568533,90.17972203292769,3,0.4880062556762077,0,0
24.806547820938555,89.64825356013807,3,0.20151133101141383,0,0
31.977959436766792,94.82130040346198,3,0.12123105298642756,0,0
22.919477869951468,105.5976974047782,3,0.12455454353926498,0,0
22.06672937789076,3.7331493301724645,1,0.2030354897290465,0,2
268.73626445894865,94.87410116668241,3,39.43338640712568,0,1
24.151449855891638,106.23042804222747,3,0.34187637253376124,0,0
25.823963430116198,92.42894929214316,3,0.5497657437653949,0,0
22.584200103475773,91.11152179833,1,0.297381621816875,0,0
28.700479966063916,7.589527582655948,2,7.647551383504467,0,2
21.328239009615594,105.34367504609939,3,0.523193014802132,0,0
23.71961326931379,95.4649572237589,3,0.01487138487852846,1,0
27.45638081302882,98.55607133956833,2,0.35640772897056294,0,0
28.967399191000634,87.16815127034054,1,0.3993348852279546,0,0
26.82890805864827,85.65959566117971,3,0.3100844076410425,0,0
25.703993077010352,101.28821333467982,3,0.15785325441139264,0,0
29.44546651508442,106.5360355339379,3,0.06452874515332496,0,0
20.312713777472673,1.9451058285839777,2,0.4533223856644284,0,2
18.896333668820237,85.63808232551162,3,0.4441186486811155,0,0
21.821524058720225,101.61979766509393,3,0.4613744731161127,0,0
24.491564912250148,111.85318677190276,3,0.4533991242909785,0,0
22.44970464133689,92.10799974719946,3,0.32732570359809543,0,0
30.00323028802794,103.6778138968807,1,0.1354135271352206,0,0
20.746251178257275,97.83319401207586,1,0.585266867683238,0,0
23.75380138737499,92.33965163814139,3,0.3855113044474159,0,0
32.09712067735575,109.16910775824755,2,0.5399460111986443,0,0
31.526116005644926,103.6488873412964,1,0.3519040251117147,0,0
27.55461713098246,96.13359073656196,3,0.0,26,3
21.776198194552023,113.9578560749594,3,0.0,13,3
25.938643959185235,103.18649926662297,3,0.388566712602902,0,0
21.541248551820146,100.54617196547562,3,0.591170604449502,0,0
26.229658648648645,98.55303036211687,2,0.14863118961188704,0,0
31.781257154780775,93.41389672613957,1,0.11011497678444115,0,0
21.49553039860454,95.71088031910037,3,0.589153837104849,0,0
25.688139356193503,100.54031294128293,1,0.5669536680334843,0,0
22.532210007845965,93.12496753786223,2,0.3542234337224457,0,0
23.54230073840099,87.68419368431162,2,0.05549712015702113,0,0
24.074001316558267,104.85906834381606,1,0.28243796768957097,0,0
24.311086397579327,109.4786736824562,2,0.27393888132218436,0,0
23.192110358872725,97.72711735885821,99,3.189284526037518,0,4
22.49483586530782,105.1303742453461,2,0.0,5,3
28.87868152893665,96.39701566968112,2,0.31498065528712615,0,0
20.0,97.73717821557867,1,0.4836607837230176,0,0
25.0732352798734,110.74968816636574,2,0.33327349208135004,0,0
22.353576201763783,87.01702540271684,3,0.3423649350439746,0,0
30.273358662966505,105.83625922111821,3,0.01638320618559419,1,0
22.95522982785629,102.77223353978553,3,0.02329610720802222,1,0
22.451530295515315,7.6424202550666855,1,0.28050476498701116,0,2
29.230991383724362,102.97037911343837,1,0.14971064100370057,0,0
22.46861773109905,95.53658162046342,2,0.0500116864949085,0,0
28.841622235451865,91.53674138880231,3,0.27365452872216167,0,0
20.153602579533857,101.70403787375051,2,0.396608703976689,0,0
27.441791251989375,101.51635901859987,3,0.42069623676792034,0,0
23.078081339229744,97.53905524041662,2,0.3127561963895431,0,0
29.76660637210142,98.47554305175916,42,8.155864591406733,0,4
-71.4719974129551,98.76304869869779,1,276.47207409415006,0,1
22.61123488287105,89.78999048101453,1,0.42407003956799727,0,0
24.318560303740032,97.29714669088865,3,0.457996570891936,0,0
22.099868137406617,108.50161659987515,1,0.3616420633657569,0,0
20.145284513636106,105.90211496092452,2,0.45820220685401125,0,0
23.19855218767463,87.1279664840132,3,0.16092483765159926,0,0
27.24300212451167,97.8232576256968,3,0.31518307050736993,0,0
24.867388546597706,106.20331650656337,1,0.14057398392483478,0,0
28.681466487286567,88.13005158607247,42,0.5255966821288816,0,4
24.44480074455498,108.84428646249788,1,0.4036514145699961,0,0
27.34115484958616,97.39583436408392,1,0.177851012938266,0,0
20.039815589747377,87.66107601271167,2,0.38758741886790204,0,0
21.694667088884394,4.995542784221998,3,0.012759244601848962,1,2
27.7146721189922,90.00850537103408,2,0.4976991944731921,0,0
27.625256770939757,107.06674594803751,9,4.059501778111031,0,4
20.893510432735777,100.15620320729914,2,0.3643242425298432,0,0
22.273024072385237,92.62675090247527,99,5.830301003373119,0,4
25.778716768778214,113.85372242878671,99,5.449530901138676,0,4
25.6958500292362,100.4422658127034,2,0.07106175812214843,0,0
26.741680405566548,109.71632090877412,99,2.3532023084529072,0,4
21.70470708039764,110.74531159471492,2,0.37510566708290227,0,0
24.616013799357273,100.5793807792691,3,0.1986689674582749,0,0
21.976113229351697,85.12562330883874,2,0.5078903257335128,0,0
22.915873496867317,110.90642567543635,2,0.019911076832222818,2,0
21.776198194552023,113.40397833387277,2,0.0,9,3
19.621051614759214,113.4665661176,2,0.521938088417663,0,0
21.467450859682096,87.84547579759469,2,0.503751086135324,0,0
21.104343713087165,99.14761199377458,99,0.45730174468865314,0,4
27.725051824453477,106.96902311824543,1,0.4155816153370502,0,0
30.64430109684534,89.80927118546707,2,0.2541456378622726,0,0
23.65842890094012,95.42714572716946,3,0.30739599467429457,0,0
20.566647117586943,88.06996538602189,3,0.578365189249304,0,0
20.481507891732008,100.14882756826503,42,2.5421824460273754,0,4
31.14053769382299,96.68878052074031,2,0.32742109339566383,0,0
23.229167372805485,97.37865522545871,3,0.13016916218660413,0,0
20.43520185355763,110.99245388574472,1,0.0,22,3
210.8281732805304,91.2219615348741,3,54.408993366417064,0,1
24.618413942588155,91.33474112295781,3,0.49295212941964195,0,0
23.805661329472162,91.87963723863065,2,0.0,24,3
20.227121360658998,101.75212749207415,1,0.3325762991129224,0,0
-56.14863643691814,99.2897834175659,3,30.906926464556634,0,1
23.949530738100357,112.09820866716743,2,0.19375944638838405,0,0
27.96494535333728,85.16956314523554,3,0.3818544016445564,0,0
24.300175029846507,111.93865648555058,3,0.02987959116993366,1,0
23.220197193990327,101.52572111827418,2,0.18629037676682714,0,0
28.18750718459581,95.20668983353771,3,0.14400160017288854,0,0
165.23582154669919,106.12464252366621,1,86.5450650854572,0,1
166.60585332097662,90.19610892279736,3,262.0404094420686,0,1
22.682895796722153,101.72011508719024,2,0.3079239801377618,0,0
22.736955159663488,3.058785851080491,3,3.7733778203683883,0,2
21.285404168122728,113.93429961702435,2,0.33073422111039363,0,0
28.903311725600393,96.50702173021877,1,0.5160064533492879,0,0
23.89142700210295,107.38392934715927,2,0.3064604711372816,0,0
22.595242577547594,89.46664150997334,1,0.2076820603943048,0,0
21.61074178069469,114.41346695909178,9,0.19715047183319,0,4
25.71175339451883,94.38502592572661,1,0.2246812121528201,0,0
29.044637585523287,102.05812640709803,9,8.386959887177529,0,4
30.562143450661193,105.69688009940083,1,0.04195761032319112,2,0
26.967410002096507,112.01881883784692,9,0.9264196047897855,0,4
23.32823444104194,95.21161312763518,1,0.13738571431569468,0,0
30.879303179660877,93.2050859748912,1,0.25563774765012326,0,0
32.5,99.53418427099578,3,0.0,1,0
23.163339091885522,87.91162392950133,9,3.0111807275576403,0,4
22.519768651251198,114.05611995099676,1,0.1881072761694682,0,0
23.057633057768296,89.61247936308754,2,0.019497387840072378,1,0
27.405183646824494,109.97513200097063,9,3.631699080426369,0,4
20.85149314272431,86.62996104468712,2,0.1554692362700827,0,0
28.349341485264098,94.08174388234657,99,1.7353211540762672,0,4
29.542370316546318,9.20847258826311,2,8.74321922308025,0,2
32.03526265218352,101.36464444170886,2,0.2126226027433873,0,0
21.830112731555694,106.43787768100186,2,0.05907199764734372,0,0
31.804133346135245,86.90607167271756,2,0.217752735020607,0,0
31.557174666157103,110.09419574997914,1,0.13795051459150542,0,0
22.95756884128855,96.04928591520545,3,0.5956012051526969,0,0
21.01817386142888,88.60477776206866,1,0.5984586893678383,0,0
23.367842925219758,107.9905384167217,2,0.5208395893567683,0,0
22.773002459789627,98.66700345970327,3,0.5531922950846173,0,0
21.61688907318421,98.48796718023212,2,0.15670643677025353,0,0
23.18904691061583,101.96672449679161,2,0.09840093969557628,0,0
24.285513921736364,93.09388173677092,2,0.20293549476744843,0,0
168.80718430147206,97.85028383304882,3,240.06165489111675,0,1
24.004967004970172,104.44090954165642,2,0.3902580145399597,0,0
30.632607403096756,110.41472371009323,1,0.5613745643898262,0,0
21.80423605377646,100.55685065997201,3,0.4520594648412626,0,0
19.260769174960824,111.9133077985773,3,0.27114681464428614,0,0
24.696288806423652,111.32095137139206,9,1.1379850197470418,0,4
25.756580215060087,103.92311260517862,3,0.2577530367835017,0,0
21.014748116416495,89.92811348367785,2,0.17187541158089914,0,0
21.760670360376576,92.30336902086235,1,0.0,4,3
18.789859234929093,109.67611728769506,2,0.493112621392612,0,0
20.78347795345382,99.82035011797917,1,0.3985949444749437,0,0
28.46700892589446,113.70507002629189,2,0.4300480557132751,0,0
22.94054360866439,105.80854172421385,3,0.20137076026127332,0,0
30.017267101428985,109.57493500288689,1,0.4424121002828194,0,0
22.4785180104285,87.22316267724601,2,0.17798160894251325,0,0
29.66922117564535,100.15492054879944,2,0.25817678806726363,0,0
29.41445712105732,106.48189160258674,1,0.5646879991528309,0,0
23.708110771806506,91.5916825033119,3,0.2259515981127045,0,0
22.383045623141268,94.75871855085244,2,0.4657418267208442,0,0
21.794930730702454,92.39969340534333,1,0.5665907384848978,0,0
150.37913247478633,114.47271301480338,1,42.72391678651317,0,1
284.5806196397687,93.32837508884,3,363.23551527362685,0,1
22.5,112.95832418963116,2,0.0,3,0
21.301105083150695,95.35669428405076,3,0.4633939278280792,0,0
20.818113901063594,99.14948472251785,1,0.3907088794661995,0,0
25.425532437766115,2.3236580866699494,2,3.0780954388123902,0,2
25.27545448635394,104.09122844600122,3,0.5268821753403508,0,0
22.206092829454835,104.35712933659995,1,0.3030444225202231,0,0
21.760670360376576,105.70394043810677,3,0.0,10,3
28.610921309079295,87.69630555208482,3,0.5167270969149804,0,0
25.26986218326428,103.43874348038247,2,0.0,38,3
30.357590595326137,89.58829559426279,1,0.5918541911716915,0,0
26.981576440198452,102.5221572980131,77,1.9144375110454916,0,4
20.0,95.99653562137678,2,0.32740810011180344,0,0
22.87822855921376,87.58747513911895,3,0.2532755800109001,0,0
20.06890969360417,92.6806351918454,2,0.06890969360416932,0,0
150.2127330200873,101.40210843951604,1,218.0725575809435,0,1
32.15947388506678,111.6727719474688,2,0.10489819655119703,0,0
27.908889431859524,95.29801471217212,3,0.0,10,3
28.053577402649257,85.83556722463223,2,0.2896900906382598,0,0
24.17870848171563,92.53923061426471,2,0.13544338923462362,0,0
27.310427955939073,93.50521570812818,3,0.053858023235271446,0,0
24.572608045918205,89.45872391409715,9,3.8790913357322374,0,4
26.557493853218865,85.97578538473756,3,0.44250614678113465,0,0
-59.2601913670012,90.72322456050159,1,307.86914729120065,0,1
27.229999595937493,96.21520257896356,42,1.4621025109651313,0,4
27.93386836667073,86.56555173390284,3,0.2916168745754639,0,0
20.958589927039636,99.06079479384911,2,0.4059944456533664,0,0
31.483942850912925,87.43563361151294,3,0.3147614876325271,0,0
24.807935306152824,113.15342921231223,2,0.3142501880952011,0,0
30.95414400217552,104.64823313701964,2,0.4584735901509198,0,0
31.246425021186635,100.97043183863886,2,0.011146788815910469,1,0
-78.65489563385813,88.55720299122851,2,298.03513712821405,0,1
-53.79827537848727,110.13272336051018,3,44.232216477028395,0,1
23.66015387591876,3.3886677054124412,3,5.588568678415342,0,2
21.79514876584432,90.48513339606451,3,0.33754823961169933,0,0
31.022940782906616,91.20958909000359,2,0.4607973322454235,0,0
28.062461495859324,107.50498949129371,99,7.730498345203706,0,4
22.68707366403822,97.10442907080999,2,0.5916212857435816,0,0
21.167529671580084,4.446237584703584,2,3.6798839024168366,0,2
31.43551986607162,110.63695506823721,2,0.25118862333116,0,0
23.74746146767398,109.16290129137937,1,0.20531178850317033,0,0
22.959334782836773,103.48872245062434,2,0.34809989996572455,0,0
17.369545848578696,86.5427744045275,3,0.11409351684030611,0,0
23.177550057857562,96.61967553925942,2,0.5149736606540252,0,0
26.26140583409077,90.0918528573077,1,0.40484049572418,0,0
24.32110825112333,106.95618211859502,3,0.25030025492139174,0,0
21.62587900677825,100.88600845067373,2,0.4486348103806179,0,0
22.352402894477045,95.80571924233789,3,0.387120672791589,0,0
29.348631027604398,94.07866855245666,2,0.2723022596144169,0,0
23.387069814618116,106.28316593901924,1,0.2697129827555891,0,0
20.023058109925355,87.26815121850252,2,0.5553220203038478,0,0
21.46923027100606,5.94478187921367,2,0.866965713774384,0,2
242.53286748912242,100.64465865117668,1,36.739408932763666,0,1
24.53173411893882,101.52737919843658,2,0.0,8,3
24.079455290025408,107.80104705409522,2,0.3846090050785307,0,0
21.863387688945842,86.81056251971691,3,0.5020440215632931,0,0
22.807948422921555,90.89257647616053,1,0.4487975665632078,0,0
27.966836460730264,90.76029329570784,99,5.542677335281624,0,4
24.381689644708008,106.57735601727495,2,0.5437441372729666,0,0
27.671896440770123,93.56738848715909,3,0.039135197462488946,1,0
26.809197378237076,101.26100035291606,1,0.017663139467760658,1,0
22.17106566498194,85.22992097947676,2,0.593393041007495,0,0
24.39234470630686,87.58348331519122,1,0.006208858079343571,1,0
24.176076670231776,105.4149790622414,3,0.5011427452609887,0,0
-81.80874796011398,96.90778841871442,1,28.56684849745288,0,1
27.115129003118184,4.473427755932455,3,0.7846864900085677,0,2
30.0,86.5589829439354,2,0.04534208392955463,1,0
22.788059582815446,103.35493060309665,2,0.37760520565198874,0,0
25.31398306996322,88.25495035211316,1,0.0,5,3
20.865272493046994,112.92271976810694,3,0.1910357516963792,0,0
23.40424909970779,97.68059858972278,2,0.5910442314993354,0,0
24.72469337469018,90.04835765523138,1,0.1399234307300894,0,0
24.19938994698305,95.16909778518465,3,0.3274487236582253,0,0
24.354884320285116,93.17872002200602,2,0.25938080906783156,0,0
22.5,99.29703830740056,2,0.08420010347577289,0,0
26.12598367495628,85.66403353088491,3,0.059885677690967754,0,0
23.802825306213734,108.48545853959973,2,0.5372005712392038,0,0
20.910524087385692,111.86569685488601,2,0.21594047876326528,0,0
28.228766565887486,109.50380108723043,2,0.06082865363375234,0,0
25.745320931733602,109.18049513809207,2,0.5199316948548791,0,0
-85.09013509245352,102.66169270921222,2,6.324309677301542,0,1
30.967625132909966,112.34790659680823,3,0.27879988827666935,0,0
25.85656533836659,105.03281774809459,3,0.05379360991961235,0,0
31.39511598989659,106.45316840854268,1,0.47344662268870863,0,0
23.694743753185858,106.31054502136996,1,0.4019685428195565,0,0
23.110957401304052,101.98542073675213,1,0.34048590129028256,0,0
30.51620468395559,98.0382296160176,3,0.48609375335337646,0,0
30.592853230552713,86.05194847056156,2,0.2423499619837024,0,0
31.33355276014886,103.83101240802219,3,0.288043133981013,0,0
28.394936208758157,85.60365165559222,2,0.4589941260817625,0,0
21.695201603294624,7.687723733791619,3,1.5971204561548618,0,2
28.924325383271643,88.53961624973186,9,0.6234501409805091,0,4
29.65851256795326,88.52386218389152,2,0.4275211842288975,0,0
23.139643620151794,104.5060327719446,3,0.14350554587739595,0,0
32.38218920375016,92.25558841194238,3,0.519555058280492,0,0
-83.36727495474744,90.9620999161047,3,241.7643176840004,0,1
31.52477257306066,109.45540695909668,3,0.5018317901540428,0,0
29.403774569079566,94.50053068050778,2,0.14664381130870652,0,0
25.155105147051334,113.07811744745678,2,0.09677427109156156,0,0
24.72681456267287,92.4614281776289,3,0.08293497160583385,0,0
28.361348687787405,99.97249903193575,42,0.2625328307302972,0,4
22.655057083194045,89.48144908679296,1,0.017651239125942908,2,0
23.845351970782932,101.09734570085861,2,0.3723109566207441,0,0
21.10090283698883,101.06969798042735,2,0.26813239482589424,0,0
21.678789010828464,99.5862119468989,1,0.0,10,3
26.504382637665866,113.68814802423061,99,1.2823640112756927,0,4
27.270696599501367,90.18271954843262,3,0.24975938755632043,0,0
29.954657916070445,105.9793876346591,1,0.15506303160995216,0,0
21.928222940652674,98.48049226118926,2,0.0037007409358018606,1,0
29.635574217457666,106.76168804985498,3,0.17824099084000977,0,0
28.928306262632393,8.14840727492885,2,7.115047701589262,0,2
31.0573780606121,103.83198206686797,3,0.4672963872432554,0,0
25.00549890963156,93.32394039174862,3,0.2868803711272463,0,0
31.795391787471303,96.06647564667668,3,0.4059446660038688,0,0
20.620239395750954,101.42848301961241,3,0.10245050734914685,0,0
23.483611863894676,94.25056365028595,3,0.5238842616850086,0,0
26.972743463759475,86.52497992640046,42,4.538179886039497,0,4
31.404166808079964,88.0208080331141,3,0.5831523625384207,0,0
22.000684835960968,113.8425273353972,1,0.0949241654889299,0,0
28.387305272251105,112.02280487352198,3,0.047300939166401434,1,0
21.786893214388744,96.83716945956772,1,0.19871858521350205,0,0
22.195631655478056,108.69095521427437,1,0.3814585011735616,0,0
28.56806430577268,102.60461335220691,3,0.23650936591290872,0,0
31.387393119763505,101.14238628622162,1,0.15175662630486642,0,0
29.353822607327864,110.87767724024091,9,3.509333564212735,0,4
21.3756881645446,110.50953124472797,3,0.5129102423463472,0,0
23.134593267936797,94.87017188986698,3,0.1803563688882086,0,0
30.91256373037577,95.8997342670703,1,0.48032855537595864,0,0
31.9027430895879,87.66926607608015,1,0.30597447977899606,0,0
31.408473315196296,103.28515367348294,1,0.5732379541216268,0,0
23.421803259792487,113.01625052583715,2,0.05736116605987718,0,0
24.661421355603153,107.49517850936272,99,2.808324691264552,0,4
22.58666979447912,93.8587148214383,2,0.11655206084083503,0,0
27.5320621301057,88.11621370836431,2,0.4475324815707893,0,0
25.173726727619247,104.47275221615644,1,0.4569257066185699,0,0
25.655094937926023,114.86264538776368,1,0.2797924537641592,0,0
20.013198689843296,3.425465222788354,2,0.1560948344120554,0,2
29.376666832408574,101.55486200602505,3,0.02322236602510941,1,0
20.3580179643306,107.22712168456215,2,0.3038113569577163,0,0
30.713131229193035,99.40800776996882,3,0.41906297363292566,0,0
31.371288121650434,95.70951076420339,2,0.2112672060159042,0,0
21.760670360376576,87.09448904456686,1,0.0,2,3
22.098182242768658,99.51407619581941,1,0.2030628359098401,0,0
23.40484945241479,88.50243708306387,1,0.027943499160301144,1,0
32.5,114.70575367755015,3,0.0,6,0
22.42415912544864,102.83495097249275,99,0.7956717473925998,0,4
28.530787420960053,93.2776808314164,3,0.08512515683679922,0,0
22.134833628547327,113.54269662536697,3,0.5092996633751206,0,0
23.27984239990268,100.54024199213875,2,0.3636024863494036,0,0
30.135682108443838,102.66278390695028,2,0.017259895813225512,1,0
20.02007045838974,111.17297072605436,42,0.7831605985055958,0,4
27.18695387147539,101.41333959214843,42,2.5771560045418163,0,4
28.396197758262872,101.57014040366508,2,0.21520469431628086,0,0
31.2792886657998,109.86691335927634,3,0.22262803696018807,0,0
30.320585242753893,114.34808457996965,2,0.019153271726583654,1,0
25.06053533141701,113.1366092828465,1,0.2347689041344907,0,0
25.84111676404555,114.00905543854947,1,0.06537862260820759,0,0
21.885633775618185,88.40938116090159,2,0.5375714939646627,0,0
23.613519073999168,100.16902460265877,2,0.17469006144833443,0,0
20.205714646876956,9.780811385221055,1,8.207368868120064,0,2
25.17799845225896,113.63999070637206,1,0.5717478353224905,0,0
26.718688320338455,114.00118420055381,2,0.1367388772177982,0,0
27.94409667822578,109.03629700730886,2,0.05513361286854135,0,0
23.131045394702454,113.00239381070364,3,0.2669726341171277,0,0
23.124736048828513,105.98583611207715,1,0.06704497703875134,0,0
24.9987909189024,104.48526789122342,1,0.5773414894415225,0,0
31.79750466895114,114.13892380919776,2,0.22828250017777663,0,0
24.65595504837924,7.164853634650417,1,1.1785572254199828,0,2
20.529186190205934,111.47249105222016,1,0.4998430980127395,0,0
27.701928298279768,96.43301540835442,1,0.1964453747115087,0,0
23.93741888930504,99.73991295736393,1,0.36619141001356326,0,0
23.776054727508246,96.48396293309163,2,0.2353873741655086,0,0
26.510332980031876,6.791019870051066,3,2.6010247212689563,0,2
182.46646251175073,89.25111514082116,1,17.23064096505155,0,1
28.74762523781461,102.43786115257879,77,1.7740445694769065,0,4
21.33469004469659,3.2308425782887884,2,8.357731259883789,0,2
27.0,113.13895694301682,3,0.0,1,0
264.6330725763463,101.61329687797745,2,355.16526119231304,0,1
26.510977938884782,110.57616222567901,3,0.19548750281347793,0,0
27.30679612096817,99.2128046121616,1,0.43261378390493377,0,0
22.72458130588402,97.25359639212095,3,0.4956158881063075,0,0
21.760670360376576,104.91142496354408,2,0.0,18,3
24.89785459913629,95.86880470000614,2,0.5520624320566867,0,0
22.15506486862506,114.9009056155893,3,0.011306553779746764,1,0
22.836030272596325,104.6304803848697,42,3.073969318263213,0,4
24.83648884790972,99.88776258647084,3,0.5365088005302212,0,0
27.908889431859524,105.17204646389231,2,0.0,5,3
28.38502525323637,106.66948531881862,9,5.5685241402845165,0,4
29.84387086356083,110.3904633959927,1,0.39867094020468485,0,0
29.619891863303327,98.54010175462292,1,0.22782333469103833,0,0
21.58792941500337,102.20313664369858,3,0.5407285763250655,0,0
22.5,106.61301106677334,3,0.0,3,0
27.82988357265736,2.217371570986905,1,1.7236962706938215,0,2
22.062734020077023,107.00843141684206,1,0.39304547468024964,0,0
22.5,113.27829130475966,2,0.05697382057951472,0,0
21.758578813161925,7.859874136393322,2,3.4784050495511636,0,2
18.593262729042724,104.76350100132152,2,0.3678733774337388,0,0
26.59702939560257,91.09868666307868,3,0.0,25,3
22.202604112313573,97.35296624753525,3,0.045245326799271623,1,0
21.895794028659093,100.89626876554618,2,0.525060404888805,0,0
26.01551925874069,100.13508772164508,1,0.33074042424024697,0,0
32.47963873706036,107.85415764864857,1,0.40175819109592936,0,0
25.52267752450268,7.267445302706782,2,3.739596977555621,0,2
27.399682977832175,99.76349971257585,1,0.24530834577298322,0,0
22.212842243211238,112.62299825390072,2,0.15466447388384807,0,0
23.340163161387057,86.47926961329475,3,0.46512356738878324,0,0
29.100267618218435,88.2147009078077,3,0.03858898198180327,1,0
25.019808328471456,94.50712413161874,3,0.5183552230899977,0,0
-88.16816296832367,114.41620912094062,3,36.884044828544376,0,1
23.592980416761126,101.20035743813531,1,0.31954550170748064,0,0
29.738202201993097,95.04570852996943,3,0.2866474266803074,0,0
28.115386351748224,87.33981599228227,2,0.2668482091593596,0,0
21.360149585604113,101.40031794691936,2,0.28987933016019696,0,0
27.155822595394906,113.79750068926273,2,0.28653363470231596,0,0
22.32863989790841,92.51638176793385,2,0.0,5,3
20.0,86.5367288921294,1,0.11657963444982045,0,0
28.163701891133403,102.91294046831133,3,0.0,13,3
23.27404973644315,88.19445289854119,3,0.18578419404524382,0,0
31.353826709114994,110.26748755597703,1,0.30637657425207365,0,0
21.120161719211527,112.076587200387,3,0.4762513573968796,0,0
-95.85412396436027,86.86953175147556,2,29.49278970081565,0,1
20.14982401682575,87.17566950863444,2,0.34883270899894825,0,0
-72.85489342611903,107.85024716182551,3,322.9591630498902,0,1
25.26986218326428,93.72926517246596,3,0.0,41,3
20.45235072982926,105.37199813486912,3,0.1956326444677785,0,0
29.10682856668258,111.38388080535677,2,0.04084333584558664,1,0
27.223136758746346,111.12431274326855,3,0.19984614635722764,0,0
22.733164393569243,102.30877450362937,1,0.30509962537693625,0,0
-70.93075523317444,114.33003153097181,2,9.03931050735833,0,1
23.194716603806178,97.76667633090153,2,0.5963886033750612,0,0
31.80095109719981,105.36139708646061,1,0.3413298504848754,0,0
17.230796961118788,95.37087980511758,2,0.2978411293116565,0,0
26.248231420934378,9.886823238997318,1,0.111270883604071,0,2
30.716397523321415,111.28610086674955,2,0.03492392119252585,1,0
30.538251777518173,101.32600006340883,2,0.14433458052101145,0,0
22.32863989790841,86.60250015803531,3,0.0,20,3
25.115028579701576,109.00010445291045,2,0.38489326571065163,0,0
25.493896068247242,102.07619389388283,3,0.4326597165538075,0,0
27.374890854760906,85.48601192018401,1,0.3354200417088755,0,0
30.835203192536415,102.70349267033413,1,0.03435580504394409,1,0
30.88410682261677,97.60870780162766,3,0.4013684921551537,0,0
25.8956235864281,87.39145219561856,2,0.1238556745194046,0,0
18.586961482400568,100.32241907732697,2,0.5916574433625712,0,0
20.0,106.57068461300803,1,0.4070008398339908,0,0
29.144728028304012,105.29083203618173,3,0.3506294337620126,0,0
32.26913232697979,102.50158696983245,2,0.09086316639744751,0,0
27.55461713098246,111.93115679417741,3,0.0,28,3
17.273826507444323,99.86473948618595,1,0.2738265074443227,0,0
17.616758406775364,108.65791633673592,2,0.47267109966114873,0,0
230.58083345794498,103.57623775089469,2,330.4504602883133,0,1
24.135221233605655,106.55380534969501,2,0.39635371301370625,0,0
-81.2058022602163,108.54205342258298,1,359.6201020956738,0,1
23.975259829687573,98.59785317577578,2,0.3407430217174081,0,0
25.063514505631503,98.94549411112156,3,0.35260309457833827,0,0
22.306115788649183,109.77934638124245,3,0.25441682439693736,0,0
22.60012077658966,99.63562131779088,3,0.5514919731852395,0,0
17.0,114.47135850725819,2,0.0,5,0
20.318055312338412,4.786095204739537,3,0.20500240849479923,0,2
-96.2940412807021,111.74617569194739,2,342.06250858825655,0,1
22.52703690009386,114.16015988894611,3,0.04328101597399581,1,0
23.513543556318208,88.32994296373944,1,0.18141535923662389,0,0
20.07948356300641,85.35339628859926,2,0.34871194326008137,0,0
29.633933783698488,91.45390679274037,77,9.186714492178808,0,4
23.282970351598426,106.48493614532833,3,0.21082360334930428,0,0
22.249359505162527,85.48373939116645,2,0.23295798477148466,0,0
25.125603400997065,90.95230303580688,3,0.21422048338129684,0,0
284.85355908200495,107.44330723479807,1,374.2775331947936,0,1
22.958658433086267,89.7672450300806,3,0.31861547878933294,0,0
23.80091720501447,102.4975717693767,2,0.5656170869068156,0,0
28.52059407325015,101.28524123002224,1,0.2883756370127415,0,0
22.022349583616972,93.39801690837828,3,0.19223685206127783,0,0
31.891767622868443,85.13121946849029,2,0.12868689729033633,0,0
22.449390456936563,1.4513612335143358,2,6.379870732012066,0,2
22.336195984780446,5.652742660549795,3,1.4390822242501038,0,2
27.417242035680985,95.29346549251028,1,0.0026921236717249997,1,0
24.28036118608,108.90044191574117,1,0.20724359305067708,0,0
21.84273616337469,94.35109964478436,2,0.29666957410630346,0,0
32.057362550821196,113.57473901302973,2,0.27468256294890026,0,0
26.009103366115163,111.53030283913863,2,0.09996869782104412,0,0
27.43797709306837,101.97665815305277,1,0.34766858651776644,0,0
22.31337324819523,88.44306615607653,2,0.028069093649239818,1,0
20.468363223625264,99.62124423763734,3,0.01471267665151288,1,0
27.285652116332706,95.34948537087635,77,0.7812694786668395,0,4
20.04114537183728,96.82250945530096,3,0.3479431952495169,0,0
24.280657816685455,92.80709793955688,2,0.18620845742920622,0,0
23.301553150091628,93.15995816033069,3,0.5528767029100159,0,0
23.476458809176087,98.29382035968743,1,0.1411640027260468,0,0
-71.18852941110329,108.99221931138517,3,9.959695749237781,0,1
17.9202129404053,114.60660809801553,2,0.5105392275842746,0,0
29.0566591675,109.18290243882242,3,0.029323615029298367,1,0
24.734361016502564,103.04835460438994,2,0.5416840106479874,0,0
26.01433325184359,106.0259709173164,2,0.1209505792075447,0,0
27.196895960453546,88.34649722040572,77,4.600754973714341,0,4
24.433760089061288,110.85072711362037,3,0.27477727398698093,0,0
24.53173411893882,114.5107557525153,1,0.0,9,3
29.003867490477614,105.05082106352182,2,0.30405909277119036,0,0
297.3396842033544,103.97978127788619,3,372.1761617983252,0,1
18.88460243560525,91.84706090481097,2,0.5211661692547622,0,0
27.908889431859524,101.20980601726166,1,0.0,11,3
25.90913466829412,86.7217553106482,1,0.12002037804771604,0,0
22.436610125418447,90.81147826838681,9,6.177839220239434,0,4
22.176474482832653,102.42267997166977,3,0.15077989552974458,0,0
29.23430638938654,107.41234801387087,3,0.1503962039453448,0,0
17.66389068622656,103.8267424025219,2,0.05455072227867319,0,0
28.794098594542,112.0079233360621,2,0.23739934260620288,0,0
23.68407690357579,110.31638233692787,1,0.49800184529703273,0,0
25.57580805465561,85.73760749376405,1,0.30991583511482546,0,0
22.003157348785326,88.96806145295446,1,0.14145180664803192,0,0
30.93903400804035,85.26444499883418,2,0.3360106477236826,0,0
-56.04689977238749,101.94535306651454,1,215.7467313499731,0,1
23.99673907927042,89.3828969662396,1,0.152104018250796,0,0
259.3233270139118,111.6312769525693,2,65.17110203660508,0,1
23.496932384699686,105.68394907411798,2,0.08104901791386965,0,0
20.423360229162753,85.92473856098111,1,0.05339796573693434,0,0
27.96015124513464,90.73832113112191,3,0.11035144607662062,0,0
21.209155771167886,111.65797841311458,3,0.5282852709859398,0,0
22.644133291922447,87.30938401194899,2,0.1243646406712493,0,0
26.696611616328767,1.8091283829720446,2,0.4746351535274371,0,2
23.60888705876461,110.02433791002028,2,0.28544342227383623,0,0
25.09654416241878,106.51045112991824,77,0.7824871257209267,0,4
21.55210409590008,102.03922891948241,1,0.39297134766436415,0,0
29.457333226617656,96.09665876944375,2,0.3660212318815539,0,0
23.40715374793478,109.53466220698571,1,0.3644321422527632,0,0
25.48707218236601,95.79026683669204,3,0.4138369024926085,0,0
24.53173411893882,85.38216830011645,3,0.0,11,3
20.603486720490118,93.45564324320199,1,0.3773621791067221,0,0
22.633520901934475,108.93196790044642,1,0.15054210794450285,0,0
23.72617843099183,91.61835858133634,1,0.4936794843844581,0,0
24.693121449810217,95.01329791209393,1,0.03067810302339069,1,0
23.48495348246003,109.67968368131156,9,4.403747615720775,0,4
28.9268485955747,98.96010801818458,3,0.20163419431698415,0,0
26.112086528155423,108.5933446958327,99,0.4011604382928837,0,4
25.70335967438794,99.46052019330797,1,0.053220540672146655,0,0
21.307439963944503,114.37314814045463,3,0.03445539912220141,1,0
17.448668093075018,102.92239306510925,1,0.44866809307501754,0,0
22.903609128081953,98.62948455635173,99,0.37366043873875654,0,4
24.131356070223365,97.48482839218474,2,0.15562031431104373,0,0
26.00440840506811,93.94127568374068,1,0.2573699139415915,0,0
-67.8598245608562,105.24042524735557,1,4.266447990361115,0,1
27.32901861032799,101.44064491687405,1,0.4836992075196065,0,0
25.43935128170161,111.10074776560496,3,0.4645913465797378,0,0
23.03195807669478,100.83316627206631,1,0.5319580766947816,0,0
22.315091716791954,106.87520462648344,3,0.18819917619281057,0,0
-89.35413571978472,102.31840206911453,2,21.272712198315105,0,1
27.698297793564663,95.13267961396687,2,0.5776988662003966,0,0
31.441025815365265,112.08328143293635,1,0.1377251437875131,0,0
22.028848664937104,89.45520344931043,2,0.1728506718352314,0,0
20.872241388417226,7.518574253569441,1,8.330761317310255,0,2
24.31767538198558,96.46767743969214,99,0.7779579021969418,0,4
31.30968433524093,112.45529011559793,1,0.3178174718639788,0,0
20.812174912075474,93.74083218513233,2,0.06665948386274323,0,0
23.486248478791907,100.7549015100118,2,0.3822739827652484,0,0
22.49483586530782,95.27570522100288,2,0.0,26,3
24.356439284247838,102.85909797782467,3,0.33754126440248555,0,0
20.899070384673035,114.7016155031279,2,0.13800867203900324,0,0
27.305320210053623,109.86084826732005,99,2.7464259687112147,0,4
25.84796171229157,103.90056041856482,2,0.12516530378577428,0,0
22.387258923717088,109.73551209399787,2,0.1811660942622524,0,0
28.434606211417506,100.29955237940491,2,0.4207207338554717,0,0
283.97080775691506,98.5730348535265,1,87.18728528625138,0,1
32.17997944420912,90.38901479116423,1,0.5316585727651422,0,0
23.70755560795223,105.69463213986286,1,0.5652039067968637,0,0
32.14956865613919,87.97583590338635,3,0.2455032385600191,0,0
18.338692545603248,100.77070546908058,2,0.5812826168442626,0,0
-89.75893764620727,109.72608734686763,1,375.77029353209036,0,1
31.057934061089526,110.72763027287205,1,0.3451552136370033,0,0
20.0,109.08092216008065,1,0.0,1,0
20.0,86.40054459697821,3,0.380311648354013,0,0
31.32903683879879,110.86252257520694,1,0.29493860511997383,0,0
32.459326010198616,112.08703033490113,3,0.40196345937741995,0,0
30.507750049314932,100.0720838044038,2,0.5508527962456888,0,0
22.14923452773124,88.64154818267286,3,0.42930075757536557,0,0
26.132863938331298,109.41244886702643,42,5.957908463469607,0,4
21.678789010828464,85.28998800070546,1,0.9016499295386922,0,3
